# Blender 4.2.16 LTS
# www.blender.org
mtllib Armature.001Handle.mtl
o RenderMesh_116397251752763.003
v -0.171360 -1.087373 -0.088914
v -0.178779 -1.087373 -0.089142
v -0.179007 -1.087373 -0.081723
v -0.171588 -1.087373 -0.081495
v -0.172645 -3.199662 -0.082619
v -0.177885 -3.199662 -0.082780
v -0.177724 -3.199662 -0.088019
v -0.172484 -3.199662 -0.087858
v -0.218747 -1.068917 -0.122276
v -0.230479 -1.095044 -0.099714
v -0.230479 -1.068917 -0.099714
v -0.173430 -1.095044 -0.142408
v -0.198386 -1.068917 -0.137516
v -0.173429 -1.068917 -0.142408
v -0.210108 -1.045366 -0.114943
v -0.219515 -1.045366 -0.096854
v -0.148821 -1.095044 -0.135993
v -0.193785 -1.045366 -0.127158
v -0.194514 -1.029060 -0.101705
v -0.199721 -1.029060 -0.091691
v -0.175185 -1.023282 -0.085292
v -0.185478 -1.029060 -0.108465
v -0.175185 -1.023282 -0.085292
v -0.173777 -1.045366 -0.131085
v -0.174406 -1.029060 -0.110637
v -0.175185 -1.023282 -0.085292
v -0.154049 -1.045366 -0.125937
v -0.148821 -1.068917 -0.135993
v -0.163488 -1.029060 -0.107789
v -0.175185 -1.023282 -0.085292
v -0.138506 -1.045366 -0.112743
v -0.129433 -1.068917 -0.119532
v -0.129433 -1.095044 -0.119532
v -0.119109 -1.068917 -0.096292
v -0.154884 -1.029060 -0.100487
v -0.175185 -1.023282 -0.085292
v -0.150302 -1.029060 -0.090173
v -0.175185 -1.023282 -0.085292
v -0.130228 -1.045366 -0.094111
v -0.119890 -1.068917 -0.070873
v -0.119890 -1.095044 -0.070873
v -0.131622 -1.068917 -0.048307
v -0.140261 -1.045366 -0.055644
v -0.130854 -1.045366 -0.073733
v -0.155855 -1.029060 -0.068882
v -0.150648 -1.029060 -0.078893
v -0.175185 -1.023282 -0.085292
v -0.175185 -1.023282 -0.085292
v -0.289363 -1.204472 -0.206737
v -0.296603 -1.204472 0.028861
v -0.177100 -1.087161 -0.087356
v -0.177222 -1.087161 -0.083402
v -0.296603 -1.204472 0.028861
v -0.061004 -1.204473 0.036100
v -0.177222 -1.087161 -0.083402
v -0.173267 -1.087161 -0.083281
v -0.061004 -1.204473 0.036100
v -0.053765 -1.204472 -0.199498
v -0.173267 -1.087161 -0.083281
v -0.173146 -1.087161 -0.087235
v -0.053765 -1.204472 -0.199498
v -0.289363 -1.204472 -0.206737
v -0.173146 -1.087161 -0.087235
v -0.177100 -1.087161 -0.087356
v -0.176592 -1.045366 -0.039502
v -0.164891 -1.029060 -0.062119
v -0.175963 -1.029060 -0.059946
v -0.175185 -1.023282 -0.085292
v -0.196320 -1.045366 -0.044647
v -0.175185 -1.023282 -0.085292
v -0.186882 -1.029060 -0.062795
v -0.175185 -1.023282 -0.085292
v -0.195485 -1.029060 -0.070100
v -0.211863 -1.045366 -0.057844
v -0.176940 -1.068917 -0.028176
v -0.156584 -1.045366 -0.043426
v -0.175185 -1.023282 -0.085292
v -0.201548 -1.068917 -0.034594
v -0.151983 -1.068917 -0.033071
v -0.201548 -1.095044 -0.034594
v -0.176940 -1.095044 -0.028176
v -0.220936 -1.068917 -0.051052
v -0.231260 -1.068917 -0.074295
v -0.220936 -1.095044 -0.051052
v -0.211863 -1.118599 -0.057844
v -0.231260 -1.095044 -0.074295
v -0.194355 -3.213393 -0.048436
v -0.201854 -3.230533 -0.065340
v -0.190553 -3.230533 -0.055748
v -0.176461 -3.213393 -0.043769
v -0.215960 -3.213393 -0.077303
v -0.207872 -3.230533 -0.078888
v -0.215960 -3.194381 -0.077303
v -0.215392 -3.213393 -0.095787
v -0.215392 -3.194381 -0.095787
v -0.207417 -3.230533 -0.093705
v -0.207417 -3.177240 -0.093705
v -0.193006 -3.242398 -0.089947
v -0.207872 -3.177240 -0.078888
v -0.201854 -3.177240 -0.065340
v -0.193258 -3.242398 -0.081754
v -0.175185 -3.246593 -0.085299
v -0.189931 -3.242398 -0.074266
v -0.175185 -3.246593 -0.085299
v -0.193258 -3.165375 -0.081754
v -0.189931 -3.165375 -0.074266
v -0.175185 -3.161180 -0.085299
v -0.193006 -3.165375 -0.089947
v -0.175185 -3.161180 -0.085299
v -0.183683 -3.242398 -0.068959
v -0.175185 -3.246593 -0.085299
v -0.175751 -3.242398 -0.066892
v -0.175185 -3.246593 -0.085299
v -0.176208 -3.230533 -0.052005
v -0.167707 -3.242398 -0.068468
v -0.175185 -3.246593 -0.085299
v -0.161661 -3.230533 -0.054860
v -0.158315 -3.213393 -0.047328
v -0.158315 -3.194381 -0.047328
v -0.161144 -3.242398 -0.073381
v -0.175185 -3.246593 -0.085299
v -0.149792 -3.230533 -0.063741
v -0.143508 -3.194381 -0.058406
v -0.149792 -3.177240 -0.063741
v -0.143508 -3.213393 -0.058406
v -0.142953 -3.230533 -0.076893
v -0.134978 -3.194381 -0.074815
v -0.134978 -3.213393 -0.074815
v -0.175185 -3.246593 -0.085299
v -0.157364 -3.242398 -0.080651
v -0.134410 -3.213393 -0.093298
v -0.157112 -3.242398 -0.088845
v -0.175185 -3.246593 -0.085299
v -0.142498 -3.230533 -0.091710
v -0.148516 -3.230533 -0.105258
v -0.175185 -3.246593 -0.085299
v -0.160439 -3.242398 -0.096336
v -0.141917 -3.213393 -0.110197
v -0.134410 -3.194381 -0.093298
v -0.156016 -3.213393 -0.122166
v -0.142498 -3.177240 -0.091710
v -0.159817 -3.230533 -0.114851
v -0.141917 -3.194381 -0.110197
v -0.148516 -3.177240 -0.105258
v -0.156016 -3.194381 -0.122166
v -0.173909 -3.213393 -0.126833
v -0.173909 -3.194381 -0.126833
v -0.159817 -3.177240 -0.114851
v -0.174162 -3.177240 -0.118593
v -0.166687 -3.165375 -0.101640
v -0.188710 -3.177240 -0.115739
v -0.174619 -3.165375 -0.103710
v -0.175185 -3.161180 -0.085299
v -0.160439 -3.165375 -0.096336
v -0.175185 -3.161180 -0.085299
v -0.157112 -3.165375 -0.088845
v -0.175185 -3.161180 -0.085299
v -0.175185 -3.161180 -0.085299
v -0.182664 -3.165375 -0.102130
v -0.157364 -3.165375 -0.080651
v -0.175185 -3.161180 -0.085299
v -0.142953 -3.177240 -0.076893
v -0.161144 -3.165375 -0.073381
v -0.175185 -3.161180 -0.085299
v -0.189226 -3.165375 -0.097220
v -0.175185 -3.161180 -0.085299
v -0.175185 -3.161180 -0.085299
v -0.193006 -3.165375 -0.089947
v -0.207417 -3.177240 -0.093705
v -0.200578 -3.177240 -0.106858
v -0.215392 -3.194381 -0.095787
v -0.192055 -3.194381 -0.123274
v -0.206862 -3.194381 -0.112192
v -0.206862 -3.213393 -0.112192
v -0.215392 -3.213393 -0.095787
v -0.192055 -3.213393 -0.123274
v -0.200578 -3.230533 -0.106858
v -0.207417 -3.230533 -0.093705
v -0.193006 -3.242398 -0.089947
v -0.189226 -3.242398 -0.097220
v -0.175185 -3.246593 -0.085299
v -0.188710 -3.230533 -0.115739
v -0.182664 -3.242398 -0.102130
v -0.175185 -3.246593 -0.085299
v -0.174162 -3.230533 -0.118593
v -0.174619 -3.242398 -0.103710
v -0.175185 -3.246593 -0.085299
v -0.166687 -3.242398 -0.101640
v -0.175185 -3.246593 -0.085299
v -0.175185 -3.246593 -0.085299
v -0.177885 -3.199662 -0.082780
v -0.085816 -2.390637 -0.169359
v -0.091144 -2.390637 0.004046
v -0.172484 -3.199662 -0.087858
v -0.264553 -2.390637 -0.001282
v -0.259224 -2.390637 -0.174687
v -0.172645 -3.199662 -0.082619
v -0.259224 -2.390637 -0.174687
v -0.085816 -2.390637 -0.169359
v -0.177724 -3.199662 -0.088019
v -0.091144 -2.390637 0.004046
v -0.264553 -2.390637 -0.001282
v -0.172838 -2.293971 -0.082823
v -0.177680 -2.293971 -0.082972
v -0.177531 -2.293971 -0.087814
v -0.172689 -2.293971 -0.087665
v -0.176242 -2.303776 -0.084324
v -0.178028 -2.300346 -0.082645
v -0.176179 -2.303776 -0.086380
v -0.177858 -2.300346 -0.088162
v -0.174189 -2.303776 -0.084261
v -0.172510 -2.300346 -0.082475
v -0.176242 -2.303776 -0.084324
v -0.178028 -2.300346 -0.082645
v -0.174126 -2.303776 -0.086317
v -0.172510 -2.300346 -0.082475
v -0.174189 -2.303776 -0.084261
v -0.172341 -2.300346 -0.087993
v -0.176179 -2.303776 -0.086380
v -0.177858 -2.300346 -0.088162
v -0.174126 -2.303776 -0.086317
v -0.172341 -2.300346 -0.087993
v -0.176208 -2.325691 -0.052005
v -0.175750 -2.337559 -0.066892
v -0.167706 -2.337559 -0.068468
v -0.175185 -2.341754 -0.085299
v -0.149792 -2.325691 -0.063740
v -0.161144 -2.337559 -0.073381
v -0.175185 -2.341754 -0.085299
v -0.183683 -2.337559 -0.068959
v -0.190553 -2.325691 -0.055747
v -0.175185 -2.341754 -0.085299
v -0.157364 -2.337559 -0.080651
v -0.175185 -2.341754 -0.085299
v -0.142953 -2.325691 -0.076893
v -0.134978 -2.308550 -0.074815
v -0.157112 -2.337559 -0.088844
v -0.175185 -2.341754 -0.085299
v -0.142498 -2.325691 -0.091710
v -0.134410 -2.308550 -0.093298
v -0.148516 -2.325691 -0.105258
v -0.175185 -2.341754 -0.085299
v -0.160439 -2.337559 -0.096336
v -0.141916 -2.308550 -0.110196
v -0.134410 -2.289541 -0.093298
v -0.156015 -2.308550 -0.122166
v -0.141916 -2.289541 -0.110196
v -0.148516 -2.272401 -0.105258
v -0.159817 -2.325691 -0.114854
v -0.166687 -2.337559 -0.101639
v -0.175185 -2.341754 -0.085299
v -0.173909 -2.308550 -0.126833
v -0.156015 -2.289541 -0.122166
v -0.173909 -2.289541 -0.126833
v -0.159817 -2.272401 -0.114854
v -0.166687 -2.260532 -0.101639
v -0.160439 -2.260532 -0.096336
v -0.175185 -2.256338 -0.085299
v -0.174162 -2.272401 -0.118593
v -0.174619 -2.260532 -0.103710
v -0.175185 -2.256338 -0.085299
v -0.188709 -2.272401 -0.115742
v -0.175185 -2.256338 -0.085299
v -0.182663 -2.260532 -0.102130
v -0.192055 -2.289541 -0.123273
v -0.189225 -2.260532 -0.097220
v -0.175185 -2.256338 -0.085299
v -0.175185 -2.256338 -0.085299
v -0.193006 -2.260532 -0.089947
v -0.207417 -2.272401 -0.093705
v -0.200578 -2.272401 -0.106857
v -0.215391 -2.289541 -0.095787
v -0.206862 -2.289541 -0.112192
v -0.206862 -2.308550 -0.112192
v -0.215391 -2.308550 -0.095787
v -0.192055 -2.308550 -0.123273
v -0.200578 -2.325691 -0.106858
v -0.207417 -2.325691 -0.093705
v -0.193006 -2.337559 -0.089947
v -0.188709 -2.325691 -0.115738
v -0.189225 -2.337559 -0.097220
v -0.175185 -2.341754 -0.085299
v -0.174162 -2.325691 -0.118593
v -0.182663 -2.337559 -0.102130
v -0.175185 -2.341754 -0.085299
v -0.174619 -2.337559 -0.103710
v -0.175185 -2.341754 -0.085299
v -0.175185 -2.341754 -0.085299
v -0.175185 -2.256338 -0.085299
v -0.193006 -2.260532 -0.089947
v -0.193258 -2.260532 -0.081754
v -0.207417 -2.272401 -0.093705
v -0.175185 -2.256338 -0.085299
v -0.189931 -2.260532 -0.074266
v -0.201854 -2.272401 -0.065340
v -0.207872 -2.272401 -0.078888
v -0.215959 -2.289541 -0.077303
v -0.215391 -2.289541 -0.095787
v -0.215391 -2.308550 -0.095787
v -0.208453 -2.289541 -0.060401
v -0.194354 -2.289541 -0.048435
v -0.215959 -2.308550 -0.077303
v -0.208453 -2.308550 -0.060401
v -0.194354 -2.308550 -0.048435
v -0.201854 -2.325691 -0.065340
v -0.207872 -2.325691 -0.078888
v -0.207417 -2.325691 -0.093705
v -0.193006 -2.337559 -0.089947
v -0.189931 -2.337559 -0.074266
v -0.175185 -2.341754 -0.085299
v -0.193258 -2.337559 -0.081754
v -0.175185 -2.341754 -0.085299
v -0.175185 -2.341754 -0.085299
v -0.176592 -2.261745 -0.039503
v -0.164891 -2.245440 -0.062119
v -0.175964 -2.245440 -0.059947
v -0.175185 -2.239661 -0.085292
v -0.175185 -2.239661 -0.085292
v -0.155856 -2.245440 -0.068883
v -0.186882 -2.245440 -0.062795
v -0.175185 -2.239661 -0.085292
v -0.156585 -2.261745 -0.043426
v -0.140261 -2.261745 -0.055644
v -0.176940 -2.285297 -0.028176
v -0.196320 -2.261745 -0.044647
v -0.211863 -2.261745 -0.057844
v -0.151984 -2.285297 -0.033071
v -0.201549 -2.285297 -0.034594
v -0.201549 -2.311426 -0.034594
v -0.195485 -2.245440 -0.070100
v -0.175185 -2.239661 -0.085292
v -0.220936 -2.285297 -0.051052
v -0.231261 -2.285297 -0.074293
v -0.220142 -2.261745 -0.076474
v -0.200068 -2.245440 -0.080412
v -0.175185 -2.239661 -0.085292
v -0.199721 -2.245440 -0.091692
v -0.175185 -2.239661 -0.085292
v -0.219516 -2.261745 -0.096855
v -0.230480 -2.285297 -0.099714
v -0.230480 -2.311426 -0.099714
v -0.231261 -2.311426 -0.074293
v -0.220936 -2.311426 -0.051052
v -0.220142 -2.334978 -0.076474
v -0.219516 -2.334978 -0.096855
v -0.211863 -2.334978 -0.057844
v -0.199721 -2.351283 -0.091692
v -0.200068 -2.351283 -0.080412
v -0.175185 -2.357062 -0.085292
v -0.195485 -2.351283 -0.070100
v -0.175185 -2.357062 -0.085292
v -0.186882 -2.351283 -0.062795
v -0.175185 -2.357062 -0.085292
v -0.196320 -2.334978 -0.044647
v -0.175964 -2.351283 -0.059947
v -0.175185 -2.357062 -0.085292
v -0.176940 -2.311426 -0.028176
v -0.176592 -2.334978 -0.039503
v -0.164891 -2.351283 -0.062119
v -0.175185 -2.357062 -0.085292
v -0.156585 -2.334978 -0.043426
v -0.151984 -2.311426 -0.033071
v -0.155856 -2.351283 -0.068883
v -0.175185 -2.357062 -0.085292
v -0.140261 -2.334978 -0.055644
v -0.131622 -2.311426 -0.048308
v -0.131622 -2.285297 -0.048308
v -0.119890 -2.285297 -0.070874
v -0.119890 -2.311426 -0.070874
v -0.130854 -2.334978 -0.073730
v -0.150649 -2.351283 -0.078893
v -0.175185 -2.357062 -0.085292
v -0.130228 -2.334978 -0.094111
v -0.175185 -2.357062 -0.085292
v -0.150302 -2.351283 -0.090173
v -0.154885 -2.351283 -0.100488
v -0.175185 -2.357062 -0.085292
v -0.119109 -2.311426 -0.096292
v -0.138507 -2.334978 -0.112744
v -0.175185 -2.357062 -0.085292
v -0.163488 -2.351283 -0.107790
v -0.154050 -2.334978 -0.125938
v -0.129434 -2.311426 -0.119532
v -0.119109 -2.285297 -0.096292
v -0.148821 -2.311426 -0.135990
v -0.129434 -2.285297 -0.119532
v -0.130228 -2.261745 -0.094111
v -0.174406 -2.351283 -0.110638
v -0.175185 -2.357062 -0.085292
v -0.173778 -2.334978 -0.131085
v -0.138507 -2.261745 -0.112744
v -0.173430 -2.311426 -0.142408
v -0.193785 -2.334978 -0.127159
v -0.175185 -2.357062 -0.085292
v -0.185479 -2.351283 -0.108465
v -0.148821 -2.285297 -0.135990
v -0.194514 -2.351283 -0.101705
v -0.175185 -2.357062 -0.085292
v -0.210109 -2.334978 -0.114944
v -0.175185 -2.357062 -0.085292
v -0.199721 -2.351283 -0.091692
v -0.219516 -2.334978 -0.096855
v -0.230480 -2.311426 -0.099714
v -0.218748 -2.311426 -0.122277
v -0.198386 -2.311426 -0.137513
v -0.218748 -2.285297 -0.122277
v -0.230480 -2.285297 -0.099714
v -0.198386 -2.285297 -0.137513
v -0.210109 -2.261745 -0.114944
v -0.219516 -2.261745 -0.096855
v -0.199721 -2.245440 -0.091692
v -0.194514 -2.245440 -0.101705
v -0.175185 -2.239661 -0.085292
v -0.185479 -2.245440 -0.108465
v -0.175185 -2.239661 -0.085292
v -0.193785 -2.261745 -0.127158
v -0.173430 -2.285297 -0.142408
v -0.173778 -2.261745 -0.131085
v -0.174406 -2.245440 -0.110638
v -0.175185 -2.239661 -0.085292
v -0.154050 -2.261745 -0.125938
v -0.163488 -2.245440 -0.107790
v -0.175185 -2.239661 -0.085292
v -0.154885 -2.245440 -0.100488
v -0.175185 -2.239661 -0.085292
v -0.150302 -2.245440 -0.090173
v -0.175185 -2.239661 -0.085292
v -0.130854 -2.261745 -0.073730
v -0.150649 -2.245440 -0.078893
v -0.175185 -2.239661 -0.085292
v -0.175185 -2.239661 -0.085292
v -0.177680 -2.293971 -0.082972
v -0.053765 -1.204472 -0.199498
v -0.061004 -1.204473 0.036100
v -0.172689 -2.293971 -0.087665
v -0.296603 -1.204472 0.028861
v -0.289363 -1.204472 -0.206737
v -0.172838 -2.293971 -0.082823
v -0.289363 -1.204472 -0.206737
v -0.053765 -1.204472 -0.199498
v -0.177531 -2.293971 -0.087814
v -0.061004 -1.204473 0.036100
v -0.296603 -1.204472 0.028861
v -0.177858 -2.303991 -0.088162
v -0.177858 -2.300346 -0.088162
v -0.178028 -2.303991 -0.082645
v -0.178028 -2.300346 -0.082645
v -0.178028 -2.303991 -0.082645
v -0.178028 -2.300346 -0.082645
v -0.172510 -2.303991 -0.082475
v -0.172510 -2.300346 -0.082475
v -0.172510 -2.303991 -0.082475
v -0.172510 -2.300346 -0.082475
v -0.172341 -2.303991 -0.087993
v -0.172341 -2.300346 -0.087993
v -0.172341 -2.303991 -0.087993
v -0.172341 -2.300346 -0.087993
v -0.177858 -2.303991 -0.088162
v -0.177858 -2.300346 -0.088162
v -0.178779 -1.083732 -0.089142
v -0.179007 -1.087373 -0.081723
v -0.178779 -1.087373 -0.089142
v -0.179007 -1.083732 -0.081723
v -0.179007 -1.083732 -0.081723
v -0.171588 -1.087373 -0.081495
v -0.179007 -1.087373 -0.081723
v -0.171588 -1.083732 -0.081495
v -0.171588 -1.083732 -0.081495
v -0.171360 -1.087373 -0.088914
v -0.171588 -1.087373 -0.081495
v -0.171360 -1.083732 -0.088914
v -0.171360 -1.083732 -0.088914
v -0.178779 -1.087373 -0.089142
v -0.171360 -1.087373 -0.088914
v -0.178779 -1.083732 -0.089142
v -0.176208 -2.272401 -0.052008
v -0.167706 -2.260532 -0.068468
v -0.175750 -2.260532 -0.066892
v -0.175185 -2.256338 -0.085299
v -0.161660 -2.272401 -0.054860
v -0.175185 -2.256338 -0.085299
v -0.161144 -2.260532 -0.073381
v -0.176461 -2.289541 -0.043768
v -0.190553 -2.272401 -0.055747
v -0.183683 -2.260532 -0.068959
v -0.175185 -2.256338 -0.085299
v -0.149792 -2.272401 -0.063740
v -0.175185 -2.256338 -0.085299
v -0.157364 -2.260532 -0.080651
v -0.175185 -2.256338 -0.085299
v -0.158315 -2.289541 -0.047328
v -0.142953 -2.272401 -0.076893
v -0.134978 -2.289541 -0.074815
v -0.142498 -2.272401 -0.091710
v -0.175185 -2.256338 -0.085299
v -0.157112 -2.260532 -0.088844
v -0.175185 -2.256338 -0.085299
v -0.143508 -2.289541 -0.058406
v -0.143508 -2.308550 -0.058406
v -0.158315 -2.308550 -0.047328
v -0.176461 -2.308550 -0.043768
v -0.161660 -2.325691 -0.054860
v -0.259224 -2.390637 -0.174687
v -0.264553 -2.390637 -0.001282
v -0.176179 -2.303776 -0.086380
v -0.176242 -2.303776 -0.084324
v -0.264553 -2.390637 -0.001282
v -0.091144 -2.390637 0.004046
v -0.176242 -2.303776 -0.084324
v -0.174189 -2.303776 -0.084261
v -0.091144 -2.390637 0.004046
v -0.174126 -2.303776 -0.086317
v -0.174189 -2.303776 -0.084261
v -0.085816 -2.390637 -0.169359
v -0.085816 -2.390637 -0.169359
v -0.259224 -2.390637 -0.174687
v -0.174126 -2.303776 -0.086317
v -0.176179 -2.303776 -0.086380
v -0.172341 -2.303991 -0.087993
v -0.177858 -2.303991 -0.088162
v -0.178028 -2.303991 -0.082645
v -0.172510 -2.303991 -0.082475
v -0.176208 -3.177240 -0.052005
v -0.167707 -3.165375 -0.068468
v -0.175751 -3.165375 -0.066892
v -0.175185 -3.161180 -0.085299
v -0.175185 -3.161180 -0.085299
v -0.183683 -3.165375 -0.068959
v -0.175185 -3.161180 -0.085299
v -0.161661 -3.177240 -0.054860
v -0.176461 -3.194381 -0.043769
v -0.190553 -3.177240 -0.055748
v -0.175185 -3.161180 -0.085299
v -0.194355 -3.194381 -0.048436
v -0.208454 -3.194381 -0.060402
v -0.208454 -3.213393 -0.060402
v -0.177100 -1.087161 -0.087356
v -0.177222 -1.087161 -0.083402
v -0.179007 -1.083732 -0.081723
v -0.178779 -1.083732 -0.089142
v -0.177222 -1.087161 -0.083402
v -0.173267 -1.087161 -0.083281
v -0.171588 -1.083732 -0.081495
v -0.179007 -1.083732 -0.081723
v -0.173267 -1.087161 -0.083281
v -0.173146 -1.087161 -0.087235
v -0.171360 -1.083732 -0.088914
v -0.171588 -1.083732 -0.081495
v -0.173146 -1.087161 -0.087235
v -0.177100 -1.087161 -0.087356
v -0.178779 -1.083732 -0.089142
v -0.171360 -1.083732 -0.088914
v -0.230479 -1.095044 -0.099714
v -0.219515 -1.118599 -0.096854
v -0.230479 -1.068917 -0.099714
v -0.220141 -1.118599 -0.076476
v -0.199721 -1.134901 -0.091691
v -0.220141 -1.045366 -0.076476
v -0.219515 -1.045366 -0.096854
v -0.200068 -1.134901 -0.080411
v -0.175185 -1.140683 -0.085292
v -0.195485 -1.134901 -0.070100
v -0.175185 -1.140683 -0.085292
v -0.200068 -1.029060 -0.080411
v -0.199721 -1.029060 -0.091691
v -0.175185 -1.023282 -0.085292
v -0.175185 -1.023282 -0.085292
v -0.186882 -1.134901 -0.062795
v -0.175185 -1.140683 -0.085292
v -0.196320 -1.118599 -0.044647
v -0.175963 -1.134901 -0.059946
v -0.175185 -1.140683 -0.085292
v -0.176592 -1.118599 -0.039502
v -0.164891 -1.134901 -0.062119
v -0.175185 -1.140683 -0.085292
v -0.156584 -1.118599 -0.043426
v -0.151983 -1.095044 -0.033071
v -0.140261 -1.118599 -0.055644
v -0.131622 -1.095044 -0.048307
v -0.155855 -1.134901 -0.068882
v -0.175185 -1.140683 -0.085292
v -0.130854 -1.118599 -0.073733
v -0.150648 -1.134901 -0.078893
v -0.175185 -1.140683 -0.085292
v -0.130228 -1.118599 -0.094111
v -0.150302 -1.134901 -0.090173
v -0.175185 -1.140683 -0.085292
v -0.119109 -1.095044 -0.096292
v -0.138506 -1.118599 -0.112743
v -0.175185 -1.140683 -0.085292
v -0.154884 -1.134901 -0.100487
v -0.163488 -1.134901 -0.107789
v -0.175185 -1.140683 -0.085292
v -0.154049 -1.118599 -0.125937
v -0.174406 -1.134901 -0.110638
v -0.175185 -1.140683 -0.085292
v -0.173777 -1.118599 -0.131085
v -0.193785 -1.118599 -0.127158
v -0.175185 -1.140683 -0.085292
v -0.185478 -1.134901 -0.108465
v -0.194514 -1.134901 -0.101705
v -0.175185 -1.140683 -0.085292
v -0.175185 -1.140683 -0.085292
v -0.199721 -1.134901 -0.091691
v -0.219515 -1.118599 -0.096854
v -0.210108 -1.118599 -0.114943
v -0.198386 -1.095044 -0.137516
v -0.218747 -1.095044 -0.122276
vn -0.0000 1.0000 -0.0000
vn -0.0000 -1.0000 -0.0000
vn -0.7444 0.2158 -0.6319
vn -0.9448 -0.2157 -0.2464
vn -0.9448 0.2158 -0.2465
vn 0.0300 -0.2158 -0.9760
vn -0.3964 0.2158 -0.8924
vn 0.0300 0.2158 -0.9760
vn -0.9448 0.2158 -0.2464
vn -0.6050 0.6084 -0.5136
vn -0.6050 0.6084 -0.5137
vn -0.3965 0.2158 -0.8923
vn -0.7443 0.2159 -0.6320
vn -0.7679 0.6084 -0.2003
vn 0.4504 -0.2158 -0.8663
vn -0.3222 0.6084 -0.7253
vn -0.3964 0.2158 -0.8923
vn -0.3497 0.8886 -0.2969
vn -0.7679 0.6085 -0.2003
vn -0.3222 0.6084 -0.7252
vn -0.6049 0.6085 -0.5136
vn -0.4439 0.8886 -0.1158
vn -0.0001 1.0000 -0.0000
vn -0.3496 0.8886 -0.2968
vn -0.4438 0.8886 -0.1158
vn -0.3222 0.6085 -0.7252
vn -0.1863 0.8886 -0.4192
vn -0.1862 0.8886 -0.4192
vn -0.3496 0.8886 -0.2969
vn 0.0244 0.6084 -0.7933
vn 0.0244 0.6085 -0.7932
vn 0.0141 0.8886 -0.4585
vn -0.1862 0.8886 -0.4191
vn 0.3661 0.6084 -0.7041
vn 0.0244 0.6084 -0.7932
vn 0.3661 0.6085 -0.7041
vn 0.4505 0.2158 -0.8663
vn 0.4504 0.2158 -0.8663
vn 0.2116 0.8886 -0.4070
vn 0.2116 0.8886 -0.4069
vn 0.6354 0.6084 -0.4756
vn 0.3662 0.6084 -0.7041
vn 0.2117 0.8886 -0.4070
vn 0.6354 0.6084 -0.4755
vn 0.7817 0.2158 -0.5851
vn 0.4505 -0.2158 -0.8663
vn 0.7817 -0.2158 -0.5851
vn 0.9582 0.2157 -0.1880
vn 0.7818 -0.2158 -0.5851
vn 0.7818 0.2158 -0.5850
vn 0.9582 0.2158 -0.1880
vn 0.7817 0.2159 -0.5850
vn 0.6354 0.6085 -0.4755
vn 0.3672 0.8886 -0.2749
vn 0.3672 0.8886 -0.2748
vn 0.4502 0.8886 -0.0883
vn 0.3673 0.8886 -0.2748
vn 0.4501 0.8886 -0.0883
vn 0.7788 0.6084 -0.1528
vn 0.7787 0.6085 -0.1528
vn 0.7788 0.6084 -0.1527
vn 0.9448 0.2158 0.2464
vn 0.9582 0.2158 -0.1879
vn 0.9449 -0.2157 0.2464
vn 0.9449 0.2157 0.2464
vn 0.7444 0.2157 0.6319
vn 0.9448 -0.2157 0.2464
vn 0.9448 0.2158 0.2465
vn 0.6050 0.6084 0.5136
vn 0.7444 0.2158 0.6319
vn 0.7679 0.6084 0.2003
vn 0.7679 0.6085 0.2003
vn 0.3497 0.8886 0.2969
vn 0.7788 0.6085 -0.1527
vn 0.4439 0.8886 0.1157
vn 0.7679 0.6085 0.2002
vn 0.4439 0.8886 0.1158
vn 0.0001 1.0000 -0.0000
vn 0.4438 0.8886 0.1158
vn 0.3497 0.8886 0.2968
vn -0.7111 0.7027 -0.0219
vn -0.0219 0.7027 0.7111
vn 0.7111 0.7027 0.0219
vn 0.0219 0.7027 -0.7111
vn -0.0243 0.6085 0.7932
vn 0.1862 0.8886 0.4193
vn -0.0141 0.8886 0.4585
vn 0.1862 0.8886 0.4191
vn -0.3661 0.6085 0.7041
vn -0.0244 0.6084 0.7932
vn -0.2116 0.8886 0.4069
vn -0.2116 0.8886 0.4070
vn -0.0000 1.0000 0.0001
vn -0.3672 0.8886 0.2748
vn -0.2117 0.8886 0.4070
vn -0.6353 0.6085 0.4755
vn -0.3673 0.8886 0.2749
vn -0.3661 0.6084 0.7041
vn -0.0300 0.2158 0.9760
vn 0.1863 0.8886 0.4192
vn 0.3222 0.6084 0.7253
vn -0.0244 0.6084 0.7933
vn 0.3222 0.6085 0.7252
vn 0.3496 0.8886 0.2969
vn 0.6049 0.6085 0.5136
vn -0.6354 0.6084 0.4756
vn -0.4505 0.2158 0.8663
vn -0.3662 0.6084 0.7041
vn -0.0299 0.2158 0.9760
vn 0.3964 0.2158 0.8923
vn 0.3965 0.2158 0.8923
vn 0.6049 0.6084 0.5137
vn -0.4505 -0.2157 0.8663
vn -0.4505 0.2157 0.8663
vn -0.0300 -0.2158 0.9760
vn 0.3964 0.2158 0.8924
vn -0.0300 0.2157 0.9760
vn -0.4504 -0.2158 0.8663
vn -0.0300 -0.2157 0.9760
vn 0.6050 0.6084 0.5137
vn 0.7443 0.2158 0.6320
vn -0.6354 0.6084 0.4755
vn -0.7817 0.2158 0.5851
vn -0.7817 0.2157 0.5851
vn -0.9582 0.2158 0.1880
vn -0.7818 0.2158 0.5850
vn -0.4505 -0.2158 0.8663
vn -0.7817 -0.2158 0.5851
vn -0.9582 0.2157 0.1880
vn -0.7818 -0.2157 0.5851
vn -0.6354 -0.6084 0.4755
vn -0.9582 -0.2158 0.1880
vn -0.7818 -0.2158 0.5850
vn -0.6354 -0.6084 0.4756
vn -0.3662 -0.6084 0.7041
vn -0.3661 -0.6084 0.7041
vn -0.7788 -0.6084 0.1528
vn -0.9582 0.2157 0.1879
vn -0.9449 -0.2157 -0.2464
vn -0.9582 -0.2157 0.1879
vn -0.9449 -0.2158 -0.2464
vn -0.7788 -0.6084 0.1527
vn -0.9582 -0.2158 0.1879
vn -0.9449 0.2157 -0.2464
vn -0.9448 -0.2158 -0.2464
vn -0.7680 -0.6084 -0.2003
vn -0.9582 0.2158 0.1879
vn -0.7680 0.6084 -0.2003
vn -0.4438 -0.8886 -0.1157
vn -0.7679 -0.6084 -0.2002
vn -0.7788 0.6084 0.1527
vn -0.7788 0.6084 0.1528
vn -0.4501 -0.8886 0.0883
vn -0.4500 -0.8887 0.0883
vn -0.3672 -0.8886 0.2748
vn -0.3671 -0.8886 0.2748
vn -0.4501 0.8886 0.0883
vn -0.7679 0.6084 -0.2002
vn -0.4500 0.8887 0.0883
vn -0.3672 0.8886 0.2747
vn -0.4438 0.8886 -0.1157
vn -0.4437 0.8887 -0.1157
vn -0.4500 0.8886 0.0882
vn -0.2116 -0.8886 0.4069
vn -0.3671 -0.8887 0.2748
vn -0.2116 -0.8887 0.4068
vn -0.6353 -0.6084 0.4756
vn -0.3661 -0.6085 0.7041
vn -0.0141 -0.8886 0.4585
vn -0.2115 -0.8887 0.4069
vn -0.0141 -0.8887 0.4583
vn -0.0244 -0.6084 0.7932
vn -0.0141 -0.8886 0.4584
vn -0.0244 -0.6084 0.7933
vn -0.0243 -0.6084 0.7932
vn 0.1862 -0.8886 0.4192
vn 0.1862 -0.8887 0.4191
vn 0.3222 -0.6084 0.7253
vn -0.0243 -0.6084 0.7933
vn 0.1862 -0.8886 0.4191
vn 0.3964 -0.2158 0.8924
vn 0.3964 0.2157 0.8924
vn 0.3964 -0.2157 0.8924
vn 0.3496 -0.8886 0.2969
vn 0.3222 -0.6085 0.7252
vn 0.3496 -0.8887 0.2968
vn 0.6050 -0.6084 0.5137
vn 0.3965 -0.2158 0.8923
vn 0.3223 -0.6084 0.7253
vn 0.3223 -0.6084 0.7252
vn 0.6049 -0.6084 0.5137
vn 0.3965 -0.2157 0.8924
vn 0.7443 0.2157 0.6320
vn 0.3965 0.2157 0.8923
vn 0.7443 -0.2158 0.6320
vn 0.7444 0.2157 0.6320
vn 0.3965 -0.2157 0.8923
vn 0.7444 -0.2157 0.6320
vn 0.3496 -0.8886 0.2968
vn 0.7679 -0.6084 0.2003
vn 0.6050 -0.6084 0.5136
vn 0.7444 -0.2157 0.6319
vn 0.9448 0.2157 0.2464
vn 0.9448 -0.2158 0.2465
vn 0.7444 -0.2158 0.6320
vn 0.9448 0.2157 0.2465
vn 0.7680 -0.6084 0.2003
vn 0.4437 -0.8887 0.1157
vn 0.3497 -0.8886 0.2968
vn 0.4438 -0.8886 0.1158
vn 0.7680 -0.6084 0.2002
vn 0.9582 -0.2158 -0.1879
vn 0.9448 -0.2158 0.2464
vn 0.9582 -0.2157 -0.1879
vn 0.4501 -0.8886 -0.0883
vn 0.4438 -0.8886 0.1157
vn 0.4500 -0.8887 -0.0883
vn 0.7679 -0.6084 0.2002
vn 0.4501 -0.8886 -0.0882
vn 0.7788 -0.6084 -0.1527
vn 0.6354 -0.6084 -0.4755
vn 0.7788 -0.6084 -0.1528
vn 0.9582 -0.2158 -0.1880
vn 0.4500 -0.8886 -0.0883
vn 0.0001 -1.0000 -0.0000
vn 0.3671 -0.8887 -0.2748
vn 0.3672 -0.8886 -0.2748
vn 0.7818 -0.2158 -0.5850
vn 0.9582 0.2157 -0.1879
vn 0.7818 -0.2157 -0.5851
vn 0.9582 -0.2157 -0.1880
vn 0.6354 -0.6084 -0.4756
vn 0.4505 -0.2157 -0.8663
vn 0.3661 -0.6085 -0.7041
vn 0.3662 -0.6084 -0.7041
vn 0.7818 0.2157 -0.5850
vn 0.7818 0.2157 -0.5851
vn 0.7817 -0.2157 -0.5851
vn 0.7817 0.2157 -0.5851
vn 0.4505 0.2157 -0.8663
vn 0.3661 -0.6084 -0.7042
vn 0.4504 -0.2157 -0.8664
vn 0.0300 0.2157 -0.9760
vn 0.4505 0.2157 -0.8664
vn 0.0300 -0.2157 -0.9760
vn 0.3661 0.6084 -0.7042
vn 0.0299 0.2157 -0.9760
vn 0.0243 0.6084 -0.7933
vn 0.0141 0.8886 -0.4584
vn 0.0140 0.8886 -0.4584
vn 0.0243 0.6084 -0.7932
vn -0.0000 1.0000 -0.0001
vn 0.2116 0.8887 -0.4069
vn 0.0141 0.8887 -0.4583
vn 0.3671 0.8887 -0.2748
vn 0.2116 0.8886 -0.4068
vn 0.4500 0.8886 -0.0883
vn -0.1862 0.8887 -0.4191
vn 0.4438 0.8886 0.1157
vn 0.4437 0.8887 0.1157
vn 0.4500 0.8886 -0.0882
vn 0.7679 0.6084 0.2002
vn 0.9449 0.2158 0.2464
vn 0.7680 0.6084 0.2003
vn 0.3496 0.8887 0.2968
vn 0.4437 0.8886 0.1158
vn -0.3496 0.8887 -0.2968
vn -0.4437 0.8886 -0.1157
vn -0.3965 0.2157 -0.8923
vn -0.7443 0.2158 -0.6320
vn -0.3964 0.2157 -0.8924
vn -0.7444 -0.2157 -0.6320
vn -0.9448 0.2157 -0.2465
vn -0.7444 0.2157 -0.6320
vn -0.9448 0.2157 -0.2464
vn -0.7444 -0.2157 -0.6319
vn -0.3965 -0.2157 -0.8923
vn -0.7443 0.2157 -0.6320
vn -0.3964 -0.2157 -0.8924
vn -0.6050 -0.6084 -0.5136
vn -0.9448 -0.2158 -0.2465
vn -0.7444 -0.2158 -0.6319
vn -0.6050 -0.6084 -0.5137
vn -0.7443 -0.2158 -0.6320
vn -0.7679 -0.6084 -0.2003
vn -0.4438 -0.8886 -0.1158
vn -0.3497 -0.8886 -0.2968
vn -0.3496 -0.8887 -0.2968
vn -0.4437 -0.8886 -0.1157
vn -0.3964 -0.2158 -0.8923
vn -0.3223 -0.6084 -0.7253
vn -0.3222 -0.6084 -0.7253
vn -0.3964 -0.2158 -0.8924
vn -0.1863 -0.8886 -0.4191
vn -0.3496 -0.8886 -0.2969
vn -0.1862 -0.8886 -0.4192
vn -0.3222 -0.6084 -0.7252
vn -0.1862 -0.8886 -0.4191
vn -0.0000 -1.0000 -0.0001
vn -0.3496 -0.8886 -0.2968
vn 0.0243 -0.6084 -0.7933
vn 0.0244 -0.6084 -0.7933
vn 0.0141 -0.8886 -0.4584
vn 0.0243 -0.6084 -0.7932
vn -0.1862 -0.8887 -0.4191
vn 0.2116 -0.8886 -0.4069
vn 0.0244 -0.6084 -0.7932
vn 0.2116 -0.8887 -0.4069
vn 0.0141 -0.8887 -0.4583
vn 0.9935 -0.1098 0.0305
vn -0.9935 -0.1098 -0.0305
vn 0.0305 -0.1098 -0.9935
vn -0.0305 -0.1098 0.9935
vn -0.8921 -0.4510 -0.0274
vn -0.8923 -0.4507 -0.0274
vn -0.0274 -0.4507 0.8923
vn 0.8921 -0.4510 0.0274
vn 0.8923 -0.4507 0.0274
vn 0.0274 -0.4507 -0.8922
vn 0.9449 -0.2158 0.2464
vn 0.7818 -0.2157 -0.5850
vn 0.3661 -0.6084 -0.7041
vn 0.3672 -0.8886 -0.2749
vn 0.6353 0.6084 -0.4755
vn -0.1863 0.8886 -0.4191
vn -0.3497 0.8886 -0.2968
vn -0.3223 0.6084 -0.7253
vn -0.7444 0.2158 -0.6320
vn -0.3223 -0.6084 -0.7252
vn 0.0140 -0.8886 -0.4585
vn -0.3671 0.8887 0.2748
vn -0.7818 0.2158 0.5851
vn -0.9582 -0.2157 0.1880
vn -0.7818 0.2157 0.5850
vn -0.7817 -0.2157 0.5851
vn -0.7818 -0.2157 0.5850
vn -0.6353 -0.6084 0.4755
vn -0.2116 -0.8887 0.4069
vn -0.0244 0.6085 0.7932
vn 0.1862 0.8886 0.4192
vn 0.6049 0.6085 0.5137
vn 0.3964 0.2159 0.8923
vn -0.4504 0.2158 0.8663
vn -0.7787 0.6084 0.1528
vn -0.6354 0.6085 0.4755
vn -0.7787 0.6085 0.1528
vn -0.4502 0.8886 0.0883
vn -0.4439 0.8886 -0.1157
vn -0.7788 0.6085 0.1527
vn -0.7818 -0.2158 0.5851
vn -0.4439 -0.8886 -0.1157
vn -0.7788 -0.6085 0.1527
vn -0.7679 -0.6085 -0.2003
vn -0.4502 -0.8886 0.0883
vn -0.3673 -0.8886 0.2749
vn -0.7787 -0.6085 0.1528
vn -0.7787 -0.6084 0.1528
vn -0.6354 -0.6085 0.4755
vn -0.0001 -1.0000 -0.0000
vn -0.2117 -0.8886 0.4070
vn -0.6353 -0.6085 0.4755
vn -0.3672 -0.8886 0.2749
vn -0.2116 -0.8886 0.4070
vn -0.0244 -0.6085 0.7932
vn 0.1862 -0.8886 0.4193
vn -0.0243 -0.6085 0.7932
vn 0.3497 -0.8886 0.2969
vn 0.1863 -0.8886 0.4192
vn -0.0000 -1.0000 0.0001
vn 0.6049 -0.6085 0.5136
vn 0.7443 -0.2157 0.6320
vn 0.7444 -0.2158 0.6319
vn 0.6050 -0.6085 0.5136
vn 0.7679 -0.6085 0.2003
vn 0.4439 -0.8886 0.1158
vn 0.7788 -0.6085 -0.1527
vn 0.4439 -0.8886 0.1157
vn 0.4502 -0.8886 -0.0883
vn 0.7787 -0.6085 -0.1528
vn 0.3673 -0.8886 -0.2748
vn 0.3673 -0.8886 -0.2749
vn 0.6353 -0.6085 -0.4755
vn 0.2117 -0.8886 -0.4070
vn 0.6353 -0.6084 -0.4756
vn 0.0141 -0.8886 -0.4585
vn 0.2116 -0.8886 -0.4070
vn 0.7817 0.2159 -0.5851
vn 0.4505 -0.2159 -0.8663
vn 0.0243 -0.6085 -0.7932
vn -0.3222 -0.6085 -0.7253
vn -0.1862 -0.8886 -0.4193
vn -0.3497 -0.8886 -0.2969
vn -0.3222 -0.6085 -0.7252
vn -0.1863 -0.8886 -0.4192
vn -0.6049 -0.6085 -0.5136
vn -0.4439 -0.8886 -0.1158
vn -0.7443 -0.2159 -0.6319
vn -0.3965 -0.2158 -0.8923
vn -0.7443 -0.2157 -0.6320
vn -0.6050 0.6085 -0.5136
vn 0.0299 0.2158 -0.9760
vn -0.3964 0.2159 -0.8923
vn 0.7787 0.6085 -0.1527
vn 0.6050 0.6085 0.5136
vn 0.9935 -0.1097 0.0305
vn -0.9935 -0.1097 -0.0305
vn 0.0305 -0.1097 -0.9935
vn -0.0305 -0.1097 0.9935
vn 0.9995 -0.0000 0.0307
vn 0.0307 -0.0000 -0.9995
vn -0.9995 -0.0000 -0.0307
vn -0.0307 -0.0000 0.9995
vn -0.0243 0.6084 0.7932
vn -0.0140 0.8886 0.4584
vn -0.0141 0.8887 0.4583
vn 0.1862 0.8887 0.4191
vn -0.0243 0.6084 0.7933
vn -0.0141 0.8886 0.4584
vn -0.3661 0.6084 0.7042
vn -0.2116 0.8887 0.4068
vn 0.3223 0.6084 0.7252
vn 0.9449 -0.2157 0.2465
vn -0.4504 -0.2157 0.8664
vn -0.4505 0.2157 0.8664
vn 0.3222 -0.6084 0.7252
vn -0.7114 0.7024 -0.0219
vn -0.0219 0.7024 0.7115
vn 0.7114 0.7024 0.0219
vn 0.0219 0.7024 -0.7115
vn 0.3496 0.8886 0.2968
vn -0.0141 0.8887 0.4584
vn 0.1863 0.8886 0.4191
vn -0.6353 0.6084 0.4755
vn -0.7818 0.2157 0.5851
vn -0.0274 -0.4510 0.8921
vn 0.0274 -0.4507 -0.8923
vn 0.0274 -0.4510 -0.8921
vn -0.7787 -0.6085 0.1527
vn -0.7679 -0.6085 -0.2002
vn -0.3673 -0.8886 0.2748
vn -0.3662 -0.6085 0.7041
vn -0.3661 -0.6084 0.7042
vn -0.0299 -0.2158 0.9760
vn 0.3964 -0.2158 0.8923
vn 0.9448 -0.2157 0.2465
vn 0.7679 -0.6085 0.2002
vn 0.6354 -0.6085 -0.4755
vn 0.7787 -0.6085 -0.1527
vn 0.0244 -0.6085 -0.7932
vn -0.6050 -0.6085 -0.5136
vn -0.6049 -0.6084 -0.5137
vt 0.375000 0.750000
vt 0.125000 0.750000
vt 0.125000 0.500000
vt 0.375000 0.500000
vt 0.875000 0.750000
vt 0.625000 0.750000
vt 0.625000 0.500000
vt 0.875000 0.500000
vt 0.071429 0.428571
vt 0.000000 0.571429
vt 0.000000 0.428571
vt 0.214286 0.571429
vt 0.142857 0.428571
vt 0.214286 0.428571
vt 0.071429 0.285714
vt 0.000000 0.285714
vt 0.285714 0.571429
vt 0.142857 0.285714
vt 0.071429 0.142857
vt 0.000000 0.142857
vt 0.035714 0.000000
vt 0.142857 0.142857
vt 0.107143 0.000000
vt 0.214286 0.285714
vt 0.214286 0.142857
vt 0.178571 0.000000
vt 0.285714 0.285714
vt 0.285714 0.428571
vt 0.285714 0.142857
vt 0.250000 0.000000
vt 0.357143 0.285714
vt 0.357143 0.428571
vt 0.357143 0.571429
vt 0.428571 0.428571
vt 0.357143 0.142857
vt 0.321429 0.000000
vt 0.428571 0.142857
vt 0.392857 0.000000
vt 0.428571 0.285714
vt 0.500000 0.428571
vt 0.500000 0.571429
vt 0.571429 0.428571
vt 0.571429 0.285714
vt 0.500000 0.285714
vt 0.571429 0.142857
vt 0.500000 0.142857
vt 0.464286 0.000000
vt 0.535714 0.000000
vt 0.625000 0.000000
vt 0.625000 0.250000
vt 0.375000 0.000000
vt 0.375000 0.250000
vt 0.625000 1.000000
vt 0.375000 1.000000
vt 0.714286 0.285714
vt 0.642857 0.142857
vt 0.714286 0.142857
vt 0.678571 0.000000
vt 0.785714 0.285714
vt 0.750000 0.000000
vt 0.785714 0.142857
vt 0.821429 0.000000
vt 0.857143 0.142857
vt 0.857143 0.285714
vt 0.714286 0.428571
vt 0.642857 0.285714
vt 0.607143 0.000000
vt 0.785714 0.428571
vt 0.642857 0.428571
vt 0.785714 0.571429
vt 0.714286 0.571429
vt 0.857143 0.428571
vt 0.928571 0.428571
vt 0.857143 0.571429
vt 0.857143 0.714286
vt 0.928571 0.571429
vt 0.785714 0.714286
vt 0.928571 0.714286
vt 1.000000 0.571429
vt 1.000000 0.428571
vt 1.000000 0.714286
vt 1.000000 0.285714
vt 1.000000 0.857143
vt 0.928571 0.285714
vt 0.928571 0.857143
vt 0.964286 1.000000
vt 0.857143 0.857143
vt 0.892857 1.000000
vt 0.928571 0.142857
vt 0.892857 0.000000
vt 1.000000 0.142857
vt 0.964286 0.000000
vt 0.785714 0.857143
vt 0.821429 1.000000
vt 0.714286 0.857143
vt 0.750000 1.000000
vt 0.714286 0.714286
vt 0.642857 0.857143
vt 0.678571 1.000000
vt 0.642857 0.714286
vt 0.642857 0.571429
vt 0.571429 0.857143
vt 0.607143 1.000000
vt 0.571429 0.714286
vt 0.571429 0.571429
vt 0.500000 0.714286
vt 0.535714 1.000000
vt 0.500000 0.857143
vt 0.428571 0.571429
vt 0.428571 0.857143
vt 0.464286 1.000000
vt 0.428571 0.714286
vt 0.357143 0.714286
vt 0.392857 1.000000
vt 0.357143 0.857143
vt 0.285714 0.714286
vt 0.071429 0.571429
vt 0.142857 0.571429
vt 0.071429 0.714286
vt 0.000000 0.714286
vt 0.000000 0.857143
vt 0.071429 0.857143
vt 0.035714 1.000000
vt 0.142857 0.714286
vt 0.142857 0.857143
vt 0.107143 1.000000
vt 0.214286 0.714286
vt 0.214286 0.857143
vt 0.178571 1.000000
vt 0.285714 0.857143
vt 0.250000 1.000000
vt 0.321429 1.000000
s 0
f 1/1/1 2/2/1 3/3/1
f 1/1/1 3/3/1 4/4/1
f 5/5/2 6/6/2 7/7/2
f 5/5/2 7/7/2 8/8/2
f 9/9/3 10/10/4 11/11/5
f 12/12/6 13/13/7 14/14/8
f 11/11/9 15/15/10 9/9/3
f 15/15/11 13/13/12 9/9/13
f 15/15/10 11/11/9 16/16/14
f 14/14/8 17/17/15 12/12/6
f 13/13/12 15/15/11 18/18/16
f 18/18/16 14/14/8 13/13/17
f 19/19/18 15/15/10 16/16/19
f 19/19/18 18/18/20 15/15/21
f 19/19/18 16/16/19 20/20/22
f 21/21/23 19/19/24 20/20/25
f 18/18/26 19/19/18 22/22/27
f 23/23/1 22/22/28 19/19/29
f 14/14/8 18/18/16 24/24/30
f 22/22/27 24/24/31 18/18/26
f 24/24/31 22/22/28 25/25/32
f 26/26/1 25/25/32 22/22/33
f 27/27/34 14/14/8 24/24/35
f 25/25/32 27/27/36 24/24/31
f 14/14/8 27/27/34 28/28/37
f 17/17/15 14/14/8 28/28/38
f 27/27/36 25/25/32 29/29/39
f 30/30/1 29/29/40 25/25/32
f 31/31/41 28/28/37 27/27/42
f 29/29/43 31/31/44 27/27/36
f 32/32/45 17/17/46 28/28/37
f 28/28/37 31/31/41 32/32/45
f 17/17/46 32/32/45 33/33/47
f 34/34/48 33/33/49 32/32/50
f 31/31/44 34/34/51 32/32/52
f 31/31/53 29/29/43 35/35/54
f 36/36/1 35/35/55 29/29/40
f 37/37/56 31/31/53 35/35/57
f 38/38/1 37/37/58 35/35/55
f 34/34/51 31/31/44 39/39/59
f 37/37/58 39/39/60 31/31/44
f 39/39/61 40/40/62 34/34/63
f 41/41/64 34/34/63 40/40/65
f 42/42/66 41/41/67 40/40/68
f 40/40/62 43/43/69 42/42/70
f 43/43/69 40/40/62 44/44/71
f 40/40/62 39/39/61 44/44/71
f 44/44/72 45/45/73 43/43/69
f 39/39/74 37/37/56 46/46/75
f 39/39/74 46/46/75 44/44/76
f 45/45/73 44/44/72 46/46/77
f 47/47/78 46/46/79 37/37/58
f 48/48/78 45/45/80 46/46/79
f 49/49/81 50/50/81 51/51/81
f 51/51/81 50/50/81 52/52/81
f 53/50/82 54/7/82 55/52/82
f 55/52/82 54/7/82 56/4/82
f 57/7/83 58/6/83 59/4/83
f 59/4/83 58/6/83 60/1/83
f 61/6/84 62/53/84 63/1/84
f 63/1/84 62/53/84 64/54/84
f 65/55/85 66/56/86 67/57/87
f 68/58/1 67/57/87 66/56/88
f 67/57/87 69/59/89 65/55/90
f 70/60/1 71/61/91 67/57/87
f 69/59/89 67/57/87 71/61/92
f 72/62/93 73/63/94 71/61/91
f 71/61/95 74/64/96 69/59/89
f 74/64/96 71/61/95 73/63/97
f 69/59/98 75/65/99 65/55/90
f 66/56/100 65/55/85 76/66/101
f 75/65/99 76/66/101 65/55/102
f 76/66/103 45/45/73 66/56/100
f 77/67/93 66/56/88 45/45/104
f 45/45/73 76/66/103 43/43/105
f 74/64/106 78/68/107 69/59/108
f 75/65/99 69/59/98 78/68/107
f 76/66/101 75/65/109 79/69/110
f 79/69/111 43/43/112 76/66/101
f 80/70/113 75/65/99 78/68/114
f 81/71/115 79/69/116 75/65/99
f 75/65/117 80/70/118 81/71/119
f 43/43/120 79/69/111 42/42/121
f 78/68/107 74/64/122 82/72/123
f 82/72/124 80/70/113 78/68/107
f 74/64/122 83/73/125 82/72/126
f 80/70/127 82/72/124 84/74/128
f 83/73/129 84/74/130 82/72/126
f 85/75/131 80/70/127 84/74/128
f 84/74/130 83/73/129 86/76/132
f 86/76/132 85/75/131 84/74/133
f 87/70/127 88/75/134 89/77/135
f 89/77/136 90/71/119 87/70/127
f 88/75/131 91/76/132 92/78/137
f 93/73/138 94/79/139 91/76/140
f 94/79/141 92/78/142 91/76/143
f 94/79/139 93/73/138 95/80/144
f 92/78/142 94/79/145 96/81/146
f 93/73/147 97/82/148 95/80/9
f 98/83/149 92/78/142 96/81/150
f 97/82/148 93/73/147 99/84/151
f 93/73/125 100/64/122 99/84/152
f 92/78/142 98/83/149 101/85/153
f 98/83/149 102/86/2 101/85/154
f 103/87/155 92/78/137 101/85/153
f 92/78/137 103/87/155 88/75/131
f 101/85/154 104/88/2 103/87/156
f 100/64/122 105/89/157 99/84/152
f 105/89/157 97/82/158 99/84/151
f 105/89/157 100/64/122 106/63/94
f 107/90/1 105/89/159 106/63/160
f 97/82/158 105/89/157 108/91/161
f 109/92/1 108/91/162 105/89/163
f 110/93/164 88/75/131 103/87/155
f 103/87/165 111/94/2 110/93/166
f 88/75/167 110/93/164 89/77/135
f 89/77/168 110/93/164 112/95/169
f 110/93/170 113/96/2 112/95/171
f 114/97/172 89/77/136 112/95/173
f 90/71/115 89/77/136 114/97/174
f 114/97/175 112/95/173 115/98/176
f 112/95/171 116/99/2 115/98/177
f 117/100/178 90/71/115 114/97/179
f 115/98/180 117/100/178 114/97/175
f 90/71/115 117/100/178 118/101/181
f 119/69/182 90/71/119 118/101/183
f 120/102/184 117/100/185 115/98/180
f 115/98/177 121/103/2 120/102/186
f 122/104/187 118/101/188 117/100/189
f 117/100/190 120/102/184 122/104/191
f 118/101/192 123/42/193 119/69/194
f 124/43/120 119/69/111 123/42/121
f 118/101/188 122/104/187 125/105/195
f 123/42/196 118/101/197 125/105/198
f 120/102/199 126/106/200 122/104/201
f 127/40/62 124/43/69 123/42/66
f 125/105/202 127/40/203 123/42/196
f 122/104/201 128/41/204 125/105/205
f 127/40/206 125/105/202 128/41/64
f 128/41/204 122/104/201 126/106/207
f 120/102/199 129/107/2 130/108/208
f 126/106/200 120/102/209 130/108/210
f 126/106/211 131/109/212 128/41/213
f 131/109/214 127/40/65 128/41/64
f 132/110/215 126/106/200 130/108/216
f 130/108/216 133/111/2 132/110/217
f 126/106/218 132/110/219 134/112/220
f 131/109/212 126/106/207 134/112/220
f 132/110/215 135/113/221 134/112/222
f 135/113/221 131/109/223 134/112/222
f 132/110/224 136/114/225 137/115/226
f 135/113/221 132/110/215 137/115/227
f 131/109/223 135/113/221 138/33/228
f 127/40/65 131/109/214 139/34/229
f 138/33/230 139/34/48 131/109/231
f 135/113/232 140/17/233 138/33/47
f 141/39/61 127/40/62 139/34/63
f 137/115/227 142/116/234 135/113/221
f 140/17/46 135/113/232 142/116/235
f 139/34/48 138/33/230 143/32/236
f 140/17/233 143/32/237 138/33/238
f 144/31/44 139/34/51 143/32/50
f 139/34/51 144/31/44 141/39/59
f 143/32/239 140/17/233 145/28/240
f 145/28/240 144/31/41 143/32/45
f 142/116/241 146/12/6 140/17/46
f 140/17/242 147/14/243 145/28/244
f 147/14/243 140/17/242 146/12/245
f 144/31/41 145/28/37 148/27/42
f 147/14/8 148/27/246 145/28/37
f 148/27/246 147/14/8 149/24/30
f 150/29/40 144/31/44 148/27/42
f 147/14/247 151/18/16 149/24/248
f 152/25/249 148/27/34 149/24/31
f 148/27/34 152/25/249 150/29/40
f 151/18/16 152/25/250 149/24/251
f 153/30/252 150/29/253 152/25/254
f 144/31/44 150/29/40 154/35/55
f 155/36/1 154/35/255 150/29/256
f 154/35/55 141/39/59 144/31/44
f 141/39/59 154/35/55 156/37/58
f 157/38/1 156/37/257 154/35/255
f 158/26/252 152/25/254 159/22/258
f 152/25/249 151/18/16 159/22/33
f 141/39/61 156/37/58 160/46/259
f 161/47/1 160/46/260 156/37/261
f 141/39/61 160/46/259 162/44/262
f 127/40/263 141/39/61 162/44/264
f 124/43/69 127/40/68 162/44/264
f 160/46/79 124/43/69 162/44/71
f 124/43/69 160/46/79 163/45/80
f 164/48/78 163/45/265 160/46/266
f 151/18/20 165/19/24 159/22/28
f 166/23/1 159/22/258 165/19/267
f 167/21/23 165/19/267 168/20/268
f 165/19/24 169/16/14 168/20/25
f 165/19/24 170/15/10 169/16/14
f 165/19/24 151/18/20 170/15/11
f 170/15/10 171/11/5 169/16/14
f 172/13/17 170/15/11 151/18/16
f 151/18/16 147/14/8 172/13/17
f 171/11/5 170/15/10 173/9/3
f 170/15/11 172/13/269 173/9/270
f 146/12/245 172/13/271 147/14/243
f 174/117/272 171/11/273 173/9/274
f 171/11/275 174/117/276 175/10/139
f 176/118/277 173/9/278 172/13/269
f 173/9/274 176/118/277 174/117/272
f 172/13/271 146/12/245 176/118/279
f 177/119/280 175/10/281 174/117/282
f 176/118/277 177/119/283 174/117/284
f 175/10/281 177/119/280 178/120/146
f 178/120/285 177/119/280 179/121/286
f 177/119/280 180/122/287 179/121/286
f 180/122/288 181/123/2 179/121/289
f 177/119/283 176/118/290 182/124/291
f 146/12/6 182/124/292 176/118/293
f 177/119/280 183/125/294 180/122/295
f 183/125/296 177/119/283 182/124/297
f 183/125/298 184/126/299 180/122/300
f 182/124/292 146/12/6 185/127/301
f 146/12/6 142/116/241 185/127/302
f 182/124/292 186/128/303 183/125/298
f 186/128/303 182/124/292 185/127/304
f 186/128/303 187/129/299 183/125/305
f 188/130/306 185/127/307 142/116/234
f 185/127/307 188/130/306 186/128/303
f 188/130/308 189/131/2 186/128/309
f 142/116/235 137/115/227 188/130/306
f 137/115/226 190/132/2 188/130/308
f 191/6/310 192/6/310 193/7/310
f 194/50/311 195/50/311 196/49/311
f 197/53/312 198/53/312 199/6/312
f 200/7/313 201/7/313 202/50/313
f 203/5/2 204/6/2 205/7/2
f 203/5/2 205/7/2 206/8/2
f 207/52/314 208/52/314 209/51/314
f 209/51/315 208/52/315 210/51/315
f 211/4/316 212/4/316 213/52/316
f 213/52/316 212/4/316 214/52/316
f 215/1/317 216/4/317 217/4/317
f 216/4/318 215/1/318 218/1/318
f 219/54/319 220/54/319 221/1/319
f 221/1/319 220/54/319 222/1/319
f 223/97/172 224/95/169 225/98/180
f 224/95/171 226/99/2 225/98/177
f 227/104/201 225/98/176 228/102/184
f 225/98/177 229/103/2 228/102/186
f 223/97/172 230/93/164 224/95/173
f 230/93/164 223/97/172 231/77/136
f 230/93/170 232/96/2 224/95/171
f 233/108/210 227/104/201 228/102/209
f 228/102/199 234/107/225 233/108/208
f 227/104/201 233/108/210 235/106/200
f 236/41/204 227/104/201 235/106/207
f 237/110/219 235/106/200 233/108/216
f 233/108/216 238/111/2 237/110/217
f 239/112/220 236/41/320 235/106/211
f 235/106/218 237/110/215 239/112/220
f 236/41/213 239/112/220 240/109/212
f 237/110/215 241/113/221 239/112/222
f 241/113/221 240/109/223 239/112/222
f 237/110/224 242/114/225 243/115/226
f 241/113/221 237/110/215 243/115/227
f 240/109/223 241/113/221 244/33/228
f 244/33/321 245/34/229 240/109/231
f 241/113/232 246/17/233 244/33/49
f 245/34/48 244/33/321 247/32/236
f 246/17/233 247/32/237 244/33/238
f 248/31/44 245/34/51 247/32/50
f 243/115/227 249/116/322 241/113/221
f 246/17/46 241/113/232 249/116/235
f 249/116/322 243/115/323 250/130/306
f 243/115/226 251/132/2 250/130/308
f 249/116/322 252/12/245 246/17/46
f 253/28/240 248/31/41 247/32/239
f 247/32/237 246/17/233 253/28/240
f 246/17/242 254/14/243 253/28/244
f 254/14/243 246/17/242 252/12/245
f 248/31/41 253/28/37 255/27/42
f 254/14/8 255/27/34 253/28/37
f 256/29/40 248/31/324 255/27/34
f 248/31/44 256/29/40 257/35/55
f 258/36/1 257/35/255 256/29/253
f 255/27/34 254/14/8 259/24/30
f 255/27/34 260/25/249 256/29/40
f 260/25/249 255/27/34 259/24/35
f 261/30/252 256/29/40 260/25/254
f 254/14/8 262/18/16 259/24/248
f 262/18/16 260/25/249 259/24/251
f 263/26/252 260/25/254 264/22/33
f 260/25/249 262/18/16 264/22/28
f 262/18/16 254/14/243 265/13/7
f 252/12/245 265/13/271 254/14/243
f 262/18/16 266/19/24 264/22/325
f 267/23/1 264/22/258 266/19/267
f 268/21/23 266/19/267 269/20/268
f 266/19/326 270/16/14 269/20/161
f 266/19/29 262/18/20 271/15/11
f 266/19/24 271/15/10 270/16/14
f 265/13/12 271/15/11 262/18/327
f 271/15/10 272/11/5 270/16/14
f 271/15/11 265/13/269 273/9/328
f 272/11/5 271/15/10 273/9/3
f 274/117/276 272/11/275 273/9/274
f 265/13/269 274/117/272 273/9/274
f 272/11/275 274/117/276 275/10/139
f 274/117/272 265/13/269 276/118/277
f 265/13/271 252/12/245 276/118/279
f 277/119/280 275/10/281 274/117/282
f 276/118/277 277/119/283 274/117/284
f 275/10/281 277/119/280 278/120/146
f 278/120/285 277/119/280 279/121/286
f 277/119/283 276/118/290 280/124/291
f 252/12/6 280/124/292 276/118/293
f 277/119/280 281/122/287 279/121/286
f 280/124/297 281/122/295 277/119/283
f 281/122/288 282/123/2 279/121/289
f 280/124/292 252/12/6 283/127/301
f 252/12/6 249/116/322 283/127/302
f 281/122/295 280/124/329 284/125/298
f 283/127/304 284/125/296 280/124/292
f 284/125/298 285/126/299 281/122/288
f 250/130/306 283/127/307 249/116/234
f 284/125/296 283/127/304 286/128/330
f 283/127/307 250/130/306 286/128/303
f 286/128/309 287/129/299 284/125/305
f 250/130/308 288/131/2 286/128/309
f 289/92/1 290/91/162 291/89/163
f 292/82/158 291/89/157 290/91/161
f 293/90/1 291/89/159 294/63/331
f 291/89/157 295/64/122 294/63/94
f 291/89/157 292/82/158 296/84/151
f 295/64/122 291/89/157 296/84/152
f 292/82/148 297/73/138 296/84/151
f 297/73/125 295/64/122 296/84/152
f 297/73/147 292/82/148 298/80/275
f 299/79/139 297/73/138 298/80/144
f 295/64/122 297/73/125 300/72/332
f 301/68/107 295/64/106 300/72/123
f 297/73/138 299/79/139 302/76/140
f 302/76/333 300/72/334 297/73/129
f 303/74/130 301/68/114 300/72/124
f 300/72/334 302/76/333 303/74/130
f 301/68/114 303/74/335 304/70/113
f 305/75/134 304/70/127 303/74/128
f 302/76/132 305/75/131 303/74/336
f 304/70/127 305/75/134 231/77/135
f 299/79/141 306/78/142 302/76/143
f 305/75/131 302/76/132 306/78/137
f 306/78/142 299/79/145 307/81/146
f 308/83/149 306/78/142 307/81/285
f 309/87/155 231/77/135 305/75/337
f 306/78/137 309/87/155 305/75/131
f 231/77/135 309/87/155 230/93/164
f 309/87/165 310/94/2 230/93/338
f 309/87/155 306/78/137 311/85/153
f 306/78/142 308/83/286 311/85/153
f 311/85/154 312/88/2 309/87/165
f 308/83/149 313/86/2 311/85/154
f 314/55/85 315/56/86 316/57/87
f 317/58/1 316/57/87 315/56/88
f 318/67/1 315/56/88 319/45/104
f 314/55/339 316/57/87 320/61/92
f 321/60/1 320/61/91 316/57/87
f 315/56/340 314/55/85 322/66/103
f 315/56/100 323/43/105 319/45/73
f 322/66/103 323/43/341 315/56/100
f 324/65/99 322/66/101 314/55/90
f 320/61/92 325/59/98 314/55/339
f 325/59/98 324/65/99 314/55/90
f 320/61/95 326/64/96 325/59/89
f 322/66/101 324/65/109 327/69/342
f 327/69/111 323/43/112 322/66/101
f 324/65/99 325/59/98 328/68/343
f 326/64/122 328/68/107 325/59/108
f 329/70/127 324/65/99 328/68/343
f 326/64/96 320/61/95 330/63/97
f 331/62/1 330/63/94 320/61/91
f 328/68/107 326/64/106 332/72/123
f 332/72/124 329/70/113 328/68/107
f 326/64/122 333/73/125 332/72/126
f 330/63/97 334/84/344 326/64/345
f 333/73/125 326/64/122 334/84/152
f 334/84/346 330/63/97 335/89/347
f 336/90/1 335/89/157 330/63/94
f 337/91/348 334/84/349 335/89/347
f 338/92/1 337/91/25 335/89/157
f 339/82/19 334/84/349 337/91/22
f 339/82/14 333/73/147 334/84/151
f 333/73/147 339/82/14 340/80/9
f 341/79/139 333/73/147 340/80/144
f 333/73/138 341/79/141 342/76/140
f 342/76/132 332/72/126 333/73/125
f 332/72/126 342/76/132 343/74/350
f 329/70/127 332/72/124 343/74/128
f 341/79/145 344/78/142 342/76/143
f 344/78/142 341/79/145 345/81/150
f 342/76/132 346/75/131 343/74/133
f 346/75/134 329/70/127 343/74/128
f 346/75/131 342/76/132 344/78/137
f 347/83/351 344/78/352 345/81/353
f 344/78/352 347/83/351 348/85/354
f 347/83/149 349/86/2 348/85/153
f 350/87/355 344/78/356 348/85/153
f 344/78/357 350/87/355 346/75/358
f 348/85/153 351/88/359 350/87/155
f 352/93/360 346/75/361 350/87/355
f 350/87/362 353/94/2 352/93/164
f 346/75/361 352/93/360 354/77/168
f 329/70/127 346/75/167 354/77/135
f 354/77/168 352/93/363 355/95/169
f 352/93/164 356/96/2 355/95/169
f 354/77/136 357/71/115 329/70/118
f 324/65/99 329/70/118 357/71/115
f 358/97/172 354/77/168 355/95/169
f 357/71/115 354/77/136 358/97/172
f 357/71/115 327/69/116 324/65/99
f 358/97/364 355/95/169 359/98/365
f 355/95/169 360/99/2 359/98/180
f 361/100/178 357/71/115 358/97/175
f 359/98/365 361/100/178 358/97/366
f 327/69/116 357/71/115 362/101/183
f 357/71/115 361/100/178 362/101/181
f 363/102/367 361/100/185 359/98/368
f 359/98/180 364/103/369 363/102/199
f 365/104/187 362/101/188 361/100/190
f 361/100/185 363/102/367 365/104/370
f 366/105/371 327/69/194 362/101/188
f 362/101/188 365/104/187 366/105/195
f 327/69/111 366/105/371 367/42/121
f 323/43/120 327/69/111 367/42/121
f 366/105/202 368/40/68 367/42/66
f 368/40/68 323/43/69 367/42/70
f 365/104/201 369/41/204 366/105/372
f 368/40/68 366/105/372 369/41/67
f 363/102/367 370/106/200 365/104/373
f 369/41/213 365/104/201 370/106/200
f 370/106/374 363/102/367 371/108/375
f 363/102/209 372/107/2 371/108/216
f 373/112/220 369/41/213 370/106/218
f 371/108/375 373/112/376 370/106/374
f 371/108/216 374/111/2 375/110/215
f 373/112/376 371/108/377 375/110/378
f 373/112/379 375/110/378 376/115/380
f 375/110/215 377/114/225 376/115/227
f 369/41/213 373/112/220 378/109/212
f 378/109/212 368/40/65 369/41/320
f 379/113/221 373/112/379 376/115/380
f 379/113/221 378/109/223 373/112/222
f 376/115/227 380/132/2 381/130/306
f 376/115/381 382/116/235 379/113/382
f 382/116/234 376/115/381 381/130/383
f 378/109/223 379/113/221 383/33/228
f 368/40/263 378/109/214 384/34/63
f 383/33/228 384/34/48 378/109/223
f 379/113/232 385/17/46 383/33/47
f 385/17/46 379/113/384 382/116/322
f 384/34/51 383/33/49 386/32/50
f 385/17/46 386/32/239 383/33/47
f 387/39/61 368/40/62 384/34/63
f 388/128/385 382/116/234 381/130/386
f 381/130/306 389/131/2 388/128/385
f 382/116/322 388/128/385 390/127/307
f 391/31/44 384/34/51 386/32/387
f 384/34/51 391/31/44 387/39/59
f 392/12/6 382/116/322 390/127/302
f 382/116/322 392/12/6 385/17/388
f 388/128/385 393/124/292 390/127/389
f 393/124/292 392/12/6 390/127/307
f 388/128/385 394/129/2 395/125/298
f 393/124/390 388/128/385 395/125/391
f 386/32/239 385/17/233 396/28/37
f 392/12/6 396/28/240 385/17/15
f 396/28/37 391/31/41 386/32/45
f 397/122/392 393/124/393 395/125/394
f 395/125/298 398/126/2 397/122/295
f 393/124/297 397/122/392 399/119/395
f 397/122/392 400/123/2 401/121/149
f 399/119/280 397/122/392 401/121/396
f 402/120/353 399/119/280 401/121/396
f 403/10/145 399/119/280 402/120/285
f 399/119/280 403/10/145 404/117/397
f 399/119/283 405/118/290 393/124/297
f 405/118/398 399/119/283 404/117/284
f 392/12/6 393/124/292 405/118/293
f 403/10/281 406/9/328 404/117/282
f 406/9/270 405/118/398 404/117/399
f 406/9/3 403/10/4 407/11/5
f 408/13/7 392/12/6 405/118/279
f 405/118/398 406/9/270 408/13/269
f 407/11/9 409/15/10 406/9/3
f 409/15/11 408/13/12 406/9/270
f 409/15/10 407/11/9 410/16/14
f 411/20/22 409/15/10 410/16/19
f 409/15/400 411/20/22 412/19/18
f 413/21/23 412/19/18 411/20/25
f 409/15/400 412/19/18 414/22/27
f 415/23/1 414/22/33 412/19/29
f 408/13/17 409/15/11 416/18/16
f 414/22/27 416/18/26 409/15/10
f 392/12/6 408/13/7 417/14/8
f 416/18/16 417/14/401 408/13/402
f 396/28/37 392/12/6 417/14/8
f 414/22/28 418/24/31 416/18/20
f 417/14/401 416/18/16 418/24/30
f 418/24/31 414/22/28 419/25/32
f 420/26/1 419/25/32 414/22/33
f 421/27/34 417/14/8 418/24/35
f 417/14/8 421/27/34 396/28/38
f 422/29/39 418/24/35 419/25/32
f 418/24/31 422/29/39 421/27/34
f 423/30/1 422/29/40 419/25/32
f 391/31/41 396/28/37 421/27/42
f 422/29/43 391/31/44 421/27/36
f 391/31/53 422/29/43 424/35/54
f 425/36/1 424/35/55 422/29/40
f 426/37/56 391/31/44 424/35/57
f 427/38/1 426/37/58 424/35/55
f 426/37/58 387/39/60 391/31/53
f 426/37/58 428/44/72 387/39/403
f 368/40/62 387/39/61 428/44/71
f 323/43/69 368/40/62 428/44/71
f 428/44/72 426/37/58 429/46/77
f 429/46/77 323/43/404 428/44/71
f 430/47/78 429/46/79 426/37/58
f 323/43/404 429/46/77 319/45/73
f 431/48/1 319/45/104 429/46/79
f 432/6/405 433/6/405 434/7/405
f 435/50/406 436/50/406 437/49/406
f 438/53/407 439/53/407 440/6/407
f 441/7/408 442/7/408 443/50/408
f 444/2/409 445/2/409 446/3/409
f 446/3/409 445/2/409 447/3/409
f 448/3/410 449/3/410 450/4/410
f 450/4/410 449/3/410 451/4/410
f 452/4/411 453/4/411 454/1/411
f 454/1/411 453/4/411 455/1/411
f 456/1/412 457/1/412 458/2/412
f 458/2/412 457/1/412 459/2/412
f 460/2/409 461/3/409 462/2/409
f 461/3/409 460/2/409 463/3/409
f 464/3/410 465/4/410 466/3/410
f 465/4/410 464/3/410 467/4/410
f 468/4/411 469/1/411 470/4/411
f 469/1/411 468/4/411 471/1/411
f 472/1/412 473/2/412 474/1/412
f 473/2/412 472/1/412 475/2/412
f 476/55/413 477/56/88 478/57/414
f 479/58/1 478/57/415 477/56/416
f 477/56/340 476/55/413 480/66/101
f 481/67/1 477/56/416 482/45/265
f 483/65/99 480/66/101 476/55/417
f 478/57/418 484/59/98 476/55/90
f 484/59/419 483/65/99 476/55/102
f 484/59/98 478/57/418 485/61/92
f 486/60/1 485/61/420 478/57/415
f 477/56/88 487/43/69 482/45/104
f 480/66/421 487/43/120 477/56/88
f 488/48/1 482/45/265 489/46/260
f 487/43/69 489/46/79 482/45/80
f 490/62/1 294/63/331 485/61/420
f 491/69/111 487/43/120 480/66/101
f 480/66/101 483/65/117 491/69/116
f 489/46/79 487/43/69 492/44/71
f 295/64/122 485/61/91 294/63/94
f 485/61/91 295/64/122 484/59/98
f 483/65/99 484/59/98 301/68/107
f 295/64/106 301/68/107 484/59/108
f 487/43/69 493/40/68 492/44/264
f 494/39/61 489/46/259 492/44/262
f 493/40/65 494/39/61 492/44/264
f 495/47/1 489/46/260 496/37/261
f 494/39/61 496/37/58 489/46/259
f 494/39/59 257/35/55 496/37/58
f 497/38/1 496/37/257 257/35/255
f 257/35/55 494/39/59 248/31/44
f 493/40/62 487/43/69 498/42/66
f 487/43/120 491/69/111 498/42/121
f 494/39/61 493/40/203 245/34/63
f 245/34/51 248/31/44 494/39/59
f 498/42/66 236/41/64 493/40/206
f 493/40/65 240/109/214 245/34/229
f 240/109/214 493/40/65 236/41/64
f 491/69/194 499/105/198 498/42/196
f 236/41/422 498/42/66 499/105/202
f 499/105/198 491/69/194 500/101/197
f 227/104/201 236/41/204 499/105/205
f 500/101/188 227/104/187 499/105/195
f 491/69/182 501/71/119 500/101/183
f 501/71/119 491/69/182 483/65/117
f 227/104/187 500/101/188 502/100/189
f 501/71/115 502/100/178 500/101/181
f 483/65/117 304/70/423 501/71/119
f 304/70/423 483/65/117 301/68/424
f 502/100/178 501/71/115 223/97/179
f 231/77/136 501/71/119 304/70/127
f 501/71/115 231/77/136 223/97/174
f 225/98/176 502/100/178 223/97/175
f 225/98/180 227/104/187 502/100/425
f 503/49/426 504/50/426 505/51/426
f 505/51/426 504/50/426 506/52/426
f 507/50/427 508/7/427 509/52/427
f 509/52/427 508/7/427 510/4/427
f 511/7/428 512/1/428 513/4/428
f 512/1/428 511/7/428 514/6/428
f 515/6/429 516/53/429 517/1/429
f 517/1/429 516/53/429 518/54/429
f 519/1/1 520/2/1 521/3/1
f 519/1/1 521/3/1 522/4/1
f 523/55/90 524/56/340 525/57/418
f 526/58/1 525/57/415 524/56/416
f 527/67/1 524/56/416 163/45/430
f 523/55/90 525/57/418 528/61/91
f 529/60/1 528/61/420 525/57/431
f 524/56/88 523/55/413 530/66/101
f 524/56/340 124/43/404 163/45/104
f 530/66/421 124/43/120 524/56/432
f 531/65/99 530/66/101 523/55/102
f 528/61/91 532/59/98 523/55/90
f 532/59/419 531/65/99 523/55/102
f 533/62/1 106/63/94 528/61/420
f 528/61/91 100/64/122 532/59/108
f 100/64/433 528/61/91 106/63/94
f 531/65/99 532/59/98 534/68/107
f 100/64/106 534/68/107 532/59/108
f 530/66/101 531/65/117 119/69/116
f 119/69/111 124/43/120 530/66/101
f 87/70/423 531/65/117 534/68/424
f 90/71/119 119/69/182 531/65/117
f 531/65/117 87/70/423 90/71/119
f 534/68/107 100/64/106 535/72/123
f 535/72/124 87/70/113 534/68/114
f 87/70/113 535/72/434 536/74/130
f 100/64/122 93/73/125 535/72/332
f 88/75/134 87/70/127 536/74/128
f 535/72/334 91/76/333 536/74/130
f 91/76/132 88/75/131 536/74/336
f 91/76/333 535/72/334 93/73/138
f 537/51/315 538/52/315 539/52/315
f 537/51/314 539/52/314 540/51/314
f 541/52/316 542/4/316 543/4/316
f 541/52/435 543/4/435 544/52/435
f 545/4/318 546/1/318 547/1/318
f 545/4/317 547/1/317 548/4/317
f 549/1/436 550/54/436 551/54/436
f 549/1/437 551/54/437 552/1/437
f 83/73/138 553/79/141 86/76/140
f 554/81/285 86/76/143 553/79/145
f 553/79/139 83/73/147 555/80/144
f 86/76/143 554/81/285 556/78/137
f 85/75/131 86/76/132 556/78/137
f 557/83/351 556/78/438 554/81/439
f 558/84/151 555/80/9 83/73/147
f 83/73/125 74/64/122 558/84/152
f 555/80/9 558/84/151 559/82/14
f 556/78/438 557/83/396 560/85/354
f 557/83/149 561/86/2 560/85/153
f 562/87/355 556/78/438 560/85/354
f 556/78/137 562/87/440 85/75/358
f 560/85/153 563/88/2 562/87/155
f 564/89/347 559/82/19 558/84/349
f 74/64/345 564/89/347 558/84/152
f 559/82/19 564/89/347 565/91/22
f 566/92/1 565/91/25 564/89/157
f 564/89/347 74/64/345 73/63/97
f 567/90/1 564/89/157 73/63/94
f 568/93/360 85/75/358 562/87/355
f 562/87/155 569/94/2 568/93/164
f 85/75/361 568/93/360 570/77/441
f 80/70/127 85/75/134 570/77/135
f 570/77/442 81/71/115 80/70/127
f 570/77/136 568/93/363 571/95/169
f 568/93/363 572/96/2 571/95/173
f 81/71/115 570/77/136 573/97/172
f 573/97/364 570/77/168 571/95/169
f 573/97/364 571/95/169 574/98/176
f 571/95/173 575/99/2 574/98/176
f 576/100/178 81/71/115 573/97/172
f 574/98/365 576/100/185 573/97/175
f 81/71/443 576/100/178 577/101/444
f 79/69/182 81/71/443 577/101/183
f 574/98/368 578/104/373 576/100/425
f 578/104/187 577/101/188 576/100/190
f 577/101/188 42/42/121 79/69/194
f 42/42/193 577/101/188 579/105/371
f 577/101/188 578/104/187 579/105/195
f 41/41/445 42/42/196 579/105/372
f 578/104/201 41/41/204 579/105/372
f 578/104/191 574/98/368 580/102/367
f 574/98/176 581/103/2 580/102/367
f 580/102/367 582/106/374 578/104/373
f 41/41/213 578/104/201 582/106/200
f 582/106/374 580/102/367 583/108/375
f 580/102/209 584/107/2 583/108/216
f 583/108/375 585/112/376 582/106/446
f 585/112/222 41/41/213 582/106/200
f 585/112/376 583/108/377 586/110/378
f 583/108/216 587/111/2 586/110/215
f 41/41/213 585/112/222 588/109/212
f 586/110/215 589/113/447 585/112/448
f 589/113/221 588/109/223 585/112/222
f 586/110/215 590/114/2 591/115/227
f 589/113/447 586/110/215 591/115/381
f 34/34/229 41/41/320 588/109/214
f 592/130/383 589/113/382 591/115/381
f 591/115/227 593/132/2 592/130/306
f 588/109/223 589/113/221 33/33/228
f 33/33/49 34/34/48 588/109/223
f 589/113/232 17/17/46 33/33/47
f 592/130/383 594/116/235 589/113/382
f 17/17/46 589/113/221 594/116/235
f 595/128/385 594/116/322 592/130/386
f 592/130/386 596/131/2 595/128/303
f 594/116/234 595/128/385 597/127/449
f 12/12/6 594/116/322 597/127/307
f 594/116/322 12/12/6 17/17/46
f 595/128/385 598/124/393 597/127/389
f 598/124/292 12/12/6 597/127/304
f 595/128/303 599/129/2 600/125/296
f 598/124/292 595/128/385 600/125/296
f 601/122/392 598/124/393 600/125/394
f 600/125/296 602/126/2 601/122/300
f 601/122/287 603/123/2 604/121/149
f 605/120/353 601/122/392 604/121/396
f 601/122/392 605/120/353 606/119/450
f 598/124/393 601/122/392 606/119/451
f 10/10/145 606/119/280 605/120/285
f 606/119/283 607/118/398 598/124/297
f 12/12/6 598/124/292 607/118/293
f 606/119/280 10/10/145 608/117/282
f 607/118/398 606/119/283 608/117/284
f 13/13/7 12/12/6 607/118/293
f 608/117/284 13/13/12 607/118/398
f 10/10/4 9/9/328 608/117/282
f 13/13/12 608/117/284 9/9/270
o RenderMesh_116397251752763.001
v 0.116878 -1.087373 -0.088298
v 0.109459 -1.087373 -0.088526
v 0.109231 -1.087373 -0.081107
v 0.116650 -1.087373 -0.080879
v 0.115593 -3.199662 -0.082003
v 0.110354 -3.199662 -0.082164
v 0.110515 -3.199662 -0.087403
v 0.115754 -3.199662 -0.087242
v 0.069491 -1.068917 -0.121661
v 0.057759 -1.095044 -0.099098
v 0.057759 -1.068917 -0.099098
v 0.114809 -1.095044 -0.141792
v 0.089853 -1.068917 -0.136900
v 0.114809 -1.068917 -0.141792
v 0.078130 -1.045366 -0.114328
v 0.068723 -1.045366 -0.096238
v 0.139418 -1.095044 -0.135377
v 0.094454 -1.045366 -0.126542
v 0.093725 -1.029060 -0.101089
v 0.088517 -1.029060 -0.091075
v 0.113054 -1.023282 -0.084676
v 0.102760 -1.029060 -0.107849
v 0.113054 -1.023282 -0.084676
v 0.114461 -1.045366 -0.130469
v 0.113833 -1.029060 -0.110022
v 0.113054 -1.023282 -0.084676
v 0.134189 -1.045366 -0.125321
v 0.139418 -1.068917 -0.135377
v 0.124751 -1.029060 -0.107173
v 0.113054 -1.023282 -0.084676
v 0.149732 -1.045366 -0.112127
v 0.158805 -1.068917 -0.118916
v 0.158805 -1.095044 -0.118916
v 0.169130 -1.068917 -0.095676
v 0.133354 -1.029060 -0.099871
v 0.113054 -1.023282 -0.084676
v 0.137937 -1.029060 -0.089557
v 0.113054 -1.023282 -0.084676
v 0.158011 -1.045366 -0.093495
v 0.168349 -1.068917 -0.070257
v 0.168349 -1.095044 -0.070257
v 0.156617 -1.068917 -0.047692
v 0.147978 -1.045366 -0.055028
v 0.157385 -1.045366 -0.073117
v 0.132383 -1.029060 -0.068266
v 0.137590 -1.029060 -0.078277
v 0.113054 -1.023282 -0.084676
v 0.113054 -1.023282 -0.084676
v -0.001125 -1.204472 -0.206121
v -0.008364 -1.204472 0.029477
v 0.111138 -1.087161 -0.086741
v 0.111017 -1.087161 -0.082786
v -0.008364 -1.204472 0.029477
v 0.227234 -1.204473 0.036716
v 0.111017 -1.087161 -0.082786
v 0.114971 -1.087161 -0.082665
v 0.227234 -1.204473 0.036716
v 0.234473 -1.204472 -0.198882
v 0.114971 -1.087161 -0.082665
v 0.115093 -1.087161 -0.086619
v 0.234473 -1.204472 -0.198882
v -0.001125 -1.204472 -0.206121
v 0.115093 -1.087161 -0.086619
v 0.111138 -1.087161 -0.086741
v 0.111647 -1.045366 -0.038886
v 0.123348 -1.029060 -0.061503
v 0.112275 -1.029060 -0.059331
v 0.113054 -1.023282 -0.084676
v 0.091918 -1.045366 -0.044031
v 0.113054 -1.023282 -0.084676
v 0.101357 -1.029060 -0.062179
v 0.113054 -1.023282 -0.084676
v 0.092754 -1.029060 -0.069484
v 0.076376 -1.045366 -0.057228
v 0.111299 -1.068917 -0.027560
v 0.131654 -1.045366 -0.042810
v 0.113054 -1.023282 -0.084676
v 0.086690 -1.068917 -0.033978
v 0.136255 -1.068917 -0.032455
v 0.086690 -1.095044 -0.033978
v 0.111299 -1.095044 -0.027560
v 0.067303 -1.068917 -0.050436
v 0.056978 -1.068917 -0.073680
v 0.067303 -1.095044 -0.050436
v 0.076376 -1.118599 -0.057228
v 0.056978 -1.095044 -0.073680
v 0.093884 -3.213393 -0.047820
v 0.086384 -3.230533 -0.064725
v 0.097685 -3.230533 -0.055132
v 0.111777 -3.213393 -0.043153
v 0.072279 -3.213393 -0.076688
v 0.080366 -3.230533 -0.078272
v 0.072279 -3.194381 -0.076688
v 0.072847 -3.213393 -0.095171
v 0.072847 -3.194381 -0.095171
v 0.080821 -3.230533 -0.093089
v 0.080821 -3.177240 -0.093089
v 0.095232 -3.242398 -0.089332
v 0.080366 -3.177240 -0.078272
v 0.086384 -3.177240 -0.064725
v 0.094980 -3.242398 -0.081138
v 0.113053 -3.246593 -0.084683
v 0.098307 -3.242398 -0.073650
v 0.113053 -3.246593 -0.084683
v 0.094980 -3.165375 -0.081138
v 0.098307 -3.165375 -0.073650
v 0.113053 -3.161180 -0.084683
v 0.095232 -3.165375 -0.089332
v 0.113053 -3.161180 -0.084683
v 0.104555 -3.242398 -0.068343
v 0.113053 -3.246593 -0.084683
v 0.112488 -3.242398 -0.066276
v 0.113053 -3.246593 -0.084683
v 0.112030 -3.230533 -0.051389
v 0.120532 -3.242398 -0.067852
v 0.113053 -3.246593 -0.084683
v 0.126578 -3.230533 -0.054244
v 0.129923 -3.213393 -0.046712
v 0.129923 -3.194381 -0.046712
v 0.127094 -3.242398 -0.072766
v 0.113053 -3.246593 -0.084683
v 0.138446 -3.230533 -0.063125
v 0.144730 -3.194381 -0.057790
v 0.138446 -3.177240 -0.063125
v 0.144730 -3.213393 -0.057790
v 0.145285 -3.230533 -0.076277
v 0.153260 -3.194381 -0.074199
v 0.153260 -3.213393 -0.074199
v 0.113053 -3.246593 -0.084683
v 0.130874 -3.242398 -0.080035
v 0.153828 -3.213393 -0.092683
v 0.131126 -3.242398 -0.088229
v 0.113053 -3.246593 -0.084683
v 0.145740 -3.230533 -0.091095
v 0.139722 -3.230533 -0.104642
v 0.113053 -3.246593 -0.084683
v 0.127799 -3.242398 -0.095720
v 0.146322 -3.213393 -0.109581
v 0.153828 -3.194381 -0.092683
v 0.132223 -3.213393 -0.121550
v 0.145740 -3.177240 -0.091095
v 0.128421 -3.230533 -0.114235
v 0.146322 -3.194381 -0.109581
v 0.139722 -3.177240 -0.104642
v 0.132223 -3.194381 -0.121550
v 0.114329 -3.213393 -0.126217
v 0.114329 -3.194381 -0.126217
v 0.128421 -3.177240 -0.114235
v 0.114076 -3.177240 -0.117977
v 0.121551 -3.165375 -0.101024
v 0.099529 -3.177240 -0.115123
v 0.113619 -3.165375 -0.103094
v 0.113053 -3.161180 -0.084683
v 0.127799 -3.165375 -0.095720
v 0.113053 -3.161180 -0.084683
v 0.131126 -3.165375 -0.088229
v 0.113053 -3.161180 -0.084683
v 0.113053 -3.161180 -0.084683
v 0.105575 -3.165375 -0.101515
v 0.130874 -3.165375 -0.080035
v 0.113053 -3.161180 -0.084683
v 0.145285 -3.177240 -0.076277
v 0.127094 -3.165375 -0.072766
v 0.113053 -3.161180 -0.084683
v 0.099013 -3.165375 -0.096605
v 0.113053 -3.161180 -0.084683
v 0.113053 -3.161180 -0.084683
v 0.095232 -3.165375 -0.089332
v 0.080821 -3.177240 -0.093089
v 0.087660 -3.177240 -0.106242
v 0.072847 -3.194381 -0.095171
v 0.096183 -3.194381 -0.122658
v 0.081376 -3.194381 -0.111577
v 0.081376 -3.213393 -0.111577
v 0.072847 -3.213393 -0.095171
v 0.096183 -3.213393 -0.122658
v 0.087660 -3.230533 -0.106242
v 0.080821 -3.230533 -0.093089
v 0.095232 -3.242398 -0.089332
v 0.099013 -3.242398 -0.096605
v 0.113053 -3.246593 -0.084683
v 0.099529 -3.230533 -0.115123
v 0.105575 -3.242398 -0.101515
v 0.113053 -3.246593 -0.084683
v 0.114076 -3.230533 -0.117977
v 0.113619 -3.242398 -0.103094
v 0.113053 -3.246593 -0.084683
v 0.121551 -3.242398 -0.101024
v 0.113053 -3.246593 -0.084683
v 0.113053 -3.246593 -0.084683
v 0.110354 -3.199662 -0.082164
v 0.202423 -2.390637 -0.168743
v 0.197094 -2.390637 0.004662
v 0.115754 -3.199662 -0.087242
v 0.023686 -2.390637 -0.000666
v 0.029014 -2.390637 -0.174071
v 0.115593 -3.199662 -0.082003
v 0.029014 -2.390637 -0.174071
v 0.202423 -2.390637 -0.168743
v 0.110515 -3.199662 -0.087403
v 0.197094 -2.390637 0.004662
v 0.023686 -2.390637 -0.000666
v 0.115401 -2.293971 -0.082208
v 0.110559 -2.293971 -0.082356
v 0.110708 -2.293971 -0.087198
v 0.115550 -2.293971 -0.087050
v 0.111996 -2.303776 -0.083708
v 0.110211 -2.300346 -0.082029
v 0.112059 -2.303776 -0.085765
v 0.110380 -2.300346 -0.087547
v 0.114049 -2.303776 -0.083645
v 0.115728 -2.300346 -0.081859
v 0.111996 -2.303776 -0.083708
v 0.110211 -2.300346 -0.082029
v 0.114113 -2.303776 -0.085701
v 0.115728 -2.300346 -0.081859
v 0.114049 -2.303776 -0.083645
v 0.115898 -2.300346 -0.087377
v 0.112059 -2.303776 -0.085765
v 0.110380 -2.300346 -0.087547
v 0.114113 -2.303776 -0.085701
v 0.115898 -2.300346 -0.087377
v 0.112031 -2.325691 -0.051389
v 0.112488 -2.337559 -0.066276
v 0.120532 -2.337559 -0.067852
v 0.113054 -2.341754 -0.084683
v 0.138447 -2.325691 -0.063125
v 0.127094 -2.337559 -0.072765
v 0.113054 -2.341754 -0.084683
v 0.104556 -2.337559 -0.068343
v 0.097686 -2.325691 -0.055132
v 0.113054 -2.341754 -0.084683
v 0.130875 -2.337559 -0.080035
v 0.113054 -2.341754 -0.084683
v 0.145285 -2.325691 -0.076277
v 0.153260 -2.308550 -0.074199
v 0.131126 -2.337559 -0.088228
v 0.113054 -2.341754 -0.084683
v 0.145741 -2.325691 -0.091094
v 0.153828 -2.308550 -0.092682
v 0.139723 -2.325691 -0.104642
v 0.113054 -2.341754 -0.084683
v 0.127800 -2.337559 -0.095720
v 0.146322 -2.308550 -0.109581
v 0.153828 -2.289541 -0.092682
v 0.132223 -2.308550 -0.121550
v 0.146322 -2.289541 -0.109581
v 0.139723 -2.272401 -0.104642
v 0.128422 -2.325691 -0.114238
v 0.121551 -2.337559 -0.101023
v 0.113054 -2.341754 -0.084683
v 0.114330 -2.308550 -0.126217
v 0.132223 -2.289541 -0.121550
v 0.114330 -2.289541 -0.126217
v 0.128422 -2.272401 -0.114238
v 0.121551 -2.260532 -0.101023
v 0.127800 -2.260532 -0.095720
v 0.113054 -2.256338 -0.084683
v 0.114077 -2.272401 -0.117977
v 0.113619 -2.260532 -0.103094
v 0.113054 -2.256338 -0.084683
v 0.099529 -2.272401 -0.115126
v 0.113054 -2.256338 -0.084683
v 0.105575 -2.260532 -0.101514
v 0.096184 -2.289541 -0.122657
v 0.099013 -2.260532 -0.096604
v 0.113054 -2.256338 -0.084683
v 0.113054 -2.256338 -0.084683
v 0.095233 -2.260532 -0.089331
v 0.080822 -2.272401 -0.093089
v 0.087660 -2.272401 -0.106242
v 0.072847 -2.289541 -0.095171
v 0.081377 -2.289541 -0.111576
v 0.081377 -2.308550 -0.111576
v 0.072847 -2.308550 -0.095171
v 0.096184 -2.308550 -0.122657
v 0.087660 -2.325691 -0.106242
v 0.080822 -2.325691 -0.093089
v 0.095233 -2.337559 -0.089331
v 0.099529 -2.325691 -0.115122
v 0.099013 -2.337559 -0.096604
v 0.113054 -2.341754 -0.084683
v 0.114077 -2.325691 -0.117977
v 0.105575 -2.337559 -0.101514
v 0.113054 -2.341754 -0.084683
v 0.113619 -2.337559 -0.103094
v 0.113054 -2.341754 -0.084683
v 0.113054 -2.341754 -0.084683
v 0.113054 -2.256338 -0.084683
v 0.095233 -2.260532 -0.089331
v 0.094981 -2.260532 -0.081138
v 0.080822 -2.272401 -0.093089
v 0.113054 -2.256338 -0.084683
v 0.098308 -2.260532 -0.073650
v 0.086385 -2.272401 -0.064724
v 0.080367 -2.272401 -0.078272
v 0.072279 -2.289541 -0.076687
v 0.072847 -2.289541 -0.095171
v 0.072847 -2.308550 -0.095171
v 0.079785 -2.289541 -0.059786
v 0.093884 -2.289541 -0.047820
v 0.072279 -2.308550 -0.076687
v 0.079785 -2.308550 -0.059786
v 0.093884 -2.308550 -0.047820
v 0.086385 -2.325691 -0.064724
v 0.080366 -2.325691 -0.078272
v 0.080822 -2.325691 -0.093089
v 0.095233 -2.337559 -0.089331
v 0.098308 -2.337559 -0.073650
v 0.113054 -2.341754 -0.084683
v 0.094981 -2.337559 -0.081138
v 0.113054 -2.341754 -0.084683
v 0.113054 -2.341754 -0.084683
v 0.111646 -2.261745 -0.038887
v 0.123347 -2.245440 -0.061503
v 0.112275 -2.245440 -0.059331
v 0.113053 -2.239661 -0.084676
v 0.113053 -2.239661 -0.084676
v 0.132383 -2.245440 -0.068267
v 0.101356 -2.245440 -0.062179
v 0.113053 -2.239661 -0.084676
v 0.131653 -2.261745 -0.042810
v 0.147977 -2.261745 -0.055028
v 0.111298 -2.285297 -0.027560
v 0.091918 -2.261745 -0.044031
v 0.076375 -2.261745 -0.057228
v 0.136255 -2.285297 -0.032456
v 0.086690 -2.285297 -0.033979
v 0.086690 -2.311426 -0.033979
v 0.092753 -2.245440 -0.069485
v 0.113053 -2.239661 -0.084676
v 0.067302 -2.285297 -0.050436
v 0.056977 -2.285297 -0.073677
v 0.068097 -2.261745 -0.075858
v 0.088170 -2.245440 -0.079796
v 0.113053 -2.239661 -0.084676
v 0.088517 -2.245440 -0.091076
v 0.113053 -2.239661 -0.084676
v 0.068723 -2.261745 -0.096239
v 0.057759 -2.285297 -0.099098
v 0.057759 -2.311426 -0.099098
v 0.056977 -2.311426 -0.073677
v 0.067302 -2.311426 -0.050436
v 0.068097 -2.334978 -0.075858
v 0.068723 -2.334978 -0.096239
v 0.076375 -2.334978 -0.057228
v 0.088517 -2.351283 -0.091076
v 0.088170 -2.351283 -0.079796
v 0.113053 -2.357062 -0.084677
v 0.092753 -2.351283 -0.069485
v 0.113053 -2.357062 -0.084677
v 0.101356 -2.351283 -0.062179
v 0.113053 -2.357062 -0.084677
v 0.091918 -2.334978 -0.044031
v 0.112275 -2.351283 -0.059331
v 0.113053 -2.357062 -0.084677
v 0.111298 -2.311426 -0.027560
v 0.111646 -2.334978 -0.038887
v 0.123347 -2.351283 -0.061503
v 0.113053 -2.357062 -0.084677
v 0.131653 -2.334978 -0.042810
v 0.136255 -2.311426 -0.032456
v 0.132383 -2.351283 -0.068267
v 0.113053 -2.357062 -0.084677
v 0.147977 -2.334978 -0.055028
v 0.156616 -2.311426 -0.047692
v 0.156616 -2.285297 -0.047692
v 0.168348 -2.285297 -0.070258
v 0.168348 -2.311426 -0.070258
v 0.157384 -2.334978 -0.073114
v 0.137590 -2.351283 -0.078277
v 0.113053 -2.357062 -0.084677
v 0.158010 -2.334978 -0.093495
v 0.113053 -2.357062 -0.084677
v 0.137936 -2.351283 -0.089557
v 0.133354 -2.351283 -0.099872
v 0.113053 -2.357062 -0.084677
v 0.169129 -2.311426 -0.095676
v 0.149732 -2.334978 -0.112128
v 0.113053 -2.357062 -0.084677
v 0.124750 -2.351283 -0.107174
v 0.134189 -2.334978 -0.125322
v 0.158805 -2.311426 -0.118917
v 0.169129 -2.285297 -0.095676
v 0.139417 -2.311426 -0.135374
v 0.158805 -2.285297 -0.118917
v 0.158010 -2.261745 -0.093495
v 0.113832 -2.351283 -0.110022
v 0.113053 -2.357062 -0.084677
v 0.114460 -2.334978 -0.130469
v 0.149732 -2.261745 -0.112128
v 0.114808 -2.311426 -0.141793
v 0.094453 -2.334978 -0.126543
v 0.113053 -2.357062 -0.084677
v 0.102760 -2.351283 -0.107850
v 0.139417 -2.285297 -0.135374
v 0.093724 -2.351283 -0.101090
v 0.113053 -2.357062 -0.084677
v 0.078130 -2.334978 -0.114328
v 0.113053 -2.357062 -0.084677
v 0.088517 -2.351283 -0.091076
v 0.068723 -2.334978 -0.096239
v 0.057759 -2.311426 -0.099098
v 0.069491 -2.311426 -0.121661
v 0.089852 -2.311426 -0.136898
v 0.069491 -2.285297 -0.121661
v 0.057759 -2.285297 -0.099098
v 0.089852 -2.285297 -0.136897
v 0.078130 -2.261745 -0.114328
v 0.068723 -2.261745 -0.096239
v 0.088517 -2.245440 -0.091076
v 0.093724 -2.245440 -0.101089
v 0.113053 -2.239661 -0.084676
v 0.102760 -2.245440 -0.107850
v 0.113053 -2.239661 -0.084676
v 0.094453 -2.261745 -0.126543
v 0.114808 -2.285297 -0.141793
v 0.114460 -2.261745 -0.130469
v 0.113832 -2.245440 -0.110022
v 0.113053 -2.239661 -0.084676
v 0.134189 -2.261745 -0.125322
v 0.124750 -2.245440 -0.107174
v 0.113053 -2.239661 -0.084676
v 0.133354 -2.245440 -0.099872
v 0.113053 -2.239661 -0.084676
v 0.137936 -2.245440 -0.089557
v 0.113053 -2.239661 -0.084676
v 0.157384 -2.261745 -0.073114
v 0.137590 -2.245440 -0.078277
v 0.113053 -2.239661 -0.084676
v 0.113053 -2.239661 -0.084676
v 0.110559 -2.293971 -0.082356
v 0.234473 -1.204472 -0.198882
v 0.227234 -1.204473 0.036716
v 0.115550 -2.293971 -0.087050
v -0.008364 -1.204472 0.029477
v -0.001125 -1.204472 -0.206121
v 0.115401 -2.293971 -0.082208
v -0.001125 -1.204472 -0.206121
v 0.234473 -1.204472 -0.198882
v 0.110708 -2.293971 -0.087198
v 0.227234 -1.204473 0.036716
v -0.008364 -1.204472 0.029477
v 0.110380 -2.303991 -0.087547
v 0.110380 -2.300346 -0.087547
v 0.110211 -2.303991 -0.082029
v 0.110211 -2.300346 -0.082029
v 0.110211 -2.303991 -0.082029
v 0.110211 -2.300346 -0.082029
v 0.115728 -2.303991 -0.081859
v 0.115728 -2.300346 -0.081859
v 0.115728 -2.303991 -0.081859
v 0.115728 -2.300346 -0.081859
v 0.115898 -2.303991 -0.087377
v 0.115898 -2.300346 -0.087377
v 0.115898 -2.303991 -0.087377
v 0.115898 -2.300346 -0.087377
v 0.110380 -2.303991 -0.087547
v 0.110380 -2.300346 -0.087547
v 0.109459 -1.083732 -0.088526
v 0.109231 -1.087373 -0.081107
v 0.109459 -1.087373 -0.088526
v 0.109231 -1.083732 -0.081107
v 0.109231 -1.083732 -0.081107
v 0.116650 -1.087373 -0.080879
v 0.109231 -1.087373 -0.081107
v 0.116650 -1.083732 -0.080879
v 0.116650 -1.083732 -0.080879
v 0.116878 -1.087373 -0.088298
v 0.116650 -1.087373 -0.080879
v 0.116878 -1.083732 -0.088298
v 0.116878 -1.083732 -0.088298
v 0.109459 -1.087373 -0.088526
v 0.116878 -1.087373 -0.088298
v 0.109459 -1.083732 -0.088526
v 0.112031 -2.272401 -0.051392
v 0.120532 -2.260532 -0.067852
v 0.112488 -2.260532 -0.066276
v 0.113054 -2.256338 -0.084683
v 0.126578 -2.272401 -0.054244
v 0.113054 -2.256338 -0.084683
v 0.127094 -2.260532 -0.072765
v 0.111777 -2.289541 -0.043153
v 0.097686 -2.272401 -0.055132
v 0.104556 -2.260532 -0.068343
v 0.113054 -2.256338 -0.084683
v 0.138447 -2.272401 -0.063125
v 0.113054 -2.256338 -0.084683
v 0.130875 -2.260532 -0.080035
v 0.113054 -2.256338 -0.084683
v 0.129924 -2.289541 -0.046712
v 0.145285 -2.272401 -0.076277
v 0.153260 -2.289541 -0.074199
v 0.145741 -2.272401 -0.091094
v 0.113054 -2.256338 -0.084683
v 0.131126 -2.260532 -0.088228
v 0.113054 -2.256338 -0.084683
v 0.144731 -2.289541 -0.057790
v 0.144731 -2.308550 -0.057790
v 0.129924 -2.308550 -0.046712
v 0.111777 -2.308550 -0.043153
v 0.126578 -2.325691 -0.054244
v 0.029014 -2.390637 -0.174071
v 0.023686 -2.390637 -0.000666
v 0.112059 -2.303776 -0.085765
v 0.111996 -2.303776 -0.083708
v 0.023686 -2.390637 -0.000666
v 0.197094 -2.390637 0.004662
v 0.111996 -2.303776 -0.083708
v 0.114049 -2.303776 -0.083645
v 0.197094 -2.390637 0.004662
v 0.114113 -2.303776 -0.085701
v 0.114049 -2.303776 -0.083645
v 0.202423 -2.390637 -0.168743
v 0.202423 -2.390637 -0.168743
v 0.029014 -2.390637 -0.174071
v 0.114113 -2.303776 -0.085701
v 0.112059 -2.303776 -0.085765
v 0.115898 -2.303991 -0.087377
v 0.110380 -2.303991 -0.087547
v 0.110211 -2.303991 -0.082029
v 0.115728 -2.303991 -0.081859
v 0.112030 -3.177240 -0.051389
v 0.120532 -3.165375 -0.067852
v 0.112488 -3.165375 -0.066276
v 0.113053 -3.161180 -0.084683
v 0.113053 -3.161180 -0.084683
v 0.104555 -3.165375 -0.068343
v 0.113053 -3.161180 -0.084683
v 0.126578 -3.177240 -0.054244
v 0.111777 -3.194381 -0.043153
v 0.097685 -3.177240 -0.055132
v 0.113053 -3.161180 -0.084683
v 0.093884 -3.194381 -0.047820
v 0.079785 -3.194381 -0.059786
v 0.079785 -3.213393 -0.059786
v 0.111138 -1.087161 -0.086741
v 0.111017 -1.087161 -0.082786
v 0.109231 -1.083732 -0.081107
v 0.109459 -1.083732 -0.088526
v 0.111017 -1.087161 -0.082786
v 0.114971 -1.087161 -0.082665
v 0.116650 -1.083732 -0.080879
v 0.109231 -1.083732 -0.081107
v 0.114971 -1.087161 -0.082665
v 0.115093 -1.087161 -0.086619
v 0.116878 -1.083732 -0.088298
v 0.116650 -1.083732 -0.080879
v 0.115093 -1.087161 -0.086619
v 0.111138 -1.087161 -0.086741
v 0.109459 -1.083732 -0.088526
v 0.116878 -1.083732 -0.088298
v 0.057759 -1.095044 -0.099098
v 0.068723 -1.118599 -0.096238
v 0.057759 -1.068917 -0.099098
v 0.068097 -1.118599 -0.075861
v 0.088517 -1.134901 -0.091075
v 0.068097 -1.045366 -0.075861
v 0.068723 -1.045366 -0.096238
v 0.088171 -1.134901 -0.079795
v 0.113054 -1.140683 -0.084676
v 0.092754 -1.134901 -0.069484
v 0.113054 -1.140683 -0.084676
v 0.088171 -1.029060 -0.079795
v 0.088517 -1.029060 -0.091075
v 0.113054 -1.023282 -0.084676
v 0.113054 -1.023282 -0.084676
v 0.101357 -1.134901 -0.062179
v 0.113054 -1.140683 -0.084676
v 0.091918 -1.118599 -0.044031
v 0.112275 -1.134901 -0.059331
v 0.113054 -1.140683 -0.084676
v 0.111647 -1.118599 -0.038887
v 0.123347 -1.134901 -0.061503
v 0.113054 -1.140683 -0.084676
v 0.131654 -1.118599 -0.042810
v 0.136255 -1.095044 -0.032455
v 0.147978 -1.118599 -0.055028
v 0.156616 -1.095044 -0.047692
v 0.132383 -1.134901 -0.068266
v 0.113054 -1.140683 -0.084676
v 0.157384 -1.118599 -0.073117
v 0.137590 -1.134901 -0.078277
v 0.113054 -1.140683 -0.084676
v 0.158011 -1.118599 -0.093495
v 0.137937 -1.134901 -0.089557
v 0.113054 -1.140683 -0.084676
v 0.169130 -1.095044 -0.095676
v 0.149732 -1.118599 -0.112127
v 0.113054 -1.140683 -0.084676
v 0.133354 -1.134901 -0.099871
v 0.124751 -1.134901 -0.107173
v 0.113054 -1.140683 -0.084676
v 0.134189 -1.118599 -0.125321
v 0.113833 -1.134901 -0.110022
v 0.113054 -1.140683 -0.084676
v 0.114461 -1.118599 -0.130469
v 0.094454 -1.118599 -0.126542
v 0.113054 -1.140683 -0.084676
v 0.102760 -1.134901 -0.107849
v 0.093725 -1.134901 -0.101089
v 0.113054 -1.140683 -0.084676
v 0.113054 -1.140683 -0.084676
v 0.088517 -1.134901 -0.091075
v 0.068723 -1.118599 -0.096238
v 0.078130 -1.118599 -0.114328
v 0.089853 -1.095044 -0.136900
v 0.069491 -1.095044 -0.121661
vn -0.0000 1.0000 -0.0000
vn -0.0000 -1.0000 -0.0000
vn -0.7444 0.2158 -0.6319
vn -0.9448 -0.2157 -0.2464
vn -0.9448 0.2158 -0.2465
vn 0.0300 -0.2158 -0.9760
vn -0.3964 0.2158 -0.8924
vn 0.0300 0.2158 -0.9760
vn -0.9448 0.2158 -0.2464
vn -0.6050 0.6084 -0.5136
vn -0.6050 0.6084 -0.5137
vn -0.3965 0.2158 -0.8923
vn -0.7443 0.2159 -0.6320
vn -0.7679 0.6084 -0.2003
vn 0.4504 -0.2158 -0.8663
vn -0.3222 0.6084 -0.7253
vn -0.3964 0.2158 -0.8923
vn -0.3497 0.8886 -0.2969
vn -0.7679 0.6085 -0.2003
vn -0.3222 0.6084 -0.7252
vn -0.6049 0.6085 -0.5136
vn -0.4439 0.8886 -0.1158
vn -0.0001 1.0000 -0.0000
vn -0.3496 0.8886 -0.2968
vn -0.4438 0.8886 -0.1158
vn -0.3222 0.6085 -0.7252
vn -0.1863 0.8886 -0.4192
vn -0.1862 0.8886 -0.4192
vn -0.3496 0.8886 -0.2969
vn 0.0244 0.6084 -0.7933
vn 0.0244 0.6085 -0.7932
vn 0.0141 0.8886 -0.4585
vn -0.1862 0.8886 -0.4191
vn 0.3661 0.6084 -0.7041
vn 0.0244 0.6084 -0.7932
vn 0.3661 0.6085 -0.7041
vn 0.4505 0.2158 -0.8663
vn 0.4504 0.2158 -0.8663
vn 0.2116 0.8886 -0.4070
vn 0.2116 0.8886 -0.4069
vn 0.6354 0.6084 -0.4756
vn 0.3662 0.6084 -0.7041
vn 0.2117 0.8886 -0.4070
vn 0.6354 0.6084 -0.4755
vn 0.7817 0.2158 -0.5851
vn 0.4505 -0.2158 -0.8663
vn 0.7817 -0.2158 -0.5851
vn 0.9582 0.2157 -0.1880
vn 0.7818 -0.2158 -0.5851
vn 0.7818 0.2158 -0.5850
vn 0.9582 0.2158 -0.1880
vn 0.7817 0.2159 -0.5850
vn 0.6354 0.6085 -0.4755
vn 0.3672 0.8886 -0.2749
vn 0.3672 0.8886 -0.2748
vn 0.4502 0.8886 -0.0883
vn 0.3673 0.8886 -0.2748
vn 0.4501 0.8886 -0.0883
vn 0.7788 0.6084 -0.1528
vn 0.7787 0.6085 -0.1528
vn 0.7788 0.6084 -0.1527
vn 0.9448 0.2158 0.2464
vn 0.9582 0.2158 -0.1879
vn 0.9449 -0.2157 0.2464
vn 0.9449 0.2157 0.2464
vn 0.7444 0.2157 0.6319
vn 0.9448 -0.2157 0.2464
vn 0.9448 0.2158 0.2465
vn 0.6050 0.6084 0.5136
vn 0.7444 0.2158 0.6319
vn 0.7679 0.6084 0.2003
vn 0.7679 0.6085 0.2003
vn 0.3497 0.8886 0.2969
vn 0.7788 0.6085 -0.1527
vn 0.4439 0.8886 0.1157
vn 0.7679 0.6085 0.2002
vn 0.4439 0.8886 0.1158
vn 0.0001 1.0000 -0.0000
vn 0.4438 0.8886 0.1158
vn 0.3497 0.8886 0.2968
vn -0.7111 0.7027 -0.0219
vn -0.0219 0.7027 0.7111
vn 0.7111 0.7027 0.0219
vn 0.0219 0.7027 -0.7111
vn -0.0243 0.6085 0.7932
vn 0.1862 0.8886 0.4193
vn -0.0141 0.8886 0.4585
vn 0.1862 0.8886 0.4191
vn -0.3661 0.6085 0.7041
vn -0.0244 0.6084 0.7932
vn -0.2116 0.8886 0.4069
vn -0.2116 0.8886 0.4070
vn -0.0000 1.0000 0.0001
vn -0.3672 0.8886 0.2748
vn -0.2117 0.8886 0.4070
vn -0.6353 0.6085 0.4755
vn -0.3673 0.8886 0.2749
vn -0.3661 0.6084 0.7041
vn -0.0300 0.2158 0.9760
vn 0.1863 0.8886 0.4192
vn 0.3222 0.6084 0.7253
vn -0.0244 0.6084 0.7933
vn 0.3222 0.6085 0.7252
vn 0.3496 0.8886 0.2969
vn 0.6049 0.6085 0.5136
vn -0.6354 0.6084 0.4756
vn -0.4505 0.2158 0.8663
vn -0.3662 0.6084 0.7041
vn -0.0299 0.2158 0.9760
vn 0.3964 0.2158 0.8923
vn 0.3965 0.2158 0.8923
vn 0.6049 0.6084 0.5137
vn -0.4505 -0.2157 0.8663
vn -0.4505 0.2157 0.8663
vn -0.0300 -0.2158 0.9760
vn 0.3964 0.2158 0.8924
vn -0.0300 0.2157 0.9760
vn -0.4504 -0.2158 0.8663
vn -0.0300 -0.2157 0.9760
vn 0.6050 0.6084 0.5137
vn 0.7443 0.2158 0.6320
vn -0.6354 0.6084 0.4755
vn -0.7817 0.2158 0.5851
vn -0.7817 0.2157 0.5851
vn -0.9582 0.2158 0.1880
vn -0.7818 0.2158 0.5850
vn -0.4505 -0.2158 0.8663
vn -0.7817 -0.2158 0.5851
vn -0.9582 0.2157 0.1880
vn -0.7818 -0.2157 0.5851
vn -0.6354 -0.6084 0.4755
vn -0.9582 -0.2158 0.1880
vn -0.7818 -0.2158 0.5850
vn -0.6354 -0.6084 0.4756
vn -0.3662 -0.6084 0.7041
vn -0.3661 -0.6084 0.7041
vn -0.7788 -0.6084 0.1528
vn -0.9582 0.2157 0.1879
vn -0.9449 -0.2157 -0.2464
vn -0.9582 -0.2157 0.1879
vn -0.9449 -0.2158 -0.2464
vn -0.7788 -0.6084 0.1527
vn -0.9582 -0.2158 0.1879
vn -0.9449 0.2157 -0.2464
vn -0.9448 -0.2158 -0.2464
vn -0.7680 -0.6084 -0.2003
vn -0.9582 0.2158 0.1879
vn -0.7680 0.6084 -0.2003
vn -0.4438 -0.8886 -0.1157
vn -0.7679 -0.6084 -0.2002
vn -0.7788 0.6084 0.1527
vn -0.7788 0.6084 0.1528
vn -0.4501 -0.8886 0.0883
vn -0.4500 -0.8887 0.0883
vn -0.3672 -0.8886 0.2748
vn -0.3671 -0.8886 0.2748
vn -0.4501 0.8886 0.0883
vn -0.7679 0.6084 -0.2002
vn -0.4500 0.8887 0.0883
vn -0.3672 0.8886 0.2747
vn -0.4438 0.8886 -0.1157
vn -0.4437 0.8887 -0.1157
vn -0.4500 0.8886 0.0882
vn -0.2116 -0.8886 0.4069
vn -0.3671 -0.8887 0.2748
vn -0.2116 -0.8887 0.4068
vn -0.6353 -0.6084 0.4756
vn -0.3661 -0.6085 0.7041
vn -0.0141 -0.8886 0.4585
vn -0.2115 -0.8887 0.4069
vn -0.0141 -0.8887 0.4583
vn -0.0244 -0.6084 0.7932
vn -0.0141 -0.8886 0.4584
vn -0.0244 -0.6084 0.7933
vn -0.0243 -0.6084 0.7932
vn 0.1862 -0.8886 0.4192
vn 0.1862 -0.8887 0.4191
vn 0.3222 -0.6084 0.7253
vn -0.0243 -0.6084 0.7933
vn 0.1862 -0.8886 0.4191
vn 0.3964 -0.2158 0.8924
vn 0.3964 0.2157 0.8924
vn 0.3964 -0.2157 0.8924
vn 0.3496 -0.8886 0.2969
vn 0.3222 -0.6085 0.7252
vn 0.3496 -0.8887 0.2968
vn 0.6050 -0.6084 0.5137
vn 0.3965 -0.2158 0.8923
vn 0.3223 -0.6084 0.7253
vn 0.3223 -0.6084 0.7252
vn 0.6049 -0.6084 0.5137
vn 0.3965 -0.2157 0.8924
vn 0.7443 0.2157 0.6320
vn 0.3965 0.2157 0.8923
vn 0.7443 -0.2158 0.6320
vn 0.7444 0.2157 0.6320
vn 0.3965 -0.2157 0.8923
vn 0.7444 -0.2157 0.6320
vn 0.3496 -0.8886 0.2968
vn 0.7679 -0.6084 0.2003
vn 0.6050 -0.6084 0.5136
vn 0.7444 -0.2157 0.6319
vn 0.9448 0.2157 0.2464
vn 0.9448 -0.2158 0.2465
vn 0.7444 -0.2158 0.6320
vn 0.9448 0.2157 0.2465
vn 0.7680 -0.6084 0.2003
vn 0.4437 -0.8887 0.1157
vn 0.3497 -0.8886 0.2968
vn 0.4438 -0.8886 0.1158
vn 0.7680 -0.6084 0.2002
vn 0.9582 -0.2158 -0.1879
vn 0.9448 -0.2158 0.2464
vn 0.9582 -0.2157 -0.1879
vn 0.4501 -0.8886 -0.0883
vn 0.4438 -0.8886 0.1157
vn 0.4500 -0.8887 -0.0883
vn 0.7679 -0.6084 0.2002
vn 0.4501 -0.8886 -0.0882
vn 0.7788 -0.6084 -0.1527
vn 0.6354 -0.6084 -0.4755
vn 0.7788 -0.6084 -0.1528
vn 0.9582 -0.2158 -0.1880
vn 0.4500 -0.8886 -0.0883
vn 0.0001 -1.0000 -0.0000
vn 0.3671 -0.8887 -0.2748
vn 0.3672 -0.8886 -0.2748
vn 0.7818 -0.2158 -0.5850
vn 0.9582 0.2157 -0.1879
vn 0.7818 -0.2157 -0.5851
vn 0.9582 -0.2157 -0.1880
vn 0.6354 -0.6084 -0.4756
vn 0.4505 -0.2157 -0.8663
vn 0.3661 -0.6085 -0.7041
vn 0.3662 -0.6084 -0.7041
vn 0.7818 0.2157 -0.5850
vn 0.7818 0.2157 -0.5851
vn 0.7817 -0.2157 -0.5851
vn 0.7817 0.2157 -0.5851
vn 0.4505 0.2157 -0.8663
vn 0.3661 -0.6084 -0.7042
vn 0.4504 -0.2157 -0.8664
vn 0.0300 0.2157 -0.9760
vn 0.4505 0.2157 -0.8664
vn 0.0300 -0.2157 -0.9760
vn 0.3661 0.6084 -0.7042
vn 0.0299 0.2157 -0.9760
vn 0.0243 0.6084 -0.7933
vn 0.0141 0.8886 -0.4584
vn 0.0140 0.8886 -0.4584
vn 0.0243 0.6084 -0.7932
vn -0.0000 1.0000 -0.0001
vn 0.2116 0.8887 -0.4069
vn 0.0141 0.8887 -0.4583
vn 0.3671 0.8887 -0.2748
vn 0.2116 0.8886 -0.4068
vn 0.4500 0.8886 -0.0883
vn -0.1862 0.8887 -0.4191
vn 0.4438 0.8886 0.1157
vn 0.4437 0.8887 0.1157
vn 0.4500 0.8886 -0.0882
vn 0.7679 0.6084 0.2002
vn 0.9449 0.2158 0.2464
vn 0.7680 0.6084 0.2003
vn 0.3496 0.8887 0.2968
vn 0.4437 0.8886 0.1158
vn -0.3496 0.8887 -0.2968
vn -0.4437 0.8886 -0.1157
vn -0.3965 0.2157 -0.8923
vn -0.7443 0.2158 -0.6320
vn -0.3964 0.2157 -0.8924
vn -0.7444 -0.2157 -0.6320
vn -0.9448 0.2157 -0.2465
vn -0.7444 0.2157 -0.6320
vn -0.9448 0.2157 -0.2464
vn -0.7444 -0.2157 -0.6319
vn -0.3965 -0.2157 -0.8923
vn -0.7443 0.2157 -0.6320
vn -0.3964 -0.2157 -0.8924
vn -0.6050 -0.6084 -0.5136
vn -0.9448 -0.2158 -0.2465
vn -0.7444 -0.2158 -0.6319
vn -0.6050 -0.6084 -0.5137
vn -0.7443 -0.2158 -0.6320
vn -0.7679 -0.6084 -0.2003
vn -0.4438 -0.8886 -0.1158
vn -0.3497 -0.8886 -0.2968
vn -0.3496 -0.8887 -0.2968
vn -0.4437 -0.8886 -0.1157
vn -0.3964 -0.2158 -0.8923
vn -0.3223 -0.6084 -0.7253
vn -0.3222 -0.6084 -0.7253
vn -0.3964 -0.2158 -0.8924
vn -0.1863 -0.8886 -0.4191
vn -0.3496 -0.8886 -0.2969
vn -0.1862 -0.8886 -0.4192
vn -0.3222 -0.6084 -0.7252
vn -0.1862 -0.8886 -0.4191
vn -0.0000 -1.0000 -0.0001
vn -0.3496 -0.8886 -0.2968
vn 0.0243 -0.6084 -0.7933
vn 0.0244 -0.6084 -0.7933
vn 0.0141 -0.8886 -0.4584
vn 0.0243 -0.6084 -0.7932
vn -0.1862 -0.8887 -0.4191
vn 0.2116 -0.8886 -0.4069
vn 0.0244 -0.6084 -0.7932
vn 0.2116 -0.8887 -0.4069
vn 0.0141 -0.8887 -0.4583
vn 0.9935 -0.1098 0.0305
vn -0.9935 -0.1098 -0.0305
vn 0.0305 -0.1098 -0.9935
vn -0.0305 -0.1098 0.9935
vn -0.8921 -0.4510 -0.0274
vn -0.8923 -0.4507 -0.0274
vn -0.0274 -0.4507 0.8923
vn 0.8921 -0.4510 0.0274
vn 0.8923 -0.4507 0.0274
vn 0.0274 -0.4507 -0.8922
vn 0.9449 -0.2158 0.2464
vn 0.7818 -0.2157 -0.5850
vn 0.3661 -0.6084 -0.7041
vn 0.3672 -0.8886 -0.2749
vn 0.6353 0.6084 -0.4755
vn -0.1863 0.8886 -0.4191
vn -0.3497 0.8886 -0.2968
vn -0.3223 0.6084 -0.7253
vn -0.7444 0.2158 -0.6320
vn -0.3223 -0.6084 -0.7252
vn 0.0140 -0.8886 -0.4585
vn -0.3671 0.8887 0.2748
vn -0.7818 0.2158 0.5851
vn -0.9582 -0.2157 0.1880
vn -0.7818 0.2157 0.5850
vn -0.7817 -0.2157 0.5851
vn -0.7818 -0.2157 0.5850
vn -0.6353 -0.6084 0.4755
vn -0.2116 -0.8887 0.4069
vn -0.0244 0.6085 0.7932
vn 0.1862 0.8886 0.4192
vn 0.6049 0.6085 0.5137
vn 0.3964 0.2159 0.8923
vn -0.4504 0.2158 0.8663
vn -0.7787 0.6084 0.1528
vn -0.6354 0.6085 0.4755
vn -0.7787 0.6085 0.1528
vn -0.4502 0.8886 0.0883
vn -0.4439 0.8886 -0.1157
vn -0.7788 0.6085 0.1527
vn -0.7818 -0.2158 0.5851
vn -0.4439 -0.8886 -0.1157
vn -0.7788 -0.6085 0.1527
vn -0.7679 -0.6085 -0.2003
vn -0.4502 -0.8886 0.0883
vn -0.3673 -0.8886 0.2749
vn -0.7787 -0.6085 0.1528
vn -0.7787 -0.6084 0.1528
vn -0.6354 -0.6085 0.4755
vn -0.0001 -1.0000 -0.0000
vn -0.2117 -0.8886 0.4070
vn -0.6353 -0.6085 0.4755
vn -0.3672 -0.8886 0.2749
vn -0.2116 -0.8886 0.4070
vn -0.0244 -0.6085 0.7932
vn 0.1862 -0.8886 0.4193
vn -0.0243 -0.6085 0.7932
vn 0.3497 -0.8886 0.2969
vn 0.1863 -0.8886 0.4192
vn -0.0000 -1.0000 0.0001
vn 0.6049 -0.6085 0.5136
vn 0.7443 -0.2157 0.6320
vn 0.7444 -0.2158 0.6319
vn 0.6050 -0.6085 0.5136
vn 0.7679 -0.6085 0.2003
vn 0.4439 -0.8886 0.1158
vn 0.7788 -0.6085 -0.1527
vn 0.4439 -0.8886 0.1157
vn 0.4502 -0.8886 -0.0883
vn 0.7787 -0.6085 -0.1528
vn 0.3673 -0.8886 -0.2748
vn 0.3673 -0.8886 -0.2749
vn 0.6353 -0.6085 -0.4755
vn 0.2117 -0.8886 -0.4070
vn 0.6353 -0.6084 -0.4756
vn 0.0141 -0.8886 -0.4585
vn 0.2116 -0.8886 -0.4070
vn 0.7817 0.2159 -0.5851
vn 0.4505 -0.2159 -0.8663
vn 0.0243 -0.6085 -0.7932
vn -0.3222 -0.6085 -0.7253
vn -0.1862 -0.8886 -0.4193
vn -0.3497 -0.8886 -0.2969
vn -0.3222 -0.6085 -0.7252
vn -0.1863 -0.8886 -0.4192
vn -0.6049 -0.6085 -0.5136
vn -0.4439 -0.8886 -0.1158
vn -0.7443 -0.2159 -0.6319
vn -0.3965 -0.2158 -0.8923
vn -0.7443 -0.2157 -0.6320
vn -0.6050 0.6085 -0.5136
vn 0.0299 0.2158 -0.9760
vn -0.3964 0.2159 -0.8923
vn 0.7787 0.6085 -0.1527
vn 0.6050 0.6085 0.5136
vn 0.9935 -0.1097 0.0305
vn -0.9935 -0.1097 -0.0305
vn 0.0305 -0.1097 -0.9935
vn -0.0305 -0.1097 0.9935
vn 0.9995 -0.0000 0.0307
vn 0.0307 -0.0000 -0.9995
vn -0.9995 -0.0000 -0.0307
vn -0.0307 -0.0000 0.9995
vn -0.0243 0.6084 0.7932
vn -0.0140 0.8886 0.4584
vn -0.0141 0.8887 0.4583
vn 0.1862 0.8887 0.4191
vn -0.0243 0.6084 0.7933
vn -0.0141 0.8886 0.4584
vn -0.3661 0.6084 0.7042
vn -0.2116 0.8887 0.4068
vn 0.3223 0.6084 0.7252
vn 0.9449 -0.2157 0.2465
vn -0.4504 -0.2157 0.8664
vn -0.4505 0.2157 0.8664
vn 0.3222 -0.6084 0.7252
vn -0.7114 0.7024 -0.0219
vn -0.0219 0.7024 0.7115
vn 0.7114 0.7024 0.0219
vn 0.0219 0.7024 -0.7115
vn 0.3496 0.8886 0.2968
vn -0.0141 0.8887 0.4584
vn 0.1863 0.8886 0.4191
vn -0.6353 0.6084 0.4755
vn -0.7818 0.2157 0.5851
vn -0.0274 -0.4510 0.8921
vn 0.0274 -0.4507 -0.8923
vn 0.0274 -0.4510 -0.8921
vn -0.7787 -0.6085 0.1527
vn -0.7679 -0.6085 -0.2002
vn -0.3673 -0.8886 0.2748
vn -0.3662 -0.6085 0.7041
vn -0.3661 -0.6084 0.7042
vn -0.0299 -0.2158 0.9760
vn 0.3964 -0.2158 0.8923
vn 0.9448 -0.2157 0.2465
vn 0.7679 -0.6085 0.2002
vn 0.6354 -0.6085 -0.4755
vn 0.7787 -0.6085 -0.1527
vn 0.0244 -0.6085 -0.7932
vn -0.6050 -0.6085 -0.5136
vn -0.6049 -0.6084 -0.5137
vt 0.375000 0.750000
vt 0.125000 0.750000
vt 0.125000 0.500000
vt 0.375000 0.500000
vt 0.875000 0.750000
vt 0.625000 0.750000
vt 0.625000 0.500000
vt 0.875000 0.500000
vt 0.071429 0.428571
vt 0.000000 0.571429
vt 0.000000 0.428571
vt 0.214286 0.571429
vt 0.142857 0.428571
vt 0.214286 0.428571
vt 0.071429 0.285714
vt 0.000000 0.285714
vt 0.285714 0.571429
vt 0.142857 0.285714
vt 0.071429 0.142857
vt 0.000000 0.142857
vt 0.035714 0.000000
vt 0.142857 0.142857
vt 0.107143 0.000000
vt 0.214286 0.285714
vt 0.214286 0.142857
vt 0.178571 0.000000
vt 0.285714 0.285714
vt 0.285714 0.428571
vt 0.285714 0.142857
vt 0.250000 0.000000
vt 0.357143 0.285714
vt 0.357143 0.428571
vt 0.357143 0.571429
vt 0.428571 0.428571
vt 0.357143 0.142857
vt 0.321429 0.000000
vt 0.428571 0.142857
vt 0.392857 0.000000
vt 0.428571 0.285714
vt 0.500000 0.428571
vt 0.500000 0.571429
vt 0.571429 0.428571
vt 0.571429 0.285714
vt 0.500000 0.285714
vt 0.571429 0.142857
vt 0.500000 0.142857
vt 0.464286 0.000000
vt 0.535714 0.000000
vt 0.625000 0.000000
vt 0.625000 0.250000
vt 0.375000 0.000000
vt 0.375000 0.250000
vt 0.625000 1.000000
vt 0.375000 1.000000
vt 0.714286 0.285714
vt 0.642857 0.142857
vt 0.714286 0.142857
vt 0.678571 0.000000
vt 0.785714 0.285714
vt 0.750000 0.000000
vt 0.785714 0.142857
vt 0.821429 0.000000
vt 0.857143 0.142857
vt 0.857143 0.285714
vt 0.714286 0.428571
vt 0.642857 0.285714
vt 0.607143 0.000000
vt 0.785714 0.428571
vt 0.642857 0.428571
vt 0.785714 0.571429
vt 0.714286 0.571429
vt 0.857143 0.428571
vt 0.928571 0.428571
vt 0.857143 0.571429
vt 0.857143 0.714286
vt 0.928571 0.571429
vt 0.785714 0.714286
vt 0.928571 0.714286
vt 1.000000 0.571429
vt 1.000000 0.428571
vt 1.000000 0.714286
vt 1.000000 0.285714
vt 1.000000 0.857143
vt 0.928571 0.285714
vt 0.928571 0.857143
vt 0.964286 1.000000
vt 0.857143 0.857143
vt 0.892857 1.000000
vt 0.928571 0.142857
vt 0.892857 0.000000
vt 1.000000 0.142857
vt 0.964286 0.000000
vt 0.785714 0.857143
vt 0.821429 1.000000
vt 0.714286 0.857143
vt 0.750000 1.000000
vt 0.714286 0.714286
vt 0.642857 0.857143
vt 0.678571 1.000000
vt 0.642857 0.714286
vt 0.642857 0.571429
vt 0.571429 0.857143
vt 0.607143 1.000000
vt 0.571429 0.714286
vt 0.571429 0.571429
vt 0.500000 0.714286
vt 0.535714 1.000000
vt 0.500000 0.857143
vt 0.428571 0.571429
vt 0.428571 0.857143
vt 0.464286 1.000000
vt 0.428571 0.714286
vt 0.357143 0.714286
vt 0.392857 1.000000
vt 0.357143 0.857143
vt 0.285714 0.714286
vt 0.071429 0.571429
vt 0.142857 0.571429
vt 0.071429 0.714286
vt 0.000000 0.714286
vt 0.000000 0.857143
vt 0.071429 0.857143
vt 0.035714 1.000000
vt 0.142857 0.714286
vt 0.142857 0.857143
vt 0.107143 1.000000
vt 0.214286 0.714286
vt 0.214286 0.857143
vt 0.178571 1.000000
vt 0.285714 0.857143
vt 0.250000 1.000000
vt 0.321429 1.000000
s 0
f 609/133/452 610/134/452 611/135/452
f 609/133/452 611/135/452 612/136/452
f 613/137/453 614/138/453 615/139/453
f 613/137/453 615/139/453 616/140/453
f 617/141/454 618/142/455 619/143/456
f 620/144/457 621/145/458 622/146/459
f 619/143/460 623/147/461 617/141/454
f 623/147/462 621/145/463 617/141/464
f 623/147/461 619/143/460 624/148/465
f 622/146/459 625/149/466 620/144/457
f 621/145/463 623/147/462 626/150/467
f 626/150/467 622/146/459 621/145/468
f 627/151/469 623/147/461 624/148/470
f 627/151/469 626/150/471 623/147/472
f 627/151/469 624/148/470 628/152/473
f 629/153/474 627/151/475 628/152/476
f 626/150/477 627/151/469 630/154/478
f 631/155/452 630/154/479 627/151/480
f 622/146/459 626/150/467 632/156/481
f 630/154/478 632/156/482 626/150/477
f 632/156/482 630/154/479 633/157/483
f 634/158/452 633/157/483 630/154/484
f 635/159/485 622/146/459 632/156/486
f 633/157/483 635/159/487 632/156/482
f 622/146/459 635/159/485 636/160/488
f 625/149/466 622/146/459 636/160/489
f 635/159/487 633/157/483 637/161/490
f 638/162/452 637/161/491 633/157/483
f 639/163/492 636/160/488 635/159/493
f 637/161/494 639/163/495 635/159/487
f 640/164/496 625/149/497 636/160/488
f 636/160/488 639/163/492 640/164/496
f 625/149/497 640/164/496 641/165/498
f 642/166/499 641/165/500 640/164/501
f 639/163/495 642/166/502 640/164/503
f 639/163/504 637/161/494 643/167/505
f 644/168/452 643/167/506 637/161/491
f 645/169/507 639/163/504 643/167/508
f 646/170/452 645/169/509 643/167/506
f 642/166/502 639/163/495 647/171/510
f 645/169/509 647/171/511 639/163/495
f 647/171/512 648/172/513 642/166/514
f 649/173/515 642/166/514 648/172/516
f 650/174/517 649/173/518 648/172/519
f 648/172/513 651/175/520 650/174/521
f 651/175/520 648/172/513 652/176/522
f 648/172/513 647/171/512 652/176/522
f 652/176/523 653/177/524 651/175/520
f 647/171/525 645/169/507 654/178/526
f 647/171/525 654/178/526 652/176/527
f 653/177/524 652/176/523 654/178/528
f 655/179/529 654/178/530 645/169/509
f 656/180/529 653/177/531 654/178/530
f 657/181/532 658/182/532 659/183/532
f 659/183/532 658/182/532 660/184/532
f 661/182/533 662/139/533 663/184/533
f 663/184/533 662/139/533 664/136/533
f 665/139/534 666/138/534 667/136/534
f 667/136/534 666/138/534 668/133/534
f 669/138/535 670/185/535 671/133/535
f 671/133/535 670/185/535 672/186/535
f 673/187/536 674/188/537 675/189/538
f 676/190/452 675/189/538 674/188/539
f 675/189/538 677/191/540 673/187/541
f 678/192/452 679/193/542 675/189/538
f 677/191/540 675/189/538 679/193/543
f 680/194/544 681/195/545 679/193/542
f 679/193/546 682/196/547 677/191/540
f 682/196/547 679/193/546 681/195/548
f 677/191/549 683/197/550 673/187/541
f 674/188/551 673/187/536 684/198/552
f 683/197/550 684/198/552 673/187/553
f 684/198/554 653/177/524 674/188/551
f 685/199/544 674/188/539 653/177/555
f 653/177/524 684/198/554 651/175/556
f 682/196/557 686/200/558 677/191/559
f 683/197/550 677/191/549 686/200/558
f 684/198/552 683/197/560 687/201/561
f 687/201/562 651/175/563 684/198/552
f 688/202/564 683/197/550 686/200/565
f 689/203/566 687/201/567 683/197/550
f 683/197/568 688/202/569 689/203/570
f 651/175/571 687/201/562 650/174/572
f 686/200/558 682/196/573 690/204/574
f 690/204/575 688/202/564 686/200/558
f 682/196/573 691/205/576 690/204/577
f 688/202/578 690/204/575 692/206/579
f 691/205/580 692/206/581 690/204/577
f 693/207/582 688/202/578 692/206/579
f 692/206/581 691/205/580 694/208/583
f 694/208/583 693/207/582 692/206/584
f 695/202/578 696/207/585 697/209/586
f 697/209/587 698/203/570 695/202/578
f 696/207/582 699/208/583 700/210/588
f 701/205/589 702/211/590 699/208/591
f 702/211/592 700/210/593 699/208/594
f 702/211/590 701/205/589 703/212/595
f 700/210/593 702/211/596 704/213/597
f 701/205/598 705/214/599 703/212/460
f 706/215/600 700/210/593 704/213/601
f 705/214/599 701/205/598 707/216/602
f 701/205/576 708/196/573 707/216/603
f 700/210/593 706/215/600 709/217/604
f 706/215/600 710/218/453 709/217/605
f 711/219/606 700/210/588 709/217/604
f 700/210/588 711/219/606 696/207/582
f 709/217/605 712/220/453 711/219/607
f 708/196/573 713/221/608 707/216/603
f 713/221/608 705/214/609 707/216/602
f 713/221/608 708/196/573 714/195/545
f 715/222/452 713/221/610 714/195/611
f 705/214/609 713/221/608 716/223/612
f 717/224/452 716/223/613 713/221/614
f 718/225/615 696/207/582 711/219/606
f 711/219/616 719/226/453 718/225/617
f 696/207/618 718/225/615 697/209/586
f 697/209/619 718/225/615 720/227/620
f 718/225/621 721/228/453 720/227/622
f 722/229/623 697/209/587 720/227/624
f 698/203/566 697/209/587 722/229/625
f 722/229/626 720/227/624 723/230/627
f 720/227/622 724/231/453 723/230/628
f 725/232/629 698/203/566 722/229/630
f 723/230/631 725/232/629 722/229/626
f 698/203/566 725/232/629 726/233/632
f 727/201/633 698/203/570 726/233/634
f 728/234/635 725/232/636 723/230/631
f 723/230/628 729/235/453 728/234/637
f 730/236/638 726/233/639 725/232/640
f 725/232/641 728/234/635 730/236/642
f 726/233/643 731/174/644 727/201/645
f 732/175/571 727/201/562 731/174/572
f 726/233/639 730/236/638 733/237/646
f 731/174/647 726/233/648 733/237/649
f 728/234/650 734/238/651 730/236/652
f 735/172/513 732/175/520 731/174/517
f 733/237/653 735/172/654 731/174/647
f 730/236/652 736/173/655 733/237/656
f 735/172/657 733/237/653 736/173/515
f 736/173/655 730/236/652 734/238/658
f 728/234/650 737/239/453 738/240/659
f 734/238/651 728/234/660 738/240/661
f 734/238/662 739/241/663 736/173/664
f 739/241/665 735/172/516 736/173/515
f 740/242/666 734/238/651 738/240/667
f 738/240/667 741/243/453 740/242/668
f 734/238/669 740/242/670 742/244/671
f 739/241/663 734/238/658 742/244/671
f 740/242/666 743/245/672 742/244/673
f 743/245/672 739/241/674 742/244/673
f 740/242/675 744/246/676 745/247/677
f 743/245/672 740/242/666 745/247/678
f 739/241/674 743/245/672 746/165/679
f 735/172/516 739/241/665 747/166/680
f 746/165/681 747/166/499 739/241/682
f 743/245/683 748/149/684 746/165/498
f 749/171/512 735/172/513 747/166/514
f 745/247/678 750/248/685 743/245/672
f 748/149/497 743/245/683 750/248/686
f 747/166/499 746/165/681 751/164/687
f 748/149/684 751/164/688 746/165/689
f 752/163/495 747/166/502 751/164/501
f 747/166/502 752/163/495 749/171/510
f 751/164/690 748/149/684 753/160/691
f 753/160/691 752/163/492 751/164/496
f 750/248/692 754/144/457 748/149/497
f 748/149/693 755/146/694 753/160/695
f 755/146/694 748/149/693 754/144/696
f 752/163/492 753/160/488 756/159/493
f 755/146/459 756/159/697 753/160/488
f 756/159/697 755/146/459 757/156/481
f 758/161/491 752/163/495 756/159/493
f 755/146/698 759/150/467 757/156/699
f 760/157/700 756/159/485 757/156/482
f 756/159/485 760/157/700 758/161/491
f 759/150/467 760/157/701 757/156/702
f 761/162/703 758/161/704 760/157/705
f 752/163/495 758/161/491 762/167/506
f 763/168/452 762/167/706 758/161/707
f 762/167/506 749/171/510 752/163/495
f 749/171/510 762/167/506 764/169/509
f 765/170/452 764/169/708 762/167/706
f 766/158/703 760/157/705 767/154/709
f 760/157/700 759/150/467 767/154/484
f 749/171/512 764/169/509 768/178/710
f 769/179/452 768/178/711 764/169/712
f 749/171/512 768/178/710 770/176/713
f 735/172/714 749/171/512 770/176/715
f 732/175/520 735/172/519 770/176/715
f 768/178/530 732/175/520 770/176/522
f 732/175/520 768/178/530 771/177/531
f 772/180/529 771/177/716 768/178/717
f 759/150/471 773/151/475 767/154/479
f 774/155/452 767/154/709 773/151/718
f 775/153/474 773/151/718 776/152/719
f 773/151/475 777/148/465 776/152/476
f 773/151/475 778/147/461 777/148/465
f 773/151/475 759/150/471 778/147/462
f 778/147/461 779/143/456 777/148/465
f 780/145/468 778/147/462 759/150/467
f 759/150/467 755/146/459 780/145/468
f 779/143/456 778/147/461 781/141/454
f 778/147/462 780/145/720 781/141/721
f 754/144/696 780/145/722 755/146/694
f 782/249/723 779/143/724 781/141/725
f 779/143/726 782/249/727 783/142/590
f 784/250/728 781/141/729 780/145/720
f 781/141/725 784/250/728 782/249/723
f 780/145/722 754/144/696 784/250/730
f 785/251/731 783/142/732 782/249/733
f 784/250/728 785/251/734 782/249/735
f 783/142/732 785/251/731 786/252/597
f 786/252/736 785/251/731 787/253/737
f 785/251/731 788/254/738 787/253/737
f 788/254/739 789/255/453 787/253/740
f 785/251/734 784/250/741 790/256/742
f 754/144/457 790/256/743 784/250/744
f 785/251/731 791/257/745 788/254/746
f 791/257/747 785/251/734 790/256/748
f 791/257/749 792/258/750 788/254/751
f 790/256/743 754/144/457 793/259/752
f 754/144/457 750/248/692 793/259/753
f 790/256/743 794/260/754 791/257/749
f 794/260/754 790/256/743 793/259/755
f 794/260/754 795/261/750 791/257/756
f 796/262/757 793/259/758 750/248/685
f 793/259/758 796/262/757 794/260/754
f 796/262/759 797/263/453 794/260/760
f 750/248/686 745/247/678 796/262/757
f 745/247/677 798/264/453 796/262/759
f 799/138/761 800/138/761 801/139/761
f 802/182/762 803/182/762 804/181/762
f 805/185/763 806/185/763 807/138/763
f 808/139/764 809/139/764 810/182/764
f 811/137/453 812/138/453 813/139/453
f 811/137/453 813/139/453 814/140/453
f 815/184/765 816/184/765 817/183/765
f 817/183/766 816/184/766 818/183/766
f 819/136/767 820/136/767 821/184/767
f 821/184/767 820/136/767 822/184/767
f 823/133/768 824/136/768 825/136/768
f 824/136/769 823/133/769 826/133/769
f 827/186/770 828/186/770 829/133/770
f 829/133/770 828/186/770 830/133/770
f 831/229/623 832/227/620 833/230/631
f 832/227/622 834/231/453 833/230/628
f 835/236/652 833/230/627 836/234/635
f 833/230/628 837/235/453 836/234/637
f 831/229/623 838/225/615 832/227/624
f 838/225/615 831/229/623 839/209/587
f 838/225/621 840/228/453 832/227/622
f 841/240/661 835/236/652 836/234/660
f 836/234/650 842/239/676 841/240/659
f 835/236/652 841/240/661 843/238/651
f 844/173/655 835/236/652 843/238/658
f 845/242/670 843/238/651 841/240/667
f 841/240/667 846/243/453 845/242/668
f 847/244/671 844/173/771 843/238/662
f 843/238/669 845/242/666 847/244/671
f 844/173/664 847/244/671 848/241/663
f 845/242/666 849/245/672 847/244/673
f 849/245/672 848/241/674 847/244/673
f 845/242/675 850/246/676 851/247/677
f 849/245/672 845/242/666 851/247/678
f 848/241/674 849/245/672 852/165/679
f 852/165/772 853/166/680 848/241/682
f 849/245/683 854/149/684 852/165/500
f 853/166/499 852/165/772 855/164/687
f 854/149/684 855/164/688 852/165/689
f 856/163/495 853/166/502 855/164/501
f 851/247/678 857/248/773 849/245/672
f 854/149/497 849/245/683 857/248/686
f 857/248/773 851/247/774 858/262/757
f 851/247/677 859/264/453 858/262/759
f 857/248/773 860/144/696 854/149/497
f 861/160/691 856/163/492 855/164/690
f 855/164/688 854/149/684 861/160/691
f 854/149/693 862/146/694 861/160/695
f 862/146/694 854/149/693 860/144/696
f 856/163/492 861/160/488 863/159/493
f 862/146/459 863/159/485 861/160/488
f 864/161/491 856/163/775 863/159/485
f 856/163/495 864/161/491 865/167/506
f 866/168/452 865/167/706 864/161/704
f 863/159/485 862/146/459 867/156/481
f 863/159/485 868/157/700 864/161/491
f 868/157/700 863/159/485 867/156/486
f 869/162/703 864/161/491 868/157/705
f 862/146/459 870/150/467 867/156/699
f 870/150/467 868/157/700 867/156/702
f 871/158/703 868/157/705 872/154/484
f 868/157/700 870/150/467 872/154/479
f 870/150/467 862/146/694 873/145/458
f 860/144/696 873/145/722 862/146/694
f 870/150/467 874/151/475 872/154/776
f 875/155/452 872/154/709 874/151/718
f 876/153/474 874/151/718 877/152/719
f 874/151/777 878/148/465 877/152/612
f 874/151/480 870/150/471 879/147/462
f 874/151/475 879/147/461 878/148/465
f 873/145/463 879/147/462 870/150/778
f 879/147/461 880/143/456 878/148/465
f 879/147/462 873/145/720 881/141/779
f 880/143/456 879/147/461 881/141/454
f 882/249/727 880/143/726 881/141/725
f 873/145/720 882/249/723 881/141/725
f 880/143/726 882/249/727 883/142/590
f 882/249/723 873/145/720 884/250/728
f 873/145/722 860/144/696 884/250/730
f 885/251/731 883/142/732 882/249/733
f 884/250/728 885/251/734 882/249/735
f 883/142/732 885/251/731 886/252/597
f 886/252/736 885/251/731 887/253/737
f 885/251/734 884/250/741 888/256/742
f 860/144/457 888/256/743 884/250/744
f 885/251/731 889/254/738 887/253/737
f 888/256/748 889/254/746 885/251/734
f 889/254/739 890/255/453 887/253/740
f 888/256/743 860/144/457 891/259/752
f 860/144/457 857/248/773 891/259/753
f 889/254/746 888/256/780 892/257/749
f 891/259/755 892/257/747 888/256/743
f 892/257/749 893/258/750 889/254/739
f 858/262/757 891/259/758 857/248/685
f 892/257/747 891/259/755 894/260/781
f 891/259/758 858/262/757 894/260/754
f 894/260/760 895/261/750 892/257/756
f 858/262/759 896/263/453 894/260/760
f 897/224/452 898/223/613 899/221/614
f 900/214/609 899/221/608 898/223/612
f 901/222/452 899/221/610 902/195/782
f 899/221/608 903/196/573 902/195/545
f 899/221/608 900/214/609 904/216/602
f 903/196/573 899/221/608 904/216/603
f 900/214/599 905/205/589 904/216/602
f 905/205/576 903/196/573 904/216/603
f 905/205/598 900/214/599 906/212/726
f 907/211/590 905/205/589 906/212/595
f 903/196/573 905/205/576 908/204/783
f 909/200/558 903/196/557 908/204/574
f 905/205/589 907/211/590 910/208/591
f 910/208/784 908/204/785 905/205/580
f 911/206/581 909/200/565 908/204/575
f 908/204/785 910/208/784 911/206/581
f 909/200/565 911/206/786 912/202/564
f 913/207/585 912/202/578 911/206/579
f 910/208/583 913/207/582 911/206/787
f 912/202/578 913/207/585 839/209/586
f 907/211/592 914/210/593 910/208/594
f 913/207/582 910/208/583 914/210/588
f 914/210/593 907/211/596 915/213/597
f 916/215/600 914/210/593 915/213/736
f 917/219/606 839/209/586 913/207/788
f 914/210/588 917/219/606 913/207/582
f 839/209/586 917/219/606 838/225/615
f 917/219/616 918/226/453 838/225/789
f 917/219/606 914/210/588 919/217/604
f 914/210/593 916/215/737 919/217/604
f 919/217/605 920/220/453 917/219/616
f 916/215/600 921/218/453 919/217/605
f 922/187/536 923/188/537 924/189/538
f 925/190/452 924/189/538 923/188/539
f 926/199/452 923/188/539 927/177/555
f 922/187/790 924/189/538 928/193/543
f 929/192/452 928/193/542 924/189/538
f 923/188/791 922/187/536 930/198/554
f 923/188/551 931/175/556 927/177/524
f 930/198/554 931/175/792 923/188/551
f 932/197/550 930/198/552 922/187/541
f 928/193/543 933/191/549 922/187/790
f 933/191/549 932/197/550 922/187/541
f 928/193/546 934/196/547 933/191/540
f 930/198/552 932/197/560 935/201/793
f 935/201/562 931/175/563 930/198/552
f 932/197/550 933/191/549 936/200/794
f 934/196/573 936/200/558 933/191/559
f 937/202/578 932/197/550 936/200/794
f 934/196/547 928/193/546 938/195/548
f 939/194/452 938/195/545 928/193/542
f 936/200/558 934/196/557 940/204/574
f 940/204/575 937/202/564 936/200/558
f 934/196/573 941/205/576 940/204/577
f 938/195/548 942/216/795 934/196/796
f 941/205/576 934/196/573 942/216/603
f 942/216/797 938/195/548 943/221/798
f 944/222/452 943/221/608 938/195/545
f 945/223/799 942/216/800 943/221/798
f 946/224/452 945/223/476 943/221/608
f 947/214/470 942/216/800 945/223/473
f 947/214/465 941/205/598 942/216/602
f 941/205/598 947/214/465 948/212/460
f 949/211/590 941/205/598 948/212/595
f 941/205/589 949/211/592 950/208/591
f 950/208/583 940/204/577 941/205/576
f 940/204/577 950/208/583 951/206/801
f 937/202/578 940/204/575 951/206/579
f 949/211/596 952/210/593 950/208/594
f 952/210/593 949/211/596 953/213/601
f 950/208/583 954/207/582 951/206/584
f 954/207/585 937/202/578 951/206/579
f 954/207/582 950/208/583 952/210/588
f 955/215/802 952/210/803 953/213/804
f 952/210/803 955/215/802 956/217/805
f 955/215/600 957/218/453 956/217/604
f 958/219/806 952/210/807 956/217/604
f 952/210/808 958/219/806 954/207/809
f 956/217/604 959/220/810 958/219/606
f 960/225/811 954/207/812 958/219/806
f 958/219/813 961/226/453 960/225/615
f 954/207/812 960/225/811 962/209/619
f 937/202/578 954/207/618 962/209/586
f 962/209/619 960/225/814 963/227/620
f 960/225/615 964/228/453 963/227/620
f 962/209/587 965/203/566 937/202/569
f 932/197/550 937/202/569 965/203/566
f 966/229/623 962/209/619 963/227/620
f 965/203/566 962/209/587 966/229/623
f 965/203/566 935/201/567 932/197/550
f 966/229/815 963/227/620 967/230/816
f 963/227/620 968/231/453 967/230/631
f 969/232/629 965/203/566 966/229/626
f 967/230/816 969/232/629 966/229/817
f 935/201/567 965/203/566 970/233/634
f 965/203/566 969/232/629 970/233/632
f 971/234/818 969/232/636 967/230/819
f 967/230/631 972/235/820 971/234/650
f 973/236/638 970/233/639 969/232/641
f 969/232/636 971/234/818 973/236/821
f 974/237/822 935/201/645 970/233/639
f 970/233/639 973/236/638 974/237/646
f 935/201/562 974/237/822 975/174/572
f 931/175/571 935/201/562 975/174/572
f 974/237/653 976/172/519 975/174/517
f 976/172/519 931/175/520 975/174/521
f 973/236/652 977/173/655 974/237/823
f 976/172/519 974/237/823 977/173/518
f 971/234/818 978/238/651 973/236/824
f 977/173/664 973/236/652 978/238/651
f 978/238/825 971/234/818 979/240/826
f 971/234/660 980/239/453 979/240/667
f 981/244/671 977/173/664 978/238/669
f 979/240/826 981/244/827 978/238/825
f 979/240/667 982/243/453 983/242/666
f 981/244/827 979/240/828 983/242/829
f 981/244/830 983/242/829 984/247/831
f 983/242/666 985/246/676 984/247/678
f 977/173/664 981/244/671 986/241/663
f 986/241/663 976/172/516 977/173/771
f 987/245/672 981/244/830 984/247/831
f 987/245/672 986/241/674 981/244/673
f 984/247/678 988/264/453 989/262/757
f 984/247/832 990/248/686 987/245/833
f 990/248/685 984/247/832 989/262/834
f 986/241/674 987/245/672 991/165/679
f 976/172/714 986/241/665 992/166/514
f 991/165/679 992/166/499 986/241/674
f 987/245/683 993/149/497 991/165/498
f 993/149/497 987/245/835 990/248/773
f 992/166/502 991/165/500 994/164/501
f 993/149/497 994/164/690 991/165/498
f 995/171/512 976/172/513 992/166/514
f 996/260/836 990/248/685 989/262/837
f 989/262/757 997/263/453 996/260/836
f 990/248/773 996/260/836 998/259/758
f 999/163/495 992/166/502 994/164/838
f 992/166/502 999/163/495 995/171/510
f 1000/144/457 990/248/773 998/259/753
f 990/248/773 1000/144/457 993/149/839
f 996/260/836 1001/256/743 998/259/840
f 1001/256/743 1000/144/457 998/259/758
f 996/260/836 1002/261/453 1003/257/749
f 1001/256/841 996/260/836 1003/257/842
f 994/164/690 993/149/684 1004/160/488
f 1000/144/457 1004/160/691 993/149/466
f 1004/160/488 999/163/492 994/164/496
f 1005/254/843 1001/256/844 1003/257/845
f 1003/257/749 1006/258/453 1005/254/746
f 1001/256/748 1005/254/843 1007/251/846
f 1005/254/843 1008/255/453 1009/253/600
f 1007/251/731 1005/254/843 1009/253/847
f 1010/252/804 1007/251/731 1009/253/847
f 1011/142/596 1007/251/731 1010/252/736
f 1007/251/731 1011/142/596 1012/249/848
f 1007/251/734 1013/250/741 1001/256/748
f 1013/250/849 1007/251/734 1012/249/735
f 1000/144/457 1001/256/743 1013/250/744
f 1011/142/732 1014/141/779 1012/249/733
f 1014/141/721 1013/250/849 1012/249/850
f 1014/141/454 1011/142/455 1015/143/456
f 1016/145/458 1000/144/457 1013/250/730
f 1013/250/849 1014/141/721 1016/145/720
f 1015/143/460 1017/147/461 1014/141/454
f 1017/147/462 1016/145/463 1014/141/721
f 1017/147/461 1015/143/460 1018/148/465
f 1019/152/473 1017/147/461 1018/148/470
f 1017/147/851 1019/152/473 1020/151/469
f 1021/153/474 1020/151/469 1019/152/476
f 1017/147/851 1020/151/469 1022/154/478
f 1023/155/452 1022/154/484 1020/151/480
f 1016/145/468 1017/147/462 1024/150/467
f 1022/154/478 1024/150/477 1017/147/461
f 1000/144/457 1016/145/458 1025/146/459
f 1024/150/467 1025/146/852 1016/145/853
f 1004/160/488 1000/144/457 1025/146/459
f 1022/154/479 1026/156/482 1024/150/471
f 1025/146/852 1024/150/467 1026/156/481
f 1026/156/482 1022/154/479 1027/157/483
f 1028/158/452 1027/157/483 1022/154/484
f 1029/159/485 1025/146/459 1026/156/486
f 1025/146/459 1029/159/485 1004/160/489
f 1030/161/490 1026/156/486 1027/157/483
f 1026/156/482 1030/161/490 1029/159/485
f 1031/162/452 1030/161/491 1027/157/483
f 999/163/492 1004/160/488 1029/159/493
f 1030/161/494 999/163/495 1029/159/487
f 999/163/504 1030/161/494 1032/167/505
f 1033/168/452 1032/167/506 1030/161/491
f 1034/169/507 999/163/495 1032/167/508
f 1035/170/452 1034/169/509 1032/167/506
f 1034/169/509 995/171/511 999/163/504
f 1034/169/509 1036/176/523 995/171/854
f 976/172/513 995/171/512 1036/176/522
f 931/175/520 976/172/513 1036/176/522
f 1036/176/523 1034/169/509 1037/178/528
f 1037/178/528 931/175/855 1036/176/522
f 1038/179/529 1037/178/530 1034/169/509
f 931/175/855 1037/178/528 927/177/524
f 1039/180/452 927/177/555 1037/178/530
f 1040/138/856 1041/138/856 1042/139/856
f 1043/182/857 1044/182/857 1045/181/857
f 1046/185/858 1047/185/858 1048/138/858
f 1049/139/859 1050/139/859 1051/182/859
f 1052/134/860 1053/134/860 1054/135/860
f 1054/135/860 1053/134/860 1055/135/860
f 1056/135/861 1057/135/861 1058/136/861
f 1058/136/861 1057/135/861 1059/136/861
f 1060/136/862 1061/136/862 1062/133/862
f 1062/133/862 1061/136/862 1063/133/862
f 1064/133/863 1065/133/863 1066/134/863
f 1066/134/863 1065/133/863 1067/134/863
f 1068/134/860 1069/135/860 1070/134/860
f 1069/135/860 1068/134/860 1071/135/860
f 1072/135/861 1073/136/861 1074/135/861
f 1073/136/861 1072/135/861 1075/136/861
f 1076/136/862 1077/133/862 1078/136/862
f 1077/133/862 1076/136/862 1079/133/862
f 1080/133/863 1081/134/863 1082/133/863
f 1081/134/863 1080/133/863 1083/134/863
f 1084/187/864 1085/188/539 1086/189/865
f 1087/190/452 1086/189/866 1085/188/867
f 1085/188/791 1084/187/864 1088/198/552
f 1089/199/452 1085/188/867 1090/177/716
f 1091/197/550 1088/198/552 1084/187/868
f 1086/189/869 1092/191/549 1084/187/541
f 1092/191/870 1091/197/550 1084/187/553
f 1092/191/549 1086/189/869 1093/193/543
f 1094/192/452 1093/193/871 1086/189/866
f 1085/188/539 1095/175/520 1090/177/555
f 1088/198/872 1095/175/571 1085/188/539
f 1096/180/452 1090/177/716 1097/178/711
f 1095/175/520 1097/178/530 1090/177/531
f 1098/194/452 902/195/782 1093/193/871
f 1099/201/562 1095/175/571 1088/198/552
f 1088/198/552 1091/197/568 1099/201/567
f 1097/178/530 1095/175/520 1100/176/522
f 903/196/573 1093/193/542 902/195/545
f 1093/193/542 903/196/573 1092/191/549
f 1091/197/550 1092/191/549 909/200/558
f 903/196/557 909/200/558 1092/191/559
f 1095/175/520 1101/172/519 1100/176/715
f 1102/171/512 1097/178/710 1100/176/713
f 1101/172/516 1102/171/512 1100/176/715
f 1103/179/452 1097/178/711 1104/169/712
f 1102/171/512 1104/169/509 1097/178/710
f 1102/171/510 865/167/506 1104/169/509
f 1105/170/452 1104/169/708 865/167/706
f 865/167/506 1102/171/510 856/163/495
f 1101/172/513 1095/175/520 1106/174/517
f 1095/175/571 1099/201/562 1106/174/572
f 1102/171/512 1101/172/654 853/166/514
f 853/166/502 856/163/495 1102/171/510
f 1106/174/517 844/173/515 1101/172/657
f 1101/172/516 848/241/665 853/166/680
f 848/241/665 1101/172/516 844/173/515
f 1099/201/645 1107/237/649 1106/174/647
f 844/173/873 1106/174/517 1107/237/653
f 1107/237/649 1099/201/645 1108/233/648
f 835/236/652 844/173/655 1107/237/656
f 1108/233/639 835/236/638 1107/237/646
f 1099/201/633 1109/203/570 1108/233/634
f 1109/203/570 1099/201/633 1091/197/568
f 835/236/638 1108/233/639 1110/232/640
f 1109/203/566 1110/232/629 1108/233/632
f 1091/197/568 912/202/874 1109/203/570
f 912/202/874 1091/197/568 909/200/875
f 1110/232/629 1109/203/566 831/229/630
f 839/209/587 1109/203/570 912/202/578
f 1109/203/566 839/209/587 831/229/625
f 833/230/627 1110/232/629 831/229/626
f 833/230/631 835/236/638 1110/232/876
f 1111/181/877 1112/182/877 1113/183/877
f 1113/183/877 1112/182/877 1114/184/877
f 1115/182/878 1116/139/878 1117/184/878
f 1117/184/878 1116/139/878 1118/136/878
f 1119/139/879 1120/133/879 1121/136/879
f 1120/133/879 1119/139/879 1122/138/879
f 1123/138/880 1124/185/880 1125/133/880
f 1125/133/880 1124/185/880 1126/186/880
f 1127/133/452 1128/134/452 1129/135/452
f 1127/133/452 1129/135/452 1130/136/452
f 1131/187/541 1132/188/791 1133/189/869
f 1134/190/452 1133/189/866 1132/188/867
f 1135/199/452 1132/188/867 771/177/881
f 1131/187/541 1133/189/869 1136/193/542
f 1137/192/452 1136/193/871 1133/189/882
f 1132/188/539 1131/187/864 1138/198/552
f 1132/188/791 732/175/855 771/177/555
f 1138/198/872 732/175/571 1132/188/883
f 1139/197/550 1138/198/552 1131/187/553
f 1136/193/542 1140/191/549 1131/187/541
f 1140/191/870 1139/197/550 1131/187/553
f 1141/194/452 714/195/545 1136/193/871
f 1136/193/542 708/196/573 1140/191/559
f 708/196/884 1136/193/542 714/195/545
f 1139/197/550 1140/191/549 1142/200/558
f 708/196/557 1142/200/558 1140/191/559
f 1138/198/552 1139/197/568 727/201/567
f 727/201/562 732/175/571 1138/198/552
f 695/202/874 1139/197/568 1142/200/875
f 698/203/570 727/201/633 1139/197/568
f 1139/197/568 695/202/874 698/203/570
f 1142/200/558 708/196/557 1143/204/574
f 1143/204/575 695/202/564 1142/200/565
f 695/202/564 1143/204/885 1144/206/581
f 708/196/573 701/205/576 1143/204/783
f 696/207/585 695/202/578 1144/206/579
f 1143/204/785 699/208/784 1144/206/581
f 699/208/583 696/207/582 1144/206/787
f 699/208/784 1143/204/785 701/205/589
f 1145/183/766 1146/184/766 1147/184/766
f 1145/183/765 1147/184/765 1148/183/765
f 1149/184/767 1150/136/767 1151/136/767
f 1149/184/886 1151/136/886 1152/184/886
f 1153/136/769 1154/133/769 1155/133/769
f 1153/136/768 1155/133/768 1156/136/768
f 1157/133/887 1158/186/887 1159/186/887
f 1157/133/888 1159/186/888 1160/133/888
f 691/205/589 1161/211/592 694/208/591
f 1162/213/736 694/208/594 1161/211/596
f 1161/211/590 691/205/598 1163/212/595
f 694/208/594 1162/213/736 1164/210/588
f 693/207/582 694/208/583 1164/210/588
f 1165/215/802 1164/210/889 1162/213/890
f 1166/216/602 1163/212/460 691/205/598
f 691/205/576 682/196/573 1166/216/603
f 1163/212/460 1166/216/602 1167/214/465
f 1164/210/889 1165/215/847 1168/217/805
f 1165/215/600 1169/218/453 1168/217/604
f 1170/219/806 1164/210/889 1168/217/805
f 1164/210/588 1170/219/891 693/207/809
f 1168/217/604 1171/220/453 1170/219/606
f 1172/221/798 1167/214/470 1166/216/800
f 682/196/796 1172/221/798 1166/216/603
f 1167/214/470 1172/221/798 1173/223/473
f 1174/224/452 1173/223/476 1172/221/608
f 1172/221/798 682/196/796 681/195/548
f 1175/222/452 1172/221/608 681/195/545
f 1176/225/811 693/207/809 1170/219/806
f 1170/219/606 1177/226/453 1176/225/615
f 693/207/812 1176/225/811 1178/209/892
f 688/202/578 693/207/585 1178/209/586
f 1178/209/893 689/203/566 688/202/578
f 1178/209/587 1176/225/814 1179/227/620
f 1176/225/814 1180/228/453 1179/227/624
f 689/203/566 1178/209/587 1181/229/623
f 1181/229/815 1178/209/619 1179/227/620
f 1181/229/815 1179/227/620 1182/230/627
f 1179/227/624 1183/231/453 1182/230/627
f 1184/232/629 689/203/566 1181/229/623
f 1182/230/816 1184/232/636 1181/229/626
f 689/203/894 1184/232/629 1185/233/895
f 687/201/633 689/203/894 1185/233/634
f 1182/230/819 1186/236/824 1184/232/876
f 1186/236/638 1185/233/639 1184/232/641
f 1185/233/639 650/174/572 687/201/645
f 650/174/644 1185/233/639 1187/237/822
f 1185/233/639 1186/236/638 1187/237/646
f 649/173/896 650/174/647 1187/237/823
f 1186/236/652 649/173/655 1187/237/823
f 1186/236/642 1182/230/819 1188/234/818
f 1182/230/627 1189/235/453 1188/234/818
f 1188/234/818 1190/238/825 1186/236/824
f 649/173/664 1186/236/652 1190/238/651
f 1190/238/825 1188/234/818 1191/240/826
f 1188/234/660 1192/239/453 1191/240/667
f 1191/240/826 1193/244/827 1190/238/897
f 1193/244/673 649/173/664 1190/238/651
f 1193/244/827 1191/240/828 1194/242/829
f 1191/240/667 1195/243/453 1194/242/666
f 649/173/664 1193/244/673 1196/241/663
f 1194/242/666 1197/245/898 1193/244/899
f 1197/245/672 1196/241/674 1193/244/673
f 1194/242/666 1198/246/453 1199/247/678
f 1197/245/898 1194/242/666 1199/247/832
f 642/166/680 649/173/771 1196/241/665
f 1200/262/834 1197/245/833 1199/247/832
f 1199/247/678 1201/264/453 1200/262/757
f 1196/241/674 1197/245/672 641/165/679
f 641/165/500 642/166/499 1196/241/674
f 1197/245/683 625/149/497 641/165/498
f 1200/262/834 1202/248/686 1197/245/833
f 625/149/497 1197/245/672 1202/248/686
f 1203/260/836 1202/248/773 1200/262/837
f 1200/262/837 1204/263/453 1203/260/754
f 1202/248/685 1203/260/836 1205/259/900
f 620/144/457 1202/248/773 1205/259/758
f 1202/248/773 620/144/457 625/149/497
f 1203/260/836 1206/256/844 1205/259/840
f 1206/256/743 620/144/457 1205/259/755
f 1203/260/754 1207/261/453 1208/257/747
f 1206/256/743 1203/260/836 1208/257/747
f 1209/254/843 1206/256/844 1208/257/845
f 1208/257/747 1210/258/453 1209/254/751
f 1209/254/738 1211/255/453 1212/253/600
f 1213/252/804 1209/254/843 1212/253/847
f 1209/254/843 1213/252/804 1214/251/901
f 1206/256/844 1209/254/843 1214/251/902
f 618/142/596 1214/251/731 1213/252/736
f 1214/251/734 1215/250/849 1206/256/748
f 620/144/457 1206/256/743 1215/250/744
f 1214/251/731 618/142/596 1216/249/733
f 1215/250/849 1214/251/734 1216/249/735
f 621/145/458 620/144/457 1215/250/744
f 1216/249/735 621/145/463 1215/250/849
f 618/142/455 617/141/779 1216/249/733
f 621/145/463 1216/249/735 617/141/721
o RenderMesh_116397251752763.004
v -0.025323 -0.935438 -0.081771
v -0.032418 -0.935438 -0.081771
v -0.032418 -0.935438 -0.088867
v -0.025323 -0.935438 -0.088867
v -0.026365 1.083881 -0.087824
v -0.031376 1.083881 -0.087824
v -0.031376 1.083881 -0.082813
v -0.026365 1.083881 -0.082813
v -0.071582 -0.953081 -0.051283
v -0.082130 -0.928105 -0.073187
v -0.082130 -0.953081 -0.073187
v -0.028871 -0.928105 -0.030716
v -0.052574 -0.953081 -0.036123
v -0.028871 -0.953081 -0.030716
v -0.063112 -0.975596 -0.058037
v -0.071569 -0.975596 -0.075598
v -0.005168 -0.928105 -0.036123
v -0.047873 -0.975596 -0.045886
v -0.047822 -0.991184 -0.070229
v -0.052504 -0.991184 -0.079950
v -0.028871 -0.996708 -0.085344
v -0.039387 -0.991184 -0.063504
v -0.028871 -0.996708 -0.085344
v -0.028871 -0.975596 -0.041546
v -0.028871 -0.991184 -0.061103
v -0.028871 -0.996708 -0.085344
v -0.009868 -0.975596 -0.045886
v -0.005168 -0.953081 -0.036123
v -0.018354 -0.991184 -0.063504
v -0.028871 -0.996708 -0.085344
v 0.005371 -0.975596 -0.058037
v 0.013841 -0.953081 -0.051283
v 0.013841 -0.928105 -0.051283
v 0.024389 -0.953081 -0.073187
v -0.009919 -0.991184 -0.070229
v -0.028871 -0.996708 -0.085344
v -0.005237 -0.991184 -0.079950
v -0.028871 -0.996708 -0.085344
v 0.013828 -0.975596 -0.075598
v 0.024389 -0.953081 -0.097498
v 0.024389 -0.928105 -0.097498
v 0.013841 -0.953081 -0.119405
v 0.005371 -0.975596 -0.112649
v 0.013828 -0.975596 -0.095088
v -0.009919 -0.991184 -0.100457
v -0.005237 -0.991184 -0.090739
v -0.028871 -0.996708 -0.085344
v -0.028871 -0.996708 -0.085344
v -0.141538 -0.823492 0.027349
v -0.141538 -0.823492 -0.197986
v -0.030762 -0.935640 -0.083428
v -0.030762 -0.935640 -0.087210
v -0.141538 -0.823492 -0.197986
v 0.083797 -0.823492 -0.197986
v -0.030762 -0.935640 -0.087210
v -0.026980 -0.935640 -0.087210
v 0.083797 -0.823492 -0.197986
v 0.083797 -0.823492 0.027349
v -0.026980 -0.935640 -0.087210
v -0.026980 -0.935640 -0.083428
v 0.083797 -0.823492 0.027349
v -0.141538 -0.823492 0.027349
v -0.026980 -0.935640 -0.083428
v -0.030762 -0.935640 -0.083428
v -0.028871 -0.975596 -0.129139
v -0.018354 -0.991184 -0.107185
v -0.028871 -0.991184 -0.109586
v -0.028871 -0.996708 -0.085344
v -0.047873 -0.975596 -0.124803
v -0.028871 -0.996708 -0.085344
v -0.039387 -0.991184 -0.107185
v -0.028871 -0.996708 -0.085344
v -0.047822 -0.991184 -0.100457
v -0.063112 -0.975596 -0.112649
v -0.028871 -0.953081 -0.139972
v -0.009868 -0.975596 -0.124803
v -0.028871 -0.996708 -0.085344
v -0.052574 -0.953081 -0.134562
v -0.005168 -0.953081 -0.134562
v -0.052574 -0.928105 -0.134562
v -0.028871 -0.928105 -0.139972
v -0.071582 -0.953081 -0.119405
v -0.082130 -0.953081 -0.097498
v -0.071582 -0.928105 -0.119405
v -0.063112 -0.905586 -0.112649
v -0.082130 -0.928105 -0.097498
v -0.046105 1.097008 -0.121125
v -0.053767 1.113393 -0.105192
v -0.042687 1.113393 -0.114026
v -0.028870 1.097008 -0.125059
v -0.067597 1.097008 -0.094175
v -0.059916 1.113393 -0.092424
v -0.067597 1.078832 -0.094175
v -0.067597 1.097008 -0.076497
v -0.067597 1.078832 -0.076497
v -0.059916 1.113393 -0.078252
v -0.059916 1.062446 -0.078252
v -0.046035 1.124736 -0.081419
v -0.059916 1.062446 -0.092424
v -0.053767 1.062446 -0.105192
v -0.046035 1.124736 -0.089256
v -0.028870 1.128747 -0.085338
v -0.042637 1.124736 -0.096313
v -0.028870 1.128747 -0.085338
v -0.046035 1.051103 -0.089256
v -0.042637 1.051103 -0.096313
v -0.028870 1.047093 -0.085338
v -0.046035 1.051103 -0.081419
v -0.028870 1.047093 -0.085338
v -0.036510 1.124736 -0.101201
v -0.028870 1.128747 -0.085338
v -0.028870 1.124736 -0.102943
v -0.028870 1.128747 -0.085338
v -0.028870 1.113393 -0.117181
v -0.021230 1.124736 -0.101201
v -0.028870 1.128747 -0.085338
v -0.015053 1.113393 -0.114026
v -0.011635 1.097008 -0.121125
v -0.011635 1.078832 -0.121125
v -0.015104 1.124736 -0.096313
v -0.028870 1.128747 -0.085338
v -0.003973 1.113393 -0.105192
v 0.002188 1.078832 -0.110105
v -0.003973 1.062446 -0.105192
v 0.002188 1.097008 -0.110105
v 0.002175 1.113393 -0.092424
v 0.009857 1.078832 -0.094175
v 0.009857 1.097008 -0.094175
v -0.028870 1.128747 -0.085338
v -0.011705 1.124736 -0.089256
v 0.009857 1.097008 -0.076497
v -0.011705 1.124736 -0.081419
v -0.028870 1.128747 -0.085338
v 0.002175 1.113393 -0.078252
v -0.003973 1.113393 -0.065483
v -0.028870 1.128747 -0.085338
v -0.015104 1.124736 -0.074359
v 0.002188 1.097008 -0.060570
v 0.009857 1.078832 -0.076497
v -0.011635 1.097008 -0.049547
v 0.002175 1.062446 -0.078252
v -0.015053 1.113393 -0.056649
v 0.002188 1.078832 -0.060570
v -0.003973 1.062446 -0.065483
v -0.011635 1.078832 -0.049547
v -0.028870 1.097008 -0.045613
v -0.028870 1.078832 -0.045613
v -0.015053 1.062446 -0.056649
v -0.028870 1.062446 -0.053494
v -0.021230 1.051103 -0.069475
v -0.042687 1.062446 -0.056649
v -0.028870 1.051103 -0.067729
v -0.028870 1.047093 -0.085338
v -0.015104 1.051103 -0.074359
v -0.028870 1.047093 -0.085338
v -0.011705 1.051103 -0.081419
v -0.028870 1.047093 -0.085338
v -0.028870 1.047093 -0.085338
v -0.036510 1.051103 -0.069475
v -0.011705 1.051103 -0.089256
v -0.028870 1.047093 -0.085338
v 0.002175 1.062446 -0.092424
v -0.015104 1.051103 -0.096313
v -0.028870 1.047093 -0.085338
v -0.042637 1.051103 -0.074359
v -0.028870 1.047093 -0.085338
v -0.028870 1.047093 -0.085338
v -0.046035 1.051103 -0.081419
v -0.059916 1.062446 -0.078252
v -0.053767 1.062446 -0.065483
v -0.067597 1.078832 -0.076497
v -0.046105 1.078832 -0.049547
v -0.059928 1.078832 -0.060570
v -0.059928 1.097008 -0.060570
v -0.067597 1.097008 -0.076497
v -0.046105 1.097008 -0.049547
v -0.053767 1.113393 -0.065483
v -0.059916 1.113393 -0.078252
v -0.046035 1.124736 -0.081419
v -0.042637 1.124736 -0.074359
v -0.028870 1.128747 -0.085338
v -0.042687 1.113393 -0.056649
v -0.036510 1.124736 -0.069475
v -0.028870 1.128747 -0.085338
v -0.028870 1.113393 -0.053494
v -0.028870 1.124736 -0.067729
v -0.028870 1.128747 -0.085338
v -0.021230 1.124736 -0.069475
v -0.028870 1.128747 -0.085338
v -0.028870 1.128747 -0.085338
v -0.031376 1.083881 -0.087824
v 0.054057 0.310464 -0.002392
v 0.054057 0.310464 -0.168243
v -0.026365 1.083881 -0.082813
v -0.111797 0.310464 -0.168243
v -0.111797 0.310464 -0.002392
v -0.026365 1.083881 -0.087824
v -0.111797 0.310464 -0.002392
v 0.054057 0.310464 -0.002392
v -0.031376 1.083881 -0.082813
v 0.054057 0.310464 -0.168243
v -0.111797 0.310464 -0.168243
v -0.026555 0.218053 -0.087634
v -0.031186 0.218053 -0.087634
v -0.031186 0.218053 -0.083003
v -0.026555 0.218053 -0.083003
v -0.029852 0.227426 -0.086301
v -0.031509 0.224148 -0.087957
v -0.029852 0.227426 -0.084334
v -0.031509 0.224148 -0.082680
v -0.027888 0.227426 -0.086301
v -0.026232 0.224148 -0.087957
v -0.029852 0.227426 -0.086301
v -0.031509 0.224148 -0.087957
v -0.027888 0.227426 -0.084334
v -0.026232 0.224148 -0.087957
v -0.027888 0.227426 -0.086301
v -0.026232 0.224148 -0.082680
v -0.029852 0.227426 -0.084334
v -0.031509 0.224148 -0.082680
v -0.027888 0.227426 -0.084334
v -0.026232 0.224148 -0.082680
v -0.028870 0.248377 -0.117181
v -0.028870 0.259723 -0.102943
v -0.021230 0.259723 -0.101201
v -0.028870 0.263733 -0.085338
v -0.003973 0.248377 -0.105192
v -0.015104 0.259723 -0.096313
v -0.028870 0.263733 -0.085338
v -0.036511 0.259723 -0.101201
v -0.042687 0.248377 -0.114026
v -0.028870 0.263733 -0.085338
v -0.011705 0.259723 -0.089256
v -0.028870 0.263733 -0.085338
v 0.002175 0.248377 -0.092424
v 0.009856 0.231991 -0.094175
v -0.011705 0.259723 -0.081419
v -0.028870 0.263733 -0.085338
v 0.002175 0.248377 -0.078252
v 0.009856 0.231991 -0.076497
v -0.003973 0.248377 -0.065483
v -0.028870 0.263733 -0.085338
v -0.015104 0.259723 -0.074359
v 0.002188 0.231991 -0.060571
v 0.009856 0.213818 -0.076497
v -0.011636 0.231991 -0.049547
v 0.002188 0.213818 -0.060571
v -0.003973 0.197432 -0.065483
v -0.015053 0.248377 -0.056646
v -0.021230 0.259723 -0.069475
v -0.028870 0.263733 -0.085338
v -0.028870 0.231991 -0.045613
v -0.011636 0.213818 -0.049547
v -0.028870 0.213818 -0.045613
v -0.015053 0.197432 -0.056646
v -0.021230 0.186086 -0.069475
v -0.015104 0.186086 -0.074359
v -0.028870 0.182076 -0.085338
v -0.028870 0.197432 -0.053494
v -0.028870 0.186086 -0.067729
v -0.028870 0.182076 -0.085338
v -0.042687 0.197432 -0.056646
v -0.028870 0.182076 -0.085338
v -0.036511 0.186086 -0.069475
v -0.046105 0.213818 -0.049547
v -0.042637 0.186086 -0.074359
v -0.028870 0.182076 -0.085338
v -0.028870 0.182076 -0.085338
v -0.046035 0.186086 -0.081419
v -0.059916 0.197432 -0.078252
v -0.053768 0.197432 -0.065483
v -0.067597 0.213818 -0.076497
v -0.059928 0.213818 -0.060571
v -0.059928 0.231991 -0.060571
v -0.067597 0.231991 -0.076497
v -0.046105 0.231991 -0.049547
v -0.053768 0.248377 -0.065483
v -0.059916 0.248377 -0.078252
v -0.046035 0.259723 -0.081419
v -0.042687 0.248377 -0.056649
v -0.042637 0.259723 -0.074359
v -0.028870 0.263733 -0.085338
v -0.028870 0.248377 -0.053494
v -0.036511 0.259723 -0.069475
v -0.028870 0.263733 -0.085338
v -0.028870 0.259723 -0.067729
v -0.028870 0.263733 -0.085338
v -0.028870 0.263733 -0.085338
v -0.028870 0.182076 -0.085338
v -0.046035 0.186086 -0.081419
v -0.046035 0.186086 -0.089256
v -0.059916 0.197432 -0.078252
v -0.028870 0.182076 -0.085338
v -0.042637 0.186086 -0.096313
v -0.053768 0.197432 -0.105192
v -0.059916 0.197432 -0.092424
v -0.067597 0.213818 -0.094175
v -0.067597 0.213818 -0.076497
v -0.067597 0.231991 -0.076497
v -0.059928 0.213818 -0.110105
v -0.046105 0.213818 -0.121125
v -0.067597 0.231991 -0.094175
v -0.059928 0.231991 -0.110105
v -0.046105 0.231991 -0.121125
v -0.053768 0.248377 -0.105192
v -0.059916 0.248377 -0.092424
v -0.059916 0.248377 -0.078252
v -0.046035 0.259723 -0.081419
v -0.042637 0.259723 -0.096313
v -0.028870 0.263733 -0.085338
v -0.046035 0.259723 -0.089256
v -0.028870 0.263733 -0.085338
v -0.028870 0.263733 -0.085338
v -0.028870 0.187246 -0.129139
v -0.018354 0.171658 -0.107185
v -0.028870 0.171658 -0.109586
v -0.028870 0.166134 -0.085344
v -0.028870 0.166134 -0.085344
v -0.009919 0.171658 -0.100457
v -0.039387 0.171658 -0.107185
v -0.028870 0.166134 -0.085344
v -0.009868 0.187246 -0.124803
v 0.005371 0.187246 -0.112649
v -0.028870 0.209761 -0.139972
v -0.047873 0.187246 -0.124803
v -0.063112 0.187246 -0.112649
v -0.005167 0.209761 -0.134562
v -0.052573 0.209761 -0.134562
v -0.052573 0.234740 -0.134562
v -0.047822 0.171658 -0.100457
v -0.028870 0.166134 -0.085344
v -0.071582 0.209761 -0.119405
v -0.082130 0.209761 -0.097501
v -0.071569 0.187246 -0.095091
v -0.052504 0.171658 -0.090738
v -0.028870 0.166134 -0.085344
v -0.052504 0.171658 -0.079950
v -0.028870 0.166134 -0.085344
v -0.071569 0.187246 -0.075597
v -0.082130 0.209761 -0.073187
v -0.082130 0.234740 -0.073187
v -0.082130 0.234740 -0.097501
v -0.071582 0.234740 -0.119405
v -0.071569 0.257255 -0.095091
v -0.071569 0.257255 -0.075597
v -0.063112 0.257255 -0.112649
v -0.052504 0.272843 -0.079950
v -0.052504 0.272843 -0.090738
v -0.028870 0.278367 -0.085344
v -0.047822 0.272843 -0.100457
v -0.028870 0.278367 -0.085344
v -0.039387 0.272843 -0.107185
v -0.028870 0.278367 -0.085344
v -0.047873 0.257255 -0.124803
v -0.028870 0.272843 -0.109586
v -0.028870 0.278367 -0.085344
v -0.028870 0.234740 -0.139972
v -0.028870 0.257255 -0.129139
v -0.018354 0.272843 -0.107185
v -0.028870 0.278367 -0.085344
v -0.009868 0.257255 -0.124803
v -0.005167 0.234740 -0.134562
v -0.009919 0.272843 -0.100457
v -0.028870 0.278367 -0.085344
v 0.005371 0.257255 -0.112649
v 0.013841 0.234740 -0.119405
v 0.013841 0.209761 -0.119405
v 0.024389 0.209761 -0.097498
v 0.024389 0.234740 -0.097498
v 0.013829 0.257255 -0.095091
v -0.005237 0.272843 -0.090738
v -0.028870 0.278367 -0.085344
v 0.013829 0.257255 -0.075597
v -0.028870 0.278367 -0.085344
v -0.005237 0.272843 -0.079950
v -0.009919 0.272843 -0.070228
v -0.028870 0.278367 -0.085344
v 0.024389 0.234740 -0.073187
v 0.005371 0.257255 -0.058036
v -0.028870 0.278367 -0.085344
v -0.018354 0.272843 -0.063504
v -0.009868 0.257255 -0.045886
v 0.013841 0.234740 -0.051283
v 0.024389 0.209761 -0.073187
v -0.005167 0.234740 -0.036126
v 0.013841 0.209761 -0.051283
v 0.013829 0.187246 -0.075597
v -0.028870 0.272843 -0.061103
v -0.028870 0.278367 -0.085344
v -0.028870 0.257255 -0.041546
v 0.005371 0.187246 -0.058036
v -0.028870 0.234740 -0.030716
v -0.047873 0.257255 -0.045886
v -0.028870 0.278367 -0.085344
v -0.039387 0.272843 -0.063504
v -0.005167 0.209761 -0.036126
v -0.047822 0.272843 -0.070228
v -0.028870 0.278367 -0.085344
v -0.063112 0.257255 -0.058036
v -0.028870 0.278367 -0.085344
v -0.052504 0.272843 -0.079950
v -0.071569 0.257255 -0.075597
v -0.082130 0.234740 -0.073187
v -0.071582 0.234740 -0.051283
v -0.052573 0.234740 -0.036126
v -0.071582 0.209761 -0.051283
v -0.082130 0.209761 -0.073187
v -0.052573 0.209761 -0.036126
v -0.063112 0.187246 -0.058036
v -0.071569 0.187246 -0.075597
v -0.052504 0.171658 -0.079950
v -0.047822 0.171658 -0.070228
v -0.028870 0.166134 -0.085344
v -0.039387 0.171658 -0.063504
v -0.028870 0.166134 -0.085344
v -0.047873 0.187246 -0.045886
v -0.028870 0.209761 -0.030716
v -0.028870 0.187246 -0.041546
v -0.028870 0.171658 -0.061103
v -0.028870 0.166134 -0.085344
v -0.009868 0.187246 -0.045886
v -0.018354 0.171658 -0.063504
v -0.028870 0.166134 -0.085344
v -0.009919 0.171658 -0.070228
v -0.028870 0.166134 -0.085344
v -0.005237 0.171658 -0.079950
v -0.028870 0.166134 -0.085344
v 0.013829 0.187246 -0.095091
v -0.005237 0.171658 -0.090738
v -0.028870 0.166134 -0.085344
v -0.028870 0.166134 -0.085344
v -0.031186 0.218053 -0.087634
v 0.083797 -0.823492 0.027349
v 0.083797 -0.823492 -0.197986
v -0.026555 0.218053 -0.083003
v -0.141538 -0.823492 -0.197986
v -0.141538 -0.823492 0.027349
v -0.026555 0.218053 -0.087634
v -0.141538 -0.823492 0.027349
v 0.083797 -0.823492 0.027349
v -0.031186 0.218053 -0.083003
v 0.083797 -0.823492 -0.197986
v -0.141538 -0.823492 -0.197986
v -0.031509 0.227632 -0.082680
v -0.031509 0.224148 -0.082680
v -0.031509 0.227632 -0.087957
v -0.031509 0.224148 -0.087957
v -0.031509 0.227632 -0.087957
v -0.031509 0.224148 -0.087957
v -0.026232 0.227632 -0.087957
v -0.026232 0.224148 -0.087957
v -0.026232 0.227632 -0.087957
v -0.026232 0.224148 -0.087957
v -0.026232 0.227632 -0.082680
v -0.026232 0.224148 -0.082680
v -0.026232 0.227632 -0.082680
v -0.026232 0.224148 -0.082680
v -0.031509 0.227632 -0.082680
v -0.031509 0.224148 -0.082680
v -0.032418 -0.938919 -0.081771
v -0.032418 -0.935438 -0.088867
v -0.032418 -0.935438 -0.081771
v -0.032418 -0.938919 -0.088867
v -0.032418 -0.938919 -0.088867
v -0.025323 -0.935438 -0.088867
v -0.032418 -0.935438 -0.088867
v -0.025323 -0.938919 -0.088867
v -0.025323 -0.938919 -0.088867
v -0.025323 -0.935438 -0.081771
v -0.025323 -0.935438 -0.088867
v -0.025323 -0.938919 -0.081771
v -0.025323 -0.938919 -0.081771
v -0.032418 -0.935438 -0.081771
v -0.025323 -0.935438 -0.081771
v -0.032418 -0.938919 -0.081771
v -0.028870 0.197432 -0.117178
v -0.021230 0.186086 -0.101201
v -0.028870 0.186086 -0.102943
v -0.028870 0.182076 -0.085338
v -0.015053 0.197432 -0.114026
v -0.028870 0.182076 -0.085338
v -0.015104 0.186086 -0.096313
v -0.028870 0.213818 -0.125059
v -0.042687 0.197432 -0.114026
v -0.036511 0.186086 -0.101201
v -0.028870 0.182076 -0.085338
v -0.003973 0.197432 -0.105192
v -0.028870 0.182076 -0.085338
v -0.011705 0.186086 -0.089256
v -0.028870 0.182076 -0.085338
v -0.011636 0.213818 -0.121125
v 0.002175 0.197432 -0.092424
v 0.009856 0.213818 -0.094175
v 0.002175 0.197432 -0.078252
v -0.028870 0.182076 -0.085338
v -0.011705 0.186086 -0.081419
v -0.028870 0.182076 -0.085338
v 0.002188 0.213818 -0.110105
v 0.002188 0.231991 -0.110105
v -0.011636 0.231991 -0.121125
v -0.028870 0.231991 -0.125059
v -0.015053 0.248377 -0.114026
v -0.111797 0.310464 -0.002392
v -0.111797 0.310464 -0.168243
v -0.029852 0.227426 -0.084334
v -0.029852 0.227426 -0.086301
v -0.111797 0.310464 -0.168243
v 0.054057 0.310464 -0.168243
v -0.029852 0.227426 -0.086301
v -0.027888 0.227426 -0.086301
v 0.054057 0.310464 -0.168243
v -0.027888 0.227426 -0.084334
v -0.027888 0.227426 -0.086301
v 0.054057 0.310464 -0.002392
v 0.054057 0.310464 -0.002392
v -0.111797 0.310464 -0.002392
v -0.027888 0.227426 -0.084334
v -0.029852 0.227426 -0.084334
v -0.026232 0.227632 -0.082680
v -0.031509 0.227632 -0.082680
v -0.031509 0.227632 -0.087957
v -0.026232 0.227632 -0.087957
v -0.028870 1.062446 -0.117181
v -0.021230 1.051103 -0.101201
v -0.028870 1.051103 -0.102943
v -0.028870 1.047093 -0.085338
v -0.028870 1.047093 -0.085338
v -0.036510 1.051103 -0.101201
v -0.028870 1.047093 -0.085338
v -0.015053 1.062446 -0.114026
v -0.028870 1.078832 -0.125059
v -0.042687 1.062446 -0.114026
v -0.028870 1.047093 -0.085338
v -0.046105 1.078832 -0.121125
v -0.059928 1.078832 -0.110105
v -0.059928 1.097008 -0.110105
v -0.030762 -0.935640 -0.083428
v -0.030762 -0.935640 -0.087210
v -0.032418 -0.938919 -0.088867
v -0.032418 -0.938919 -0.081771
v -0.030762 -0.935640 -0.087210
v -0.026980 -0.935640 -0.087210
v -0.025323 -0.938919 -0.088867
v -0.032418 -0.938919 -0.088867
v -0.026980 -0.935640 -0.087210
v -0.026980 -0.935640 -0.083428
v -0.025323 -0.938919 -0.081771
v -0.025323 -0.938919 -0.088867
v -0.026980 -0.935640 -0.083428
v -0.030762 -0.935640 -0.083428
v -0.032418 -0.938919 -0.081771
v -0.025323 -0.938919 -0.081771
v -0.082130 -0.928105 -0.073187
v -0.071569 -0.905586 -0.075598
v -0.082130 -0.953081 -0.073187
v -0.071569 -0.905586 -0.095088
v -0.052504 -0.890002 -0.079950
v -0.071569 -0.975596 -0.095088
v -0.071569 -0.975596 -0.075598
v -0.052504 -0.890002 -0.090739
v -0.028871 -0.884474 -0.085344
v -0.047822 -0.890002 -0.100457
v -0.028871 -0.884474 -0.085344
v -0.052504 -0.991184 -0.090739
v -0.052504 -0.991184 -0.079950
v -0.028871 -0.996708 -0.085344
v -0.028871 -0.996708 -0.085344
v -0.039387 -0.890002 -0.107185
v -0.028871 -0.884474 -0.085344
v -0.047873 -0.905586 -0.124803
v -0.028871 -0.890002 -0.109586
v -0.028871 -0.884474 -0.085344
v -0.028871 -0.905586 -0.129139
v -0.018354 -0.890002 -0.107185
v -0.028871 -0.884474 -0.085344
v -0.009868 -0.905586 -0.124803
v -0.005168 -0.928105 -0.134562
v 0.005371 -0.905586 -0.112649
v 0.013841 -0.928105 -0.119405
v -0.009919 -0.890002 -0.100457
v -0.028871 -0.884474 -0.085344
v 0.013828 -0.905586 -0.095088
v -0.005237 -0.890002 -0.090739
v -0.028871 -0.884474 -0.085344
v 0.013828 -0.905586 -0.075598
v -0.005237 -0.890002 -0.079950
v -0.028871 -0.884474 -0.085344
v 0.024389 -0.928105 -0.073187
v 0.005371 -0.905586 -0.058037
v -0.028871 -0.884474 -0.085344
v -0.009919 -0.890002 -0.070228
v -0.018354 -0.890002 -0.063504
v -0.028871 -0.884474 -0.085344
v -0.009868 -0.905586 -0.045886
v -0.028871 -0.890002 -0.061103
v -0.028871 -0.884474 -0.085344
v -0.028871 -0.905586 -0.041546
v -0.047873 -0.905586 -0.045886
v -0.028871 -0.884474 -0.085344
v -0.039387 -0.890002 -0.063504
v -0.047822 -0.890002 -0.070228
v -0.028871 -0.884474 -0.085344
v -0.028871 -0.884474 -0.085344
v -0.052504 -0.890002 -0.079950
v -0.071569 -0.905586 -0.075598
v -0.063112 -0.905586 -0.058037
v -0.052574 -0.928105 -0.036123
v -0.071582 -0.928105 -0.051283
vn -0.0000 -1.0000 -0.0000
vn -0.0000 1.0000 -0.0000
vn -0.7634 -0.2158 0.6088
vn -0.9520 0.2157 0.2173
vn -0.9520 -0.2158 0.2173
vn -0.0000 0.2158 0.9764
vn -0.4236 -0.2158 0.8798
vn -0.0000 -0.2158 0.9764
vn -0.9519 -0.2158 0.2173
vn -0.6205 -0.6084 0.4948
vn -0.4237 -0.2158 0.8797
vn -0.7634 -0.2159 0.6088
vn -0.7737 -0.6084 0.1766
vn 0.4236 0.2158 0.8798
vn -0.6204 -0.6084 0.4949
vn -0.3444 -0.6084 0.7150
vn -0.3443 -0.6084 0.7151
vn -0.3587 -0.8886 0.2860
vn -0.7737 -0.6085 0.1766
vn -0.3586 -0.8886 0.2861
vn -0.6204 -0.6085 0.4948
vn -0.4472 -0.8886 0.1021
vn -0.0001 -1.0000 -0.0000
vn -0.3586 -0.8886 0.2859
vn -0.3443 -0.6085 0.7150
vn -0.3586 -0.8886 0.2860
vn -0.1991 -0.8886 0.4133
vn -0.1990 -0.8886 0.4132
vn -0.3443 -0.6084 0.7150
vn -0.0000 -0.6084 0.7936
vn -0.1990 -0.8886 0.4133
vn -0.0000 -0.6085 0.7936
vn -0.0000 -0.8886 0.4587
vn 0.3443 -0.6084 0.7150
vn -0.0000 -0.8886 0.4588
vn 0.3443 -0.6085 0.7150
vn 0.0001 -0.2158 0.9764
vn 0.3443 -0.6084 0.7151
vn 0.4236 -0.2158 0.8797
vn 0.4236 -0.2158 0.8798
vn 0.1990 -0.8886 0.4133
vn 0.1990 -0.8886 0.4132
vn 0.6204 -0.6084 0.4948
vn 0.4237 -0.2158 0.8797
vn 0.3444 -0.6084 0.7150
vn 0.1991 -0.8886 0.4133
vn 0.7634 -0.2158 0.6088
vn 0.4237 0.2158 0.8797
vn 0.6205 -0.6084 0.4948
vn 0.7634 0.2158 0.6088
vn 0.9520 -0.2157 0.2173
vn 0.9519 -0.2158 0.2173
vn 0.7634 -0.2159 0.6088
vn 0.6204 -0.6085 0.4948
vn 0.3586 -0.8886 0.2860
vn 0.4472 -0.8886 0.1021
vn 0.6205 -0.6085 0.4948
vn 0.3587 -0.8886 0.2860
vn 0.3586 -0.8886 0.2859
vn 0.7737 -0.6084 0.1766
vn 0.7737 -0.6085 0.1766
vn 0.9520 -0.2158 -0.2172
vn 0.9520 0.2157 -0.2172
vn 0.9520 -0.2158 0.2172
vn 0.9520 -0.2157 -0.2173
vn 0.7634 -0.2157 -0.6088
vn 0.9520 0.2157 -0.2173
vn 0.9520 -0.2158 -0.2173
vn 0.9519 -0.2158 -0.2173
vn 0.6205 -0.6084 -0.4948
vn 0.7634 -0.2158 -0.6088
vn 0.7737 -0.6084 -0.1766
vn 0.7737 -0.6085 -0.1766
vn 0.3587 -0.8886 -0.2860
vn 0.4473 -0.8886 0.1021
vn 0.4473 -0.8886 -0.1020
vn 0.4473 -0.8886 -0.1021
vn 0.4472 -0.8886 -0.1021
vn 0.4472 -0.8886 0.1020
vn 0.0001 -1.0000 -0.0000
vn 0.3586 -0.8886 -0.2860
vn -0.7114 -0.7027 -0.0000
vn -0.0000 -0.7027 -0.7114
vn -0.0000 -0.7027 -0.7115
vn 0.7114 -0.7027 -0.0000
vn -0.0000 -0.7027 0.7114
vn -0.0000 -0.7027 0.7115
vn 0.0001 -0.6085 -0.7936
vn 0.1990 -0.8886 -0.4133
vn -0.0000 -0.8886 -0.4588
vn -0.0000 -0.8886 -0.4587
vn 0.1990 -0.8886 -0.4132
vn -0.3443 -0.6085 -0.7150
vn -0.0000 -0.6084 -0.7936
vn -0.1990 -0.8886 -0.4132
vn -0.1990 -0.8886 -0.4133
vn -0.0000 -1.0000 -0.0001
vn -0.3586 -0.8886 -0.2860
vn -0.1991 -0.8886 -0.4133
vn -0.6204 -0.6085 -0.4948
vn -0.3587 -0.8886 -0.2860
vn -0.3443 -0.6084 -0.7150
vn -0.0000 -0.2158 -0.9764
vn -0.0000 -0.6085 -0.7936
vn 0.3443 -0.6084 -0.7150
vn 0.3444 -0.6085 -0.7150
vn 0.3586 -0.8886 -0.2861
vn 0.1991 -0.8886 -0.4133
vn 0.3587 -0.8886 -0.2861
vn 0.3443 -0.6085 -0.7150
vn 0.6204 -0.6085 -0.4948
vn -0.6204 -0.6084 -0.4949
vn -0.4237 -0.2158 -0.8797
vn -0.3444 -0.6084 -0.7150
vn -0.4236 -0.2158 -0.8798
vn 0.4236 -0.2158 -0.8797
vn 0.4237 -0.2158 -0.8797
vn 0.6204 -0.6084 -0.4949
vn 0.3444 -0.6084 -0.7150
vn -0.4236 0.2157 -0.8798
vn -0.4237 -0.2157 -0.8798
vn -0.0000 0.2158 -0.9764
vn 0.4236 -0.2158 -0.8798
vn -0.0000 -0.2157 -0.9764
vn -0.4236 0.2158 -0.8798
vn -0.0000 0.2157 -0.9765
vn -0.6205 -0.6084 -0.4948
vn -0.7634 -0.2158 -0.6088
vn -0.7634 -0.2157 -0.6088
vn -0.4237 0.2157 -0.8797
vn -0.9519 -0.2158 -0.2173
vn -0.4237 0.2158 -0.8797
vn -0.7634 0.2158 -0.6088
vn -0.9520 -0.2157 -0.2173
vn -0.7634 0.2157 -0.6088
vn -0.7635 -0.2158 -0.6088
vn -0.6205 0.6084 -0.4948
vn -0.9520 0.2158 -0.2173
vn -0.9519 0.2158 -0.2173
vn -0.6205 0.6084 -0.4949
vn -0.3444 0.6084 -0.7151
vn -0.3443 0.6084 -0.7151
vn -0.7737 0.6084 -0.1766
vn -0.9520 -0.2157 -0.2172
vn -0.9520 0.2157 0.2172
vn -0.9520 0.2157 -0.2173
vn -0.9520 0.2158 0.2172
vn -0.9520 0.2158 -0.2172
vn -0.9520 -0.2157 0.2173
vn -0.7738 0.6084 -0.1766
vn -0.9520 0.2158 0.2173
vn -0.7737 0.6084 0.1766
vn -0.9520 -0.2158 -0.2172
vn -0.7738 -0.6084 0.1766
vn -0.9520 -0.2158 0.2172
vn -0.4472 0.8886 0.1021
vn -0.7737 -0.6084 -0.1766
vn -0.9520 -0.2158 -0.2173
vn -0.7738 -0.6084 -0.1766
vn -0.7737 0.6084 -0.1765
vn -0.4472 0.8886 0.1020
vn -0.4472 0.8886 -0.1020
vn -0.4471 0.8886 0.1020
vn -0.4471 0.8887 -0.1021
vn -0.3586 0.8886 -0.2860
vn -0.4472 0.8886 -0.1021
vn -0.3585 0.8886 -0.2859
vn -0.4471 -0.8886 -0.1021
vn -0.4472 -0.8886 -0.1021
vn -0.3586 -0.8886 -0.2859
vn -0.4471 -0.8887 -0.1020
vn -0.7737 -0.6084 0.1765
vn -0.4472 -0.8886 -0.1020
vn -0.4472 -0.8886 0.1020
vn -0.4471 -0.8887 0.1021
vn -0.4471 -0.8886 -0.1020
vn -0.1990 0.8886 -0.4132
vn -0.3585 0.8887 -0.2859
vn -0.1990 0.8887 -0.4132
vn -0.6204 0.6084 -0.4948
vn -0.3444 0.6084 -0.7150
vn -0.3443 0.6085 -0.7150
vn -0.0000 0.8886 -0.4587
vn -0.1989 0.8887 -0.4132
vn -0.0000 0.8887 -0.4586
vn -0.0000 0.6084 -0.7936
vn -0.3443 0.6084 -0.7150
vn -0.0000 0.6084 -0.7937
vn -0.0000 0.8886 -0.4586
vn 0.1990 0.8886 -0.4132
vn 0.1990 0.8887 -0.4132
vn 0.3443 0.6084 -0.7151
vn 0.3443 0.6084 -0.7150
vn 0.4236 0.2158 -0.8798
vn 0.4236 -0.2157 -0.8798
vn 0.4236 0.2157 -0.8798
vn 0.3586 0.8886 -0.2860
vn 0.3444 0.6085 -0.7150
vn 0.1990 0.8887 -0.4131
vn 0.3585 0.8887 -0.2859
vn 0.6205 0.6084 -0.4949
vn 0.4237 0.2158 -0.8797
vn 0.3444 0.6084 -0.7150
vn 0.6204 0.6084 -0.4948
vn 0.4237 0.2157 -0.8798
vn 0.4237 -0.2157 -0.8797
vn 0.7634 0.2158 -0.6088
vn 0.4237 0.2157 -0.8797
vn 0.7634 0.2157 -0.6088
vn 0.3586 0.8886 -0.2859
vn 0.7737 0.6084 -0.1766
vn 0.6205 0.6084 -0.4948
vn 0.7635 -0.2157 -0.6088
vn 0.7635 0.2157 -0.6088
vn 0.9520 0.2158 -0.2173
vn 0.7738 0.6084 -0.1766
vn 0.4471 0.8887 -0.1021
vn 0.4472 0.8886 -0.1021
vn 0.9520 0.2158 0.2172
vn 0.9520 0.2157 0.2172
vn 0.4472 0.8886 0.1020
vn 0.4471 0.8886 -0.1020
vn 0.4471 0.8887 0.1021
vn 0.7737 0.6084 0.1766
vn 0.7738 0.6084 0.1766
vn 0.4471 0.8886 0.1021
vn 0.6205 0.6084 0.4948
vn 0.9520 0.2158 0.2173
vn 0.0001 1.0000 -0.0000
vn 0.3585 0.8887 0.2859
vn 0.4472 0.8886 0.1021
vn 0.3586 0.8886 0.2859
vn 0.9520 -0.2157 -0.2172
vn 0.9520 0.2157 0.2173
vn 0.9520 -0.2157 0.2172
vn 0.7634 0.2157 0.6088
vn 0.6205 0.6084 0.4949
vn 0.4237 0.2157 0.8797
vn 0.3586 0.8886 0.2860
vn 0.3443 0.6085 0.7150
vn 0.6204 0.6084 0.4948
vn 0.3444 0.6084 0.7151
vn 0.7635 -0.2157 0.6088
vn 0.7634 -0.2157 0.6088
vn 0.9520 -0.2158 0.2173
vn 0.4237 -0.2157 0.8797
vn 0.6205 -0.6084 0.4949
vn 0.7634 -0.2158 0.6089
vn 0.3443 0.6084 0.7151
vn 0.4236 0.2157 0.8798
vn -0.0000 -0.2157 0.9765
vn 0.4236 -0.2157 0.8798
vn -0.0000 0.2157 0.9765
vn 0.0001 -0.6084 0.7936
vn -0.0000 -0.6084 0.7937
vn -0.0000 -0.8886 0.4586
vn -0.0001 -0.6084 0.7936
vn -0.0000 -1.0000 0.0001
vn 0.1990 -0.8887 0.4132
vn -0.0000 -0.8887 0.4586
vn 0.3585 -0.8887 0.2859
vn 0.4471 -0.8886 0.1021
vn -0.1990 -0.8887 0.4132
vn 0.4472 -0.8886 -0.1020
vn 0.4471 -0.8887 -0.1021
vn 0.4471 -0.8886 0.1020
vn 0.7738 -0.6084 0.1766
vn 0.7738 -0.6084 -0.1766
vn 0.4471 -0.8886 -0.1021
vn 0.3586 -0.8886 -0.2859
vn 0.3585 -0.8887 -0.2859
vn -0.3585 -0.8887 0.2859
vn -0.4471 -0.8886 0.1021
vn -0.6204 -0.6084 0.4948
vn -0.6205 -0.6084 0.4949
vn -0.3444 -0.6084 0.7151
vn -0.4237 -0.2157 0.8797
vn -0.4236 -0.2157 0.8798
vn -0.7634 0.2157 0.6088
vn -0.7634 -0.2157 0.6088
vn -0.7635 0.2157 0.6088
vn -0.4237 0.2157 0.8797
vn -0.4236 0.2157 0.8798
vn -0.6205 0.6084 0.4948
vn -0.7634 0.2158 0.6088
vn -0.6205 0.6084 0.4949
vn -0.7634 0.2158 0.6089
vn -0.4471 0.8886 0.1021
vn -0.3586 0.8886 0.2859
vn -0.3586 0.8887 0.2859
vn -0.4237 0.2158 0.8797
vn -0.3444 0.6084 0.7150
vn -0.3443 0.6084 0.7151
vn -0.4236 0.2158 0.8798
vn -0.1990 0.8886 0.4132
vn -0.3586 0.8886 0.2860
vn -0.6204 0.6084 0.4948
vn -0.0001 0.6084 0.7936
vn -0.0000 0.6084 0.7937
vn -0.3443 0.6084 0.7150
vn -0.0000 0.8886 0.4587
vn -0.0000 0.6084 0.7936
vn -0.0000 0.8886 0.4586
vn -0.0000 1.0000 0.0001
vn -0.1990 0.8887 0.4132
vn 0.1990 0.8886 0.4132
vn 0.1990 0.8887 0.4132
vn -0.0000 0.8887 0.4586
vn 0.3444 0.6084 0.7150
vn 0.9940 0.1098 -0.0000
vn -0.9940 0.1098 -0.0000
vn -0.0000 0.1098 0.9940
vn -0.0000 0.1098 -0.9940
vn -0.8925 0.4510 -0.0000
vn -0.8927 0.4507 -0.0000
vn -0.0000 0.4507 -0.8927
vn 0.8925 0.4510 -0.0000
vn 0.8927 0.4507 -0.0000
vn -0.0000 0.4507 0.8927
vn -0.0001 0.6084 -0.7936
vn 0.4471 0.8887 -0.1020
vn 0.4471 0.8886 0.1020
vn 0.4471 0.8886 -0.1021
vn 0.9520 0.2158 -0.2172
vn 0.7635 0.2157 0.6088
vn 0.3443 0.6084 0.7150
vn -0.1989 -0.8886 0.4132
vn -0.3585 0.8887 0.2859
vn -0.1990 0.8886 0.4133
vn 0.1990 0.8886 0.4133
vn -0.3585 -0.8887 -0.2859
vn -0.6205 -0.6084 -0.4949
vn -0.7635 -0.2157 -0.6088
vn -0.4237 -0.2157 -0.8797
vn -0.7635 0.2157 -0.6088
vn -0.3586 0.8886 -0.2859
vn -0.4471 0.8886 -0.1021
vn -0.4471 0.8887 -0.1020
vn 0.4236 -0.2159 -0.8797
vn -0.6205 -0.6085 -0.4948
vn -0.7737 -0.6085 -0.1766
vn -0.9519 0.2158 0.2173
vn -0.4473 0.8886 0.1020
vn -0.7737 0.6085 -0.1766
vn -0.7737 0.6085 0.1766
vn -0.3587 0.8886 -0.2860
vn -0.6205 0.6085 -0.4948
vn -0.0001 1.0000 -0.0000
vn -0.1991 0.8886 -0.4133
vn -0.6204 0.6085 -0.4948
vn -0.6204 0.6084 -0.4949
vn -0.1990 0.8886 -0.4133
vn -0.0000 0.8886 -0.4588
vn -0.0000 0.6085 -0.7936
vn 0.1990 0.8886 -0.4133
vn 0.3586 0.8886 -0.2861
vn 0.1991 0.8886 -0.4133
vn -0.0000 1.0000 -0.0001
vn 0.6204 0.6084 -0.4949
vn 0.3443 0.6085 -0.7150
vn 0.6204 0.6085 -0.4948
vn 0.9519 0.2158 -0.2173
vn 0.3587 0.8886 -0.2860
vn 0.6205 0.6085 -0.4948
vn 0.7737 0.6085 -0.1766
vn 0.7737 0.6085 0.1766
vn 0.4472 0.8886 -0.1020
vn 0.4473 0.8886 0.1021
vn 0.3587 0.8886 0.2860
vn 0.9519 0.2158 0.2173
vn 0.3586 0.8886 0.2861
vn 0.6204 0.6085 0.4948
vn 0.1991 0.8886 0.4133
vn 0.6204 0.6084 0.4949
vn -0.0000 0.8886 0.4588
vn 0.4236 0.2159 0.8797
vn -0.3443 0.6085 0.7150
vn -0.0000 0.6085 0.7936
vn -0.3586 0.8886 0.2861
vn -0.1991 0.8886 0.4133
vn -0.3587 0.8886 0.2861
vn -0.6204 0.6085 0.4948
vn -0.3587 0.8886 0.2860
vn -0.7634 0.2159 0.6088
vn -0.4237 0.2157 0.8798
vn -0.6205 -0.6085 0.4948
vn -0.4236 -0.2159 0.8797
vn 0.6205 -0.6085 -0.4948
vn 0.9940 0.1097 -0.0000
vn -0.9940 0.1097 -0.0000
vn -0.0000 0.1097 0.9940
vn -0.0000 0.1097 -0.9940
vn 1.0000 -0.0000 -0.0000
vn -0.0000 -0.0000 1.0000
vn -1.0000 -0.0000 -0.0000
vn -0.0000 -0.0000 -1.0000
vn -0.0000 -0.8887 -0.4586
vn 0.1989 -0.8887 -0.4132
vn 0.0001 -0.6084 -0.7936
vn 0.1990 -0.8887 -0.4132
vn 0.3443 -0.6084 -0.7151
vn -0.0000 -0.6084 -0.7937
vn -0.3443 -0.6084 -0.7151
vn -0.1990 -0.8887 -0.4132
vn 0.6204 -0.6084 -0.4948
vn 0.4471 -0.8887 -0.1020
vn 0.6205 -0.6084 -0.4949
vn 0.3444 -0.6084 -0.7151
vn -0.0000 -0.2157 -0.9765
vn -0.6204 -0.6084 -0.4948
vn 0.4471 -0.8886 -0.1020
vn -0.4236 -0.2157 -0.8798
vn -0.7118 -0.7024 -0.0000
vn -0.0000 -0.7024 -0.7118
vn 0.7118 -0.7024 -0.0000
vn -0.0000 -0.7024 0.7118
vn 0.3585 -0.8886 -0.2860
vn -0.0000 -0.8886 -0.4586
vn -0.1990 -0.8887 -0.4131
vn -0.4237 0.2157 -0.8798
vn -0.0000 0.4510 -0.8925
vn -0.0000 0.4510 0.8925
vn -0.7737 0.6085 0.1765
vn -0.7737 0.6085 -0.1765
vn -0.4473 0.8886 -0.1021
vn -0.4473 -0.8886 -0.1020
vn -0.3444 0.6085 -0.7150
vn -0.0001 0.2158 -0.9764
vn -0.4236 0.2158 -0.8797
vn 0.0001 0.2158 -0.9764
vn 0.4473 0.8886 -0.1021
vn 0.7737 0.6085 0.1765
vn 0.6205 0.6085 0.4948
vn 0.4236 0.2158 0.8797
vn -0.6205 0.6085 0.4948
vt 0.375000 0.750000
vt 0.125000 0.750000
vt 0.125000 0.500000
vt 0.375000 0.500000
vt 0.875000 0.750000
vt 0.625000 0.750000
vt 0.625000 0.500000
vt 0.875000 0.500000
vt 0.071429 0.428571
vt 0.000000 0.571429
vt 0.000000 0.428571
vt 0.214286 0.571429
vt 0.142857 0.428571
vt 0.214286 0.428571
vt 0.071429 0.285714
vt 0.000000 0.285714
vt 0.285714 0.571429
vt 0.142857 0.285714
vt 0.071429 0.142857
vt 0.000000 0.142857
vt 0.035714 0.000000
vt 0.142857 0.142857
vt 0.107143 0.000000
vt 0.214286 0.285714
vt 0.214286 0.142857
vt 0.178571 0.000000
vt 0.285714 0.285714
vt 0.285714 0.428571
vt 0.285714 0.142857
vt 0.250000 0.000000
vt 0.357143 0.285714
vt 0.357143 0.428571
vt 0.357143 0.571429
vt 0.428571 0.428571
vt 0.357143 0.142857
vt 0.321429 0.000000
vt 0.428571 0.142857
vt 0.392857 0.000000
vt 0.428571 0.285714
vt 0.500000 0.428571
vt 0.500000 0.571429
vt 0.571429 0.428571
vt 0.571429 0.285714
vt 0.500000 0.285714
vt 0.571429 0.142857
vt 0.500000 0.142857
vt 0.464286 0.000000
vt 0.535714 0.000000
vt 0.625000 0.000000
vt 0.625000 0.250000
vt 0.375000 0.000000
vt 0.375000 0.250000
vt 0.625000 1.000000
vt 0.375000 1.000000
vt 0.714286 0.285714
vt 0.642857 0.142857
vt 0.714286 0.142857
vt 0.678571 0.000000
vt 0.785714 0.285714
vt 0.750000 0.000000
vt 0.785714 0.142857
vt 0.821429 0.000000
vt 0.857143 0.142857
vt 0.857143 0.285714
vt 0.714286 0.428571
vt 0.642857 0.285714
vt 0.607143 0.000000
vt 0.785714 0.428571
vt 0.642857 0.428571
vt 0.785714 0.571429
vt 0.714286 0.571429
vt 0.857143 0.428571
vt 0.928571 0.428571
vt 0.857143 0.571429
vt 0.857143 0.714286
vt 0.928571 0.571429
vt 0.785714 0.714286
vt 0.928571 0.714286
vt 1.000000 0.571429
vt 1.000000 0.428571
vt 1.000000 0.714286
vt 1.000000 0.285714
vt 1.000000 0.857143
vt 0.928571 0.285714
vt 0.928571 0.857143
vt 0.964286 1.000000
vt 0.857143 0.857143
vt 0.892857 1.000000
vt 0.928571 0.142857
vt 0.892857 0.000000
vt 1.000000 0.142857
vt 0.964286 0.000000
vt 0.785714 0.857143
vt 0.821429 1.000000
vt 0.714286 0.857143
vt 0.750000 1.000000
vt 0.714286 0.714286
vt 0.642857 0.857143
vt 0.678571 1.000000
vt 0.642857 0.714286
vt 0.642857 0.571429
vt 0.571429 0.857143
vt 0.607143 1.000000
vt 0.571429 0.714286
vt 0.571429 0.571429
vt 0.500000 0.714286
vt 0.535714 1.000000
vt 0.500000 0.857143
vt 0.428571 0.571429
vt 0.428571 0.857143
vt 0.464286 1.000000
vt 0.428571 0.714286
vt 0.357143 0.714286
vt 0.392857 1.000000
vt 0.357143 0.857143
vt 0.285714 0.714286
vt 0.071429 0.571429
vt 0.142857 0.571429
vt 0.071429 0.714286
vt 0.000000 0.714286
vt 0.000000 0.857143
vt 0.071429 0.857143
vt 0.035714 1.000000
vt 0.142857 0.714286
vt 0.142857 0.857143
vt 0.107143 1.000000
vt 0.214286 0.714286
vt 0.214286 0.857143
vt 0.178571 1.000000
vt 0.285714 0.857143
vt 0.250000 1.000000
vt 0.321429 1.000000
s 0
f 1217/265/903 1218/266/903 1219/267/903
f 1217/265/903 1219/267/903 1220/268/903
f 1221/269/904 1222/270/904 1223/271/904
f 1221/269/904 1223/271/904 1224/272/904
f 1225/273/905 1226/274/906 1227/275/907
f 1228/276/908 1229/277/909 1230/278/910
f 1227/275/911 1231/279/912 1225/273/905
f 1231/279/912 1229/277/913 1225/273/914
f 1231/279/912 1227/275/911 1232/280/915
f 1230/278/910 1233/281/916 1228/276/908
f 1229/277/913 1231/279/917 1234/282/918
f 1234/282/919 1230/278/910 1229/277/913
f 1235/283/920 1231/279/912 1232/280/921
f 1235/283/922 1234/282/918 1231/279/923
f 1235/283/920 1232/280/921 1236/284/924
f 1237/285/925 1235/283/926 1236/284/924
f 1234/282/927 1235/283/928 1238/286/929
f 1239/287/903 1238/286/930 1235/283/928
f 1230/278/910 1234/282/931 1240/288/932
f 1238/286/933 1240/288/934 1234/282/927
f 1240/288/934 1238/286/933 1241/289/935
f 1242/290/903 1241/289/935 1238/286/930
f 1243/291/936 1230/278/910 1240/288/932
f 1241/289/937 1243/291/938 1240/288/934
f 1230/278/939 1243/291/940 1244/292/941
f 1233/281/916 1230/278/910 1244/292/942
f 1243/291/938 1241/289/935 1245/293/943
f 1246/294/903 1245/293/944 1241/289/935
f 1247/295/945 1244/292/946 1243/291/947
f 1245/293/948 1247/295/945 1243/291/938
f 1248/296/949 1233/281/950 1244/292/946
f 1244/292/946 1247/295/951 1248/296/949
f 1233/281/950 1248/296/949 1249/297/952
f 1250/298/953 1249/297/952 1248/296/949
f 1247/295/951 1250/298/954 1248/296/955
f 1247/295/956 1245/293/948 1251/299/957
f 1252/300/903 1251/299/957 1245/293/944
f 1253/301/958 1247/295/959 1251/299/960
f 1254/302/903 1253/301/958 1251/299/961
f 1250/298/954 1247/295/951 1255/303/962
f 1253/301/958 1255/303/963 1247/295/951
f 1255/303/962 1256/304/964 1250/298/954
f 1257/305/965 1250/298/966 1256/304/967
f 1258/306/968 1257/305/969 1256/304/970
f 1256/304/971 1259/307/972 1258/306/973
f 1259/307/972 1256/304/971 1260/308/974
f 1256/304/970 1255/303/962 1260/308/974
f 1260/308/975 1261/309/976 1259/307/972
f 1255/303/963 1253/301/977 1262/310/978
f 1255/303/963 1262/310/978 1260/308/975
f 1261/309/976 1260/308/975 1262/310/979
f 1263/311/903 1262/310/980 1253/301/981
f 1264/312/982 1261/309/983 1262/310/980
f 1265/313/984 1266/314/984 1267/315/984
f 1267/315/984 1266/314/984 1268/316/984
f 1269/314/985 1270/271/985 1271/316/985
f 1271/316/986 1270/271/986 1272/268/986
f 1273/271/987 1274/270/987 1275/268/987
f 1275/268/987 1274/270/987 1276/265/987
f 1277/270/988 1278/317/988 1279/265/988
f 1279/265/989 1278/317/989 1280/318/989
f 1281/319/990 1282/320/991 1283/321/992
f 1284/322/903 1283/321/993 1282/320/994
f 1283/321/992 1285/323/995 1281/319/996
f 1286/324/903 1287/325/997 1283/321/993
f 1285/323/995 1283/321/993 1287/325/998
f 1288/326/999 1289/327/1000 1287/325/997
f 1287/325/1001 1290/328/1002 1285/323/995
f 1290/328/1002 1287/325/1001 1289/327/1003
f 1285/323/1004 1291/329/1005 1281/319/996
f 1282/320/991 1281/319/1006 1292/330/1007
f 1291/329/1005 1292/330/1007 1281/319/996
f 1292/330/1008 1261/309/1009 1282/320/1010
f 1293/331/999 1282/320/994 1261/309/983
f 1261/309/1011 1292/330/1012 1259/307/1013
f 1290/328/1014 1294/332/1015 1285/323/1016
f 1291/329/1005 1285/323/1004 1294/332/1017
f 1292/330/1007 1291/329/1005 1295/333/1018
f 1295/333/1019 1259/307/1020 1292/330/1021
f 1296/334/1022 1291/329/1005 1294/332/1023
f 1297/335/1024 1295/333/1025 1291/329/1005
f 1291/329/1026 1296/334/1027 1297/335/1028
f 1259/307/972 1295/333/1019 1258/306/973
f 1294/332/1015 1290/328/1029 1298/336/1030
f 1298/336/1031 1296/334/1032 1294/332/1015
f 1290/328/1029 1299/337/1033 1298/336/1030
f 1296/334/1034 1298/336/1031 1300/338/1035
f 1299/337/1036 1300/338/1037 1298/336/1038
f 1301/339/1039 1296/334/1034 1300/338/1035
f 1300/338/1037 1299/337/1036 1302/340/1040
f 1302/340/1041 1301/339/1039 1300/338/1035
f 1303/334/1034 1304/339/1042 1305/341/1043
f 1305/341/1044 1306/335/1028 1303/334/1027
f 1304/339/1039 1307/340/1040 1308/342/1045
f 1309/337/1046 1310/343/1047 1307/340/1048
f 1310/343/1049 1308/342/1045 1307/340/1050
f 1310/343/1047 1309/337/1046 1311/344/1051
f 1308/342/1052 1310/343/1053 1312/345/1054
f 1309/337/1055 1313/346/1056 1311/344/1057
f 1314/347/1058 1308/342/1045 1312/345/1054
f 1313/346/1056 1309/337/1055 1315/348/1059
f 1309/337/1060 1316/328/1029 1315/348/1061
f 1308/342/1062 1314/347/1063 1317/349/1064
f 1314/347/1065 1318/350/904 1317/349/1066
f 1319/351/1067 1308/342/1045 1317/349/1068
f 1308/342/1045 1319/351/1067 1304/339/1039
f 1317/349/1066 1320/352/904 1319/351/1069
f 1316/328/1029 1321/353/1070 1315/348/1059
f 1321/353/1071 1313/346/915 1315/348/1059
f 1321/353/1071 1316/328/1029 1322/327/1072
f 1323/354/903 1321/353/1073 1322/327/1072
f 1313/346/1074 1321/353/1075 1324/355/1076
f 1325/356/903 1324/355/1077 1321/353/1078
f 1326/357/1079 1304/339/1039 1319/351/1067
f 1319/351/1080 1327/358/904 1326/357/1081
f 1304/339/1082 1326/357/1079 1305/341/1083
f 1305/341/1084 1326/357/1079 1328/359/1085
f 1326/357/1086 1329/360/904 1328/359/1087
f 1330/361/1088 1305/341/1089 1328/359/1085
f 1306/335/1024 1305/341/1044 1330/361/1090
f 1330/361/1088 1328/359/1091 1331/362/1092
f 1328/359/1087 1332/363/904 1331/362/1093
f 1333/364/1094 1306/335/1024 1330/361/1088
f 1331/362/1092 1333/364/1095 1330/361/1088
f 1306/335/1024 1333/364/1094 1334/365/1096
f 1335/333/1097 1306/335/1028 1334/365/1098
f 1336/366/1099 1333/364/1100 1331/362/1092
f 1331/362/1101 1337/367/904 1336/366/1102
f 1338/368/1103 1334/365/1104 1333/364/1105
f 1333/364/1105 1336/366/1099 1338/368/1106
f 1334/365/1107 1339/306/968 1335/333/1108
f 1340/307/972 1335/333/1019 1339/306/973
f 1334/365/1104 1338/368/1103 1341/369/1109
f 1339/306/968 1334/365/1110 1341/369/1111
f 1336/366/1112 1342/370/1113 1338/368/1114
f 1343/304/970 1340/307/972 1339/306/1115
f 1341/369/1116 1343/304/967 1339/306/1115
f 1338/368/1114 1344/305/1117 1341/369/1109
f 1343/304/967 1341/369/1111 1344/305/969
f 1344/305/1117 1338/368/1114 1342/370/1118
f 1336/366/1112 1345/371/904 1346/372/1119
f 1342/370/1113 1336/366/1099 1346/372/1120
f 1342/370/1113 1347/373/1121 1344/305/1117
f 1347/373/1122 1343/304/967 1344/305/965
f 1348/374/1123 1342/370/1113 1346/372/1120
f 1346/372/1124 1349/375/904 1348/374/1125
f 1342/370/1113 1348/374/1123 1350/376/1126
f 1347/373/1121 1342/370/1118 1350/376/1127
f 1348/374/1128 1351/377/1129 1350/376/1126
f 1351/377/1129 1347/373/1130 1350/376/1126
f 1348/374/1128 1352/378/1131 1353/379/1132
f 1351/377/1129 1348/374/1133 1353/379/1134
f 1347/373/1130 1351/377/1129 1354/297/952
f 1343/304/1135 1347/373/1136 1355/298/1137
f 1354/297/1138 1355/298/953 1347/373/1136
f 1351/377/1139 1356/281/1140 1354/297/952
f 1357/303/962 1343/304/964 1355/298/966
f 1353/379/1141 1358/380/1142 1351/377/1143
f 1356/281/950 1351/377/1139 1358/380/1144
f 1355/298/953 1354/297/1138 1359/296/1145
f 1356/281/1140 1359/296/1146 1354/297/1138
f 1360/295/951 1355/298/1147 1359/296/949
f 1355/298/1147 1360/295/951 1357/303/962
f 1359/296/1146 1356/281/1140 1361/292/1148
f 1361/292/1148 1360/295/1149 1359/296/1150
f 1358/380/1151 1362/276/908 1356/281/916
f 1356/281/1152 1363/278/1153 1361/292/1154
f 1363/278/1153 1356/281/1152 1362/276/1155
f 1360/295/1149 1361/292/946 1364/291/947
f 1363/278/910 1364/291/940 1361/292/942
f 1364/291/940 1363/278/910 1365/288/1156
f 1366/293/944 1360/295/945 1364/291/947
f 1363/278/1153 1367/282/919 1365/288/1157
f 1368/289/935 1364/291/936 1365/288/934
f 1364/291/936 1368/289/1158 1366/293/944
f 1367/282/931 1368/289/1158 1365/288/1159
f 1369/294/1160 1366/293/1161 1368/289/1162
f 1360/295/945 1366/293/944 1370/299/957
f 1371/300/903 1370/299/1163 1366/293/944
f 1370/299/957 1357/303/962 1360/295/951
f 1357/303/962 1370/299/957 1372/301/1164
f 1373/302/903 1372/301/1164 1370/299/1163
f 1374/290/903 1368/289/1162 1375/286/1165
f 1368/289/1158 1367/282/931 1375/286/930
f 1357/303/962 1372/301/958 1376/310/1166
f 1377/311/903 1376/310/1167 1372/301/1168
f 1357/303/962 1376/310/1166 1378/308/974
f 1343/304/964 1357/303/1169 1378/308/1170
f 1340/307/972 1343/304/970 1378/308/974
f 1376/310/1171 1340/307/972 1378/308/974
f 1340/307/972 1376/310/980 1379/309/1172
f 1380/312/982 1379/309/1173 1376/310/1171
f 1367/282/918 1381/283/928 1375/286/930
f 1382/287/903 1375/286/1165 1381/283/1174
f 1383/285/925 1381/283/1174 1384/284/1175
f 1381/283/928 1385/280/915 1384/284/924
f 1381/283/928 1386/279/912 1385/280/915
f 1381/283/928 1367/282/931 1386/279/1176
f 1386/279/912 1387/275/907 1385/280/915
f 1388/277/913 1386/279/1177 1367/282/1178
f 1367/282/919 1363/278/910 1388/277/909
f 1387/275/907 1386/279/912 1389/273/905
f 1386/279/1177 1388/277/1179 1389/273/905
f 1362/276/1155 1388/277/1180 1363/278/1153
f 1390/381/1181 1387/275/1051 1389/273/1182
f 1387/275/1051 1390/381/1183 1391/274/906
f 1392/382/1184 1389/273/1182 1388/277/1179
f 1389/273/1182 1392/382/1184 1390/381/1181
f 1388/277/1180 1362/276/1155 1392/382/1185
f 1393/383/1186 1391/274/1053 1390/381/1187
f 1392/382/1184 1393/383/1188 1390/381/1189
f 1391/274/1053 1393/383/1186 1394/384/1054
f 1394/384/1054 1393/383/1186 1395/385/1190
f 1393/383/1186 1396/386/1191 1395/385/1058
f 1396/386/1192 1397/387/904 1395/385/1065
f 1393/383/1188 1392/382/1193 1398/388/1194
f 1362/276/908 1398/388/1195 1392/382/1196
f 1393/383/1186 1399/389/1197 1396/386/1198
f 1399/389/1197 1393/383/1199 1398/388/1194
f 1399/389/1197 1400/390/904 1396/386/1191
f 1398/388/1195 1362/276/908 1401/391/1200
f 1362/276/908 1358/380/1151 1401/391/1201
f 1398/388/1202 1402/392/1203 1399/389/1197
f 1402/392/1203 1398/388/1202 1401/391/1204
f 1402/392/1205 1403/393/1206 1399/389/1207
f 1404/394/1208 1401/391/1204 1358/380/1142
f 1401/391/1204 1404/394/1208 1402/392/1205
f 1404/394/1209 1405/395/904 1402/392/1210
f 1358/380/1211 1353/379/1141 1404/394/1208
f 1353/379/1132 1406/396/904 1404/394/1209
f 1407/270/1212 1408/270/1212 1409/271/1212
f 1410/314/1213 1411/314/1213 1412/313/1213
f 1413/317/1214 1414/317/1214 1415/270/1214
f 1416/271/1215 1417/271/1215 1418/314/1215
f 1419/269/904 1420/270/904 1421/271/904
f 1419/269/904 1421/271/904 1422/272/904
f 1423/316/1216 1424/316/1216 1425/315/1216
f 1425/315/1217 1424/316/1217 1426/315/1217
f 1427/268/1218 1428/268/1218 1429/316/1218
f 1429/316/1218 1428/268/1218 1430/316/1218
f 1431/265/1219 1432/268/1219 1433/268/1219
f 1432/268/1220 1431/265/1220 1434/265/1220
f 1435/318/1221 1436/318/1221 1437/265/1221
f 1437/265/1221 1436/318/1221 1438/265/1221
f 1439/361/1088 1440/359/1085 1441/362/1092
f 1440/359/1087 1442/363/904 1441/362/1093
f 1443/368/1106 1441/362/1092 1444/366/1099
f 1441/362/1101 1445/367/904 1444/366/1102
f 1439/361/1222 1446/357/1079 1440/359/1085
f 1446/357/1079 1439/361/1088 1447/341/1089
f 1446/357/1086 1448/360/904 1440/359/1087
f 1449/372/1120 1443/368/1114 1444/366/1112
f 1444/366/1112 1450/371/1131 1449/372/1223
f 1443/368/1114 1449/372/1120 1451/370/1113
f 1452/305/1117 1443/368/1114 1451/370/1118
f 1453/374/1224 1451/370/1113 1449/372/1225
f 1449/372/1124 1454/375/904 1453/374/1125
f 1455/376/1127 1452/305/1226 1451/370/1113
f 1451/370/1113 1453/374/1224 1455/376/1126
f 1452/305/1226 1455/376/1127 1456/373/1121
f 1453/374/1133 1457/377/1129 1455/376/1126
f 1457/377/1129 1456/373/1130 1455/376/1126
f 1453/374/1128 1458/378/1131 1459/379/1132
f 1457/377/1129 1453/374/1128 1459/379/1134
f 1456/373/1130 1457/377/1129 1460/297/952
f 1460/297/1227 1461/298/953 1456/373/1136
f 1457/377/1139 1462/281/1140 1460/297/952
f 1461/298/953 1460/297/1227 1463/296/1145
f 1462/281/1140 1463/296/1146 1460/297/1138
f 1464/295/951 1461/298/1147 1463/296/949
f 1459/379/1141 1465/380/1228 1457/377/1129
f 1462/281/950 1457/377/1139 1465/380/1211
f 1465/380/1228 1459/379/1141 1466/394/1208
f 1459/379/1132 1467/396/904 1466/394/1209
f 1465/380/1151 1468/276/1155 1462/281/916
f 1469/292/1148 1464/295/1149 1463/296/1146
f 1463/296/1146 1462/281/1140 1469/292/1148
f 1462/281/1152 1470/278/1153 1469/292/1154
f 1470/278/1153 1462/281/1152 1468/276/1155
f 1464/295/1149 1469/292/946 1471/291/947
f 1470/278/910 1471/291/940 1469/292/942
f 1472/293/944 1464/295/945 1471/291/936
f 1464/295/951 1472/293/944 1473/299/957
f 1474/300/903 1473/299/1163 1472/293/1161
f 1471/291/940 1470/278/910 1475/288/1156
f 1471/291/936 1476/289/935 1472/293/943
f 1476/289/935 1471/291/936 1475/288/932
f 1477/294/1160 1472/293/944 1476/289/1162
f 1470/278/910 1478/282/919 1475/288/1157
f 1478/282/931 1476/289/935 1475/288/932
f 1479/290/1160 1476/289/1162 1480/286/1229
f 1476/289/1158 1478/282/931 1480/286/933
f 1478/282/919 1470/278/1153 1481/277/909
f 1468/276/1155 1481/277/1180 1470/278/1153
f 1478/282/931 1482/283/928 1480/286/930
f 1483/287/903 1480/286/1165 1482/283/1174
f 1484/285/925 1482/283/1174 1485/284/1175
f 1482/283/926 1486/280/915 1485/284/1175
f 1482/283/928 1478/282/931 1487/279/912
f 1482/283/926 1487/279/912 1486/280/915
f 1481/277/913 1487/279/1177 1478/282/918
f 1487/279/912 1488/275/907 1486/280/915
f 1487/279/1177 1481/277/1179 1489/273/905
f 1488/275/907 1487/279/912 1489/273/905
f 1490/381/1183 1488/275/1051 1489/273/1182
f 1481/277/1179 1490/381/1181 1489/273/1182
f 1488/275/1051 1490/381/1183 1491/274/906
f 1490/381/1181 1481/277/1179 1492/382/1184
f 1481/277/1180 1468/276/1155 1492/382/1185
f 1493/383/1186 1491/274/1053 1490/381/1187
f 1492/382/1184 1493/383/1188 1490/381/1189
f 1491/274/1053 1493/383/1186 1494/384/1054
f 1494/384/1054 1493/383/1186 1495/385/1058
f 1493/383/1188 1492/382/1193 1496/388/1194
f 1468/276/908 1496/388/1195 1492/382/1196
f 1493/383/1186 1497/386/1191 1495/385/1190
f 1496/388/1194 1497/386/1198 1493/383/1186
f 1497/386/1230 1498/387/904 1495/385/1190
f 1496/388/1195 1468/276/908 1499/391/1200
f 1468/276/908 1465/380/1151 1499/391/1204
f 1497/386/1198 1496/388/1194 1500/389/1197
f 1499/391/1204 1500/389/1197 1496/388/1202
f 1500/389/1197 1501/390/1206 1497/386/1230
f 1466/394/1208 1499/391/1204 1465/380/1142
f 1500/389/1231 1499/391/1204 1502/392/1203
f 1499/391/1204 1466/394/1232 1502/392/1205
f 1502/392/1210 1503/393/1206 1500/389/1207
f 1466/394/1209 1504/395/1206 1502/392/1210
f 1505/356/903 1506/355/1077 1507/353/1078
f 1508/346/915 1507/353/1078 1506/355/1175
f 1509/354/903 1507/353/1073 1510/327/1233
f 1507/353/1071 1511/328/1029 1510/327/1072
f 1507/353/1078 1508/346/915 1512/348/1059
f 1511/328/1029 1507/353/1071 1512/348/1059
f 1508/346/1056 1513/337/1036 1512/348/1059
f 1513/337/1060 1511/328/1029 1512/348/1061
f 1513/337/1060 1508/346/1056 1514/344/1051
f 1515/343/906 1513/337/1046 1514/344/1051
f 1511/328/1029 1513/337/1060 1516/336/1030
f 1517/332/1015 1511/328/1234 1516/336/1030
f 1513/337/1036 1515/343/1047 1518/340/1048
f 1518/340/1048 1516/336/1235 1513/337/1036
f 1519/338/1037 1517/332/1236 1516/336/1031
f 1516/336/1235 1518/340/1048 1519/338/1237
f 1517/332/1236 1519/338/1037 1520/334/1032
f 1521/339/1042 1520/334/1034 1519/338/1035
f 1518/340/1040 1521/339/1039 1519/338/1037
f 1520/334/1034 1521/339/1042 1447/341/1043
f 1515/343/1049 1522/342/1045 1518/340/1050
f 1521/339/1039 1518/340/1040 1522/342/1045
f 1522/342/1052 1515/343/1053 1523/345/1054
f 1524/347/1065 1522/342/1045 1523/345/1054
f 1525/351/1067 1447/341/1083 1521/339/1082
f 1522/342/1045 1525/351/1238 1521/339/1039
f 1447/341/1083 1525/351/1067 1446/357/1079
f 1525/351/1080 1526/358/904 1446/357/1081
f 1525/351/1238 1522/342/1045 1527/349/1239
f 1522/342/1045 1524/347/1190 1527/349/1239
f 1527/349/1240 1528/352/904 1525/351/1080
f 1524/347/1065 1529/350/904 1527/349/1066
f 1530/319/990 1531/320/991 1532/321/992
f 1533/322/903 1532/321/993 1531/320/994
f 1534/331/903 1531/320/994 1535/309/983
f 1530/319/1006 1532/321/992 1536/325/998
f 1537/324/903 1536/325/997 1532/321/993
f 1531/320/991 1530/319/1006 1538/330/1012
f 1531/320/1010 1539/307/1013 1535/309/976
f 1538/330/1012 1539/307/1013 1531/320/1010
f 1540/329/1005 1538/330/1007 1530/319/996
f 1536/325/998 1541/323/1004 1530/319/1006
f 1541/323/1004 1540/329/1005 1530/319/996
f 1536/325/1001 1542/328/1002 1541/323/995
f 1538/330/1007 1540/329/1005 1543/333/1241
f 1543/333/1019 1539/307/1020 1538/330/1021
f 1540/329/1005 1541/323/1004 1544/332/1017
f 1542/328/1029 1544/332/1015 1541/323/1016
f 1545/334/1027 1540/329/1005 1544/332/1017
f 1542/328/1002 1536/325/1001 1546/327/1003
f 1547/326/999 1546/327/1000 1536/325/997
f 1544/332/1015 1542/328/1029 1548/336/1030
f 1548/336/1031 1545/334/1032 1544/332/1015
f 1542/328/1029 1549/337/1033 1548/336/1030
f 1546/327/1003 1550/348/1059 1542/328/1242
f 1549/337/1033 1542/328/1029 1550/348/1059
f 1550/348/1243 1546/327/1003 1551/353/1071
f 1552/354/903 1551/353/1071 1546/327/1000
f 1553/355/924 1550/348/1243 1551/353/1071
f 1554/356/903 1553/355/924 1551/353/1075
f 1555/346/921 1550/348/1243 1553/355/924
f 1555/346/915 1549/337/1033 1550/348/1059
f 1549/337/1060 1555/346/915 1556/344/1057
f 1557/343/1047 1549/337/1055 1556/344/1051
f 1549/337/1046 1557/343/1049 1558/340/1048
f 1558/340/1040 1548/336/1030 1549/337/1060
f 1548/336/1030 1558/340/1040 1559/338/1035
f 1545/334/1034 1548/336/1031 1559/338/1035
f 1557/343/1053 1560/342/1045 1558/340/1050
f 1560/342/1045 1557/343/1244 1561/345/1054
f 1558/340/1041 1562/339/1039 1559/338/1035
f 1562/339/1039 1545/334/1034 1559/338/1035
f 1562/339/1039 1558/340/1041 1560/342/1045
f 1563/347/1245 1560/342/1246 1561/345/1247
f 1560/342/1246 1563/347/1245 1564/349/1068
f 1563/347/1063 1565/350/904 1564/349/1239
f 1566/351/1248 1560/342/1246 1564/349/1068
f 1560/342/1045 1566/351/1248 1562/339/1249
f 1564/349/1068 1567/352/1250 1566/351/1067
f 1568/357/1251 1562/339/1252 1566/351/1248
f 1566/351/1067 1569/358/904 1568/357/1079
f 1562/339/1252 1568/357/1251 1570/341/1084
f 1545/334/1034 1562/339/1253 1570/341/1083
f 1570/341/1084 1568/357/1254 1571/359/1255
f 1568/357/1079 1572/360/904 1571/359/1085
f 1570/341/1089 1573/335/1024 1545/334/1027
f 1540/329/1005 1545/334/1027 1573/335/1024
f 1574/361/1088 1570/341/1084 1571/359/1255
f 1573/335/1024 1570/341/1089 1574/361/1088
f 1573/335/1024 1543/333/1025 1540/329/1005
f 1574/361/1256 1571/359/1255 1575/362/1257
f 1571/359/1085 1576/363/904 1575/362/1092
f 1577/364/1095 1573/335/1024 1574/361/1088
f 1575/362/1257 1577/364/1095 1574/361/1256
f 1543/333/1025 1573/335/1024 1578/365/1107
f 1573/335/1024 1577/364/1095 1578/365/1096
f 1579/366/1258 1577/364/1100 1575/362/1259
f 1575/362/1092 1580/367/1260 1579/366/1099
f 1581/368/1261 1578/365/1104 1577/364/1105
f 1577/364/1262 1579/366/1258 1581/368/1263
f 1582/369/1111 1543/333/1108 1578/365/1104
f 1578/365/1104 1581/368/1114 1582/369/1109
f 1543/333/1019 1582/369/1111 1583/306/973
f 1539/307/972 1543/333/1019 1583/306/973
f 1582/369/1111 1584/304/970 1583/306/968
f 1584/304/971 1539/307/972 1583/306/973
f 1581/368/1114 1585/305/1264 1582/369/1109
f 1584/304/970 1582/369/1109 1585/305/969
f 1579/366/1265 1586/370/1113 1581/368/1266
f 1585/305/1264 1581/368/1114 1586/370/1113
f 1586/370/1267 1579/366/1265 1587/372/1120
f 1579/366/1099 1588/371/904 1587/372/1120
f 1589/376/1126 1585/305/1117 1586/370/1113
f 1587/372/1120 1589/376/1268 1586/370/1267
f 1587/372/1269 1590/375/904 1591/374/1133
f 1589/376/1268 1587/372/1120 1591/374/1133
f 1589/376/1268 1591/374/1270 1592/379/1271
f 1591/374/1133 1593/378/1131 1592/379/1141
f 1585/305/1226 1589/376/1126 1594/373/1121
f 1594/373/1121 1584/304/1135 1585/305/1226
f 1595/377/1129 1589/376/1268 1592/379/1271
f 1595/377/1129 1594/373/1272 1589/376/1126
f 1592/379/1141 1596/396/904 1597/394/1208
f 1592/379/1273 1598/380/1211 1595/377/1274
f 1598/380/1142 1592/379/1273 1597/394/1275
f 1594/373/1272 1595/377/1129 1599/297/952
f 1584/304/964 1594/373/1122 1600/298/966
f 1599/297/952 1600/298/953 1594/373/1130
f 1595/377/1276 1601/281/950 1599/297/952
f 1601/281/950 1595/377/1276 1598/380/1228
f 1600/298/1147 1599/297/952 1602/296/949
f 1601/281/950 1602/296/1146 1599/297/952
f 1603/303/962 1584/304/964 1600/298/954
f 1604/392/1277 1598/380/1142 1597/394/1232
f 1597/394/1208 1605/395/904 1604/392/1203
f 1598/380/1228 1604/392/1203 1606/391/1204
f 1607/295/951 1600/298/954 1602/296/955
f 1600/298/954 1607/295/951 1603/303/962
f 1608/276/908 1598/380/1228 1606/391/1204
f 1598/380/1228 1608/276/908 1601/281/1278
f 1604/392/1277 1609/388/1279 1606/391/1280
f 1609/388/1202 1608/276/908 1606/391/1204
f 1604/392/1203 1610/393/904 1611/389/1197
f 1609/388/1279 1604/392/1277 1611/389/1231
f 1602/296/1146 1601/281/1140 1612/292/946
f 1608/276/908 1612/292/1154 1601/281/916
f 1612/292/946 1607/295/1149 1602/296/949
f 1613/386/1281 1609/388/1279 1611/389/1282
f 1611/389/1197 1614/390/904 1613/386/1198
f 1609/388/1194 1613/386/1283 1615/383/1284
f 1613/386/1198 1616/387/904 1617/385/1058
f 1615/383/1186 1613/386/1285 1617/385/1058
f 1618/384/1247 1615/383/1186 1617/385/1058
f 1619/274/1244 1615/383/1186 1618/384/1054
f 1615/383/1186 1619/274/1244 1620/381/1286
f 1615/383/1188 1621/382/1193 1609/388/1194
f 1621/382/1193 1615/383/1188 1620/381/1187
f 1608/276/908 1609/388/1202 1621/382/1196
f 1619/274/1053 1622/273/905 1620/381/1187
f 1622/273/1182 1621/382/1193 1620/381/1181
f 1622/273/905 1619/274/906 1623/275/907
f 1624/277/909 1608/276/908 1621/382/1287
f 1621/382/1193 1622/273/905 1624/277/1179
f 1623/275/911 1625/279/912 1622/273/905
f 1625/279/917 1624/277/913 1622/273/905
f 1625/279/912 1623/275/911 1626/280/915
f 1627/284/924 1625/279/912 1626/280/921
f 1625/279/1288 1627/284/924 1628/283/920
f 1629/285/925 1628/283/928 1627/284/924
f 1625/279/923 1628/283/920 1630/286/929
f 1631/287/903 1630/286/930 1628/283/928
f 1624/277/913 1625/279/917 1632/282/931
f 1630/286/929 1632/282/927 1625/279/1176
f 1608/276/908 1624/277/909 1633/278/910
f 1632/282/931 1633/278/910 1624/277/1289
f 1612/292/942 1608/276/908 1633/278/910
f 1630/286/933 1634/288/934 1632/282/931
f 1633/278/910 1632/282/931 1634/288/932
f 1634/288/934 1630/286/933 1635/289/935
f 1636/290/903 1635/289/935 1630/286/930
f 1637/291/936 1633/278/910 1634/288/932
f 1633/278/910 1637/291/936 1612/292/942
f 1638/293/943 1634/288/932 1635/289/935
f 1634/288/932 1638/293/943 1637/291/936
f 1639/294/903 1638/293/944 1635/289/935
f 1607/295/1149 1612/292/946 1637/291/947
f 1638/293/948 1607/295/945 1637/291/938
f 1607/295/956 1638/293/948 1640/299/957
f 1641/300/903 1640/299/957 1638/293/944
f 1642/301/958 1607/295/951 1640/299/960
f 1643/302/903 1642/301/958 1640/299/957
f 1642/301/958 1603/303/963 1607/295/959
f 1642/301/958 1644/308/975 1603/303/963
f 1584/304/970 1603/303/962 1644/308/974
f 1539/307/972 1584/304/971 1644/308/974
f 1644/308/975 1642/301/958 1645/310/980
f 1645/310/980 1539/307/1290 1644/308/974
f 1646/311/903 1645/310/980 1642/301/981
f 1539/307/1290 1645/310/980 1535/309/976
f 1647/312/903 1535/309/983 1645/310/980
f 1648/270/1291 1649/270/1291 1650/271/1291
f 1651/314/1292 1652/314/1292 1653/313/1292
f 1654/317/1293 1655/317/1293 1656/270/1293
f 1657/271/1294 1658/271/1294 1659/314/1294
f 1660/266/1295 1661/266/1295 1662/267/1295
f 1662/267/1295 1661/266/1295 1663/267/1295
f 1664/267/1296 1665/267/1296 1666/268/1296
f 1666/268/1296 1665/267/1296 1667/268/1296
f 1668/268/1297 1669/268/1297 1670/265/1297
f 1670/265/1297 1669/268/1297 1671/265/1297
f 1672/265/1298 1673/265/1298 1674/266/1298
f 1674/266/1298 1673/265/1298 1675/266/1298
f 1676/266/1295 1677/267/1295 1678/266/1295
f 1677/267/1295 1676/266/1295 1679/267/1295
f 1680/267/1296 1681/268/1296 1682/267/1296
f 1681/268/1296 1680/267/1296 1683/268/1296
f 1684/268/1297 1685/265/1297 1686/268/1297
f 1685/265/1297 1684/268/1297 1687/265/1297
f 1688/265/1298 1689/266/1298 1690/265/1298
f 1689/266/1298 1688/265/1298 1691/266/1298
f 1692/319/996 1693/320/994 1694/321/993
f 1695/322/903 1694/321/1299 1693/320/1300
f 1693/320/994 1692/319/1301 1696/330/1007
f 1697/331/903 1693/320/1302 1698/309/1173
f 1699/329/1005 1696/330/1303 1692/319/1304
f 1694/321/993 1700/323/1004 1692/319/996
f 1700/323/1305 1699/329/1005 1692/319/996
f 1700/323/1004 1694/321/993 1701/325/998
f 1702/324/903 1701/325/1306 1694/321/1299
f 1693/320/994 1703/307/1307 1698/309/983
f 1696/330/1021 1703/307/972 1693/320/994
f 1704/312/903 1698/309/1173 1705/310/1308
f 1703/307/972 1705/310/980 1698/309/1172
f 1706/326/903 1510/327/1233 1701/325/1306
f 1707/333/1019 1703/307/1309 1696/330/1310
f 1696/330/1303 1699/329/1311 1707/333/1025
f 1705/310/980 1703/307/972 1708/308/974
f 1511/328/1312 1701/325/997 1510/327/1000
f 1701/325/997 1511/328/1029 1700/323/1004
f 1699/329/1005 1700/323/1305 1517/332/1017
f 1511/328/1234 1517/332/1015 1700/323/1016
f 1703/307/972 1709/304/970 1708/308/974
f 1710/303/962 1705/310/1313 1708/308/974
f 1709/304/967 1710/303/1169 1708/308/1170
f 1711/311/903 1705/310/1167 1712/301/1168
f 1710/303/962 1712/301/1164 1705/310/1313
f 1710/303/962 1473/299/961 1712/301/1164
f 1713/302/903 1712/301/1164 1473/299/1163
f 1473/299/961 1710/303/962 1464/295/951
f 1709/304/970 1703/307/972 1714/306/968
f 1703/307/1309 1707/333/1019 1714/306/973
f 1710/303/962 1709/304/967 1461/298/1147
f 1461/298/1147 1464/295/951 1710/303/962
f 1714/306/1115 1452/305/969 1709/304/967
f 1709/304/967 1456/373/1136 1461/298/1137
f 1456/373/1136 1709/304/967 1452/305/965
f 1707/333/1108 1715/369/1111 1714/306/968
f 1452/305/969 1714/306/1115 1715/369/1116
f 1715/369/1111 1707/333/1108 1716/365/1110
f 1443/368/1114 1452/305/1117 1715/369/1109
f 1716/365/1104 1443/368/1103 1715/369/1109
f 1707/333/1097 1717/335/1028 1716/365/1098
f 1717/335/1028 1707/333/1097 1699/329/1311
f 1443/368/1103 1716/365/1104 1718/364/1105
f 1717/335/1024 1718/364/1094 1716/365/1096
f 1699/329/1311 1520/334/1022 1717/335/1028
f 1520/334/1022 1699/329/1311 1517/332/1314
f 1718/364/1094 1717/335/1024 1439/361/1088
f 1447/341/1044 1717/335/1028 1520/334/1027
f 1717/335/1024 1447/341/1044 1439/361/1090
f 1441/362/1092 1718/364/1095 1439/361/1088
f 1441/362/1092 1443/368/1114 1718/364/1095
f 1719/313/1315 1720/314/1315 1721/315/1315
f 1721/315/1315 1720/314/1315 1722/316/1315
f 1723/314/1316 1724/271/1316 1725/316/1316
f 1725/316/1316 1724/271/1316 1726/268/1316
f 1727/271/1317 1728/265/1317 1729/268/1317
f 1728/265/1317 1727/271/1317 1730/270/1317
f 1731/270/1318 1732/317/1318 1733/265/1318
f 1733/265/1318 1732/317/1318 1734/318/1318
f 1735/265/903 1736/266/903 1737/267/903
f 1735/265/903 1737/267/903 1738/268/903
f 1739/319/996 1740/320/991 1741/321/993
f 1742/322/903 1741/321/1299 1740/320/1300
f 1743/331/903 1740/320/1302 1379/309/1319
f 1739/319/996 1741/321/1320 1744/325/998
f 1745/324/903 1744/325/1306 1741/321/1299
f 1740/320/994 1739/319/996 1746/330/1007
f 1740/320/994 1340/307/1013 1379/309/983
f 1746/330/1021 1340/307/1307 1740/320/994
f 1747/329/1005 1746/330/1303 1739/319/1304
f 1744/325/997 1748/323/1004 1739/319/996
f 1748/323/1305 1747/329/1005 1739/319/996
f 1749/326/903 1322/327/1072 1744/325/1321
f 1744/325/997 1316/328/1312 1748/323/1016
f 1316/328/1312 1744/325/997 1322/327/1000
f 1747/329/1005 1748/323/1305 1750/332/1017
f 1316/328/1234 1750/332/1015 1748/323/1016
f 1746/330/1303 1747/329/1026 1335/333/1025
f 1335/333/1019 1340/307/1309 1746/330/1310
f 1303/334/1022 1747/329/1311 1750/332/1314
f 1306/335/1028 1335/333/1097 1747/329/1311
f 1747/329/1311 1303/334/1022 1306/335/1028
f 1750/332/1015 1316/328/1029 1751/336/1030
f 1751/336/1031 1303/334/1322 1750/332/1236
f 1303/334/1322 1751/336/1031 1752/338/1037
f 1316/328/1029 1309/337/1060 1751/336/1030
f 1304/339/1042 1303/334/1034 1752/338/1035
f 1751/336/1235 1307/340/1048 1752/338/1237
f 1307/340/1040 1304/339/1039 1752/338/1237
f 1307/340/1048 1751/336/1235 1309/337/1036
f 1753/315/1217 1754/316/1217 1755/316/1217
f 1753/315/1216 1755/316/1216 1756/315/1216
f 1757/316/1218 1758/268/1218 1759/268/1218
f 1757/316/1323 1759/268/1323 1760/316/1323
f 1761/268/1220 1762/265/1220 1763/265/1220
f 1761/268/1219 1763/265/1219 1764/268/1219
f 1765/265/1221 1766/318/1221 1767/318/1221
f 1765/265/1324 1767/318/1324 1768/265/1324
f 1299/337/1046 1769/343/1049 1302/340/1048
f 1770/345/1054 1302/340/1050 1769/343/1244
f 1769/343/1047 1299/337/1055 1771/344/1051
f 1302/340/1050 1770/345/1054 1772/342/1045
f 1301/339/1039 1302/340/1041 1772/342/1045
f 1773/347/1058 1772/342/1246 1770/345/1325
f 1774/348/1059 1771/344/1057 1299/337/1033
f 1299/337/1033 1290/328/1029 1774/348/1059
f 1771/344/907 1774/348/1059 1775/346/915
f 1772/342/1326 1773/347/1058 1776/349/1068
f 1773/347/1063 1777/350/904 1776/349/1068
f 1778/351/1248 1772/342/1246 1776/349/1327
f 1772/342/1045 1778/351/1248 1301/339/1249
f 1776/349/1068 1779/352/904 1778/351/1067
f 1780/353/1071 1775/346/921 1774/348/1243
f 1290/328/1242 1780/353/1071 1774/348/1059
f 1775/346/921 1780/353/1328 1781/355/924
f 1782/356/903 1781/355/924 1780/353/1075
f 1780/353/1071 1290/328/1242 1289/327/1003
f 1783/354/903 1780/353/1071 1289/327/1000
f 1784/357/1251 1301/339/1252 1778/351/1248
f 1778/351/1067 1785/358/904 1784/357/1254
f 1301/339/1252 1784/357/1251 1786/341/1329
f 1296/334/1034 1301/339/1039 1786/341/1083
f 1786/341/1044 1297/335/1330 1296/334/1331
f 1786/341/1089 1784/357/1254 1787/359/1255
f 1784/357/1254 1788/360/904 1787/359/1085
f 1297/335/1024 1786/341/1044 1789/361/1088
f 1789/361/1256 1786/341/1084 1787/359/1085
f 1789/361/1256 1787/359/1255 1790/362/1257
f 1787/359/1085 1791/363/904 1790/362/1092
f 1792/364/1094 1297/335/1024 1789/361/1088
f 1790/362/1257 1792/364/1262 1789/361/1088
f 1297/335/1024 1792/364/1095 1793/365/1096
f 1295/333/1097 1297/335/1332 1793/365/1098
f 1790/362/1259 1794/368/1263 1792/364/1105
f 1794/368/1114 1793/365/1104 1792/364/1105
f 1793/365/1104 1258/306/973 1295/333/1108
f 1258/306/968 1793/365/1104 1795/369/1111
f 1793/365/1104 1794/368/1114 1795/369/1109
f 1257/305/969 1258/306/968 1795/369/1109
f 1794/368/1114 1257/305/1264 1795/369/1109
f 1794/368/1106 1790/362/1259 1796/366/1099
f 1790/362/1092 1797/367/904 1796/366/1099
f 1796/366/1265 1798/370/1267 1794/368/1266
f 1257/305/1264 1794/368/1114 1798/370/1113
f 1798/370/1267 1796/366/1265 1799/372/1333
f 1796/366/1099 1800/371/904 1799/372/1120
f 1799/372/1120 1801/376/1334 1798/370/1267
f 1801/376/1126 1257/305/1264 1798/370/1113
f 1801/376/1334 1799/372/1120 1802/374/1133
f 1799/372/1269 1803/375/904 1802/374/1133
f 1257/305/1226 1801/376/1126 1804/373/1121
f 1802/374/1133 1805/377/1335 1801/376/1268
f 1805/377/1129 1804/373/1272 1801/376/1126
f 1802/374/1133 1806/378/904 1807/379/1141
f 1805/377/1274 1802/374/1133 1807/379/1271
f 1250/298/1137 1257/305/1226 1804/373/1136
f 1808/394/1275 1805/377/1274 1807/379/1271
f 1807/379/1141 1809/396/904 1808/394/1232
f 1804/373/1272 1805/377/1129 1249/297/952
f 1249/297/952 1250/298/953 1804/373/1130
f 1805/377/1143 1233/281/950 1249/297/952
f 1808/394/1275 1810/380/1211 1805/377/1274
f 1233/281/950 1805/377/1129 1810/380/1211
f 1811/392/1277 1810/380/1228 1808/394/1232
f 1808/394/1232 1812/395/904 1811/392/1203
f 1810/380/1142 1811/392/1203 1813/391/1280
f 1228/276/908 1810/380/1228 1813/391/1204
f 1810/380/1151 1228/276/908 1233/281/1336
f 1811/392/1277 1814/388/1279 1813/391/1280
f 1814/388/1202 1228/276/908 1813/391/1204
f 1811/392/1203 1815/393/904 1816/389/1197
f 1814/388/1202 1811/392/1277 1816/389/1231
f 1817/386/1281 1814/388/1279 1816/389/1231
f 1816/389/1231 1818/390/904 1817/386/1198
f 1817/386/1191 1819/387/904 1820/385/1058
f 1821/384/1247 1817/386/1285 1820/385/1058
f 1817/386/1285 1821/384/1247 1822/383/1337
f 1814/388/1279 1817/386/1283 1822/383/1199
f 1226/274/1244 1822/383/1186 1821/384/1054
f 1822/383/1186 1823/382/1193 1814/388/1194
f 1228/276/908 1814/388/1195 1823/382/1196
f 1822/383/1186 1226/274/1244 1824/381/1187
f 1823/382/1193 1822/383/1186 1824/381/1187
f 1229/277/909 1228/276/908 1823/382/1196
f 1824/381/1187 1229/277/913 1823/382/1193
f 1226/274/906 1225/273/905 1824/381/1187
f 1229/277/913 1824/381/1187 1225/273/905
