# Blender 4.2.16 LTS
# www.blender.org
mtllib BalisongHandle.mtl
o balisong_model.196
v 0.050291 -0.661411 -0.145994
v 0.153944 0.625570 -0.163602
v 0.299255 0.392287 -0.163602
v 0.153944 0.625570 -0.091129
v 0.076705 0.823344 -0.091129
v 0.055276 0.951700 -0.091129
v 0.060551 1.114146 -0.145994
v 0.062189 1.164318 -0.091129
v 0.062189 1.164318 -0.163602
v 0.096788 1.350520 -0.144794
v 0.245155 -1.128704 -0.091129
v 0.238496 -1.233630 -0.091129
v 0.313262 -1.017737 -0.163602
v 0.217068 -0.532472 -0.091129
v 0.217068 -0.532472 -0.163602
v 0.201277 -0.336955 -0.163602
v 0.206262 -0.150461 -0.163602
v 0.206262 -0.150461 -0.091129
v 0.221215 0.032979 -0.163602
v 0.221215 0.032979 -0.091129
v 0.259416 0.226967 -0.091129
v 0.299255 0.392287 -0.091129
v -0.103714 0.447080 -0.149122
v -0.103714 0.447080 -0.105609
v -0.069915 -0.475245 -0.105609
v -0.069915 -0.475245 -0.149122
v -0.028585 -0.676692 -0.149122
v -0.146936 0.687529 -0.149122
v -0.021090 1.239810 -0.105609
v -0.109353 0.924231 -0.105609
v -0.109353 0.924231 -0.149122
v -0.021090 1.239810 -0.149122
v -0.441995 -1.256659 -0.091129
v -0.303270 -1.275142 -0.091129
v -0.441995 -1.256659 -0.163602
v -0.249897 0.213687 -0.127366
v -0.287299 0.970583 -0.127366
v -0.211151 1.158679 -0.127366
v -0.083158 1.330402 -0.127366
v -0.111281 -0.740652 -0.091129
v -0.193287 -1.369698 -0.091129
v 0.047199 -1.711946 -0.091129
v -0.036516 -1.682949 -0.091129
v 0.156818 -1.701067 -0.091129
v 0.293324 -1.509953 -0.091129
v 0.294307 -1.374065 -0.091129
v -0.232725 -1.137073 -0.091129
v -0.194342 -1.013589 -0.091129
v 0.313262 -1.017737 -0.091129
v 0.060079 -0.704416 -0.108739
v 0.201277 -0.336955 -0.091129
v 0.009835 0.567504 -0.108739
v -0.008939 0.806063 -0.108739
v 0.050292 -0.661411 -0.108739
v -0.146936 0.687529 -0.105609
v 0.060551 1.114146 -0.108739
v 0.096788 1.350520 -0.109939
v 0.147977 1.504673 -0.127366
v -0.183718 -1.514280 -0.163602
v -0.183718 -1.514280 -0.091129
v -0.550814 -1.314288 -0.163602
v -0.550814 -1.314288 -0.091129
v -0.179571 -0.712527 -0.127366
v -0.202818 -0.842484 -0.091129
v -0.202818 -0.842484 -0.163602
v -0.218391 -1.266445 -0.091129
v -0.171748 -1.369698 -0.091129
v -0.023710 -0.751238 -0.108739
v -0.028585 -0.676692 -0.105609
v -0.202927 -1.570636 -0.163602
v 0.259452 -1.632232 -0.163602
v 0.047199 -1.711946 -0.163602
v -0.036516 -1.682949 -0.163602
v 0.259452 -1.632232 -0.091129
v -0.202927 -1.570636 -0.091129
v -0.090325 -1.605965 -0.091129
v -0.556053 -1.345505 -0.091129
v -0.410888 -1.329497 -0.163602
v -0.528076 -1.355582 -0.163602
v -0.528076 -1.355582 -0.091129
v -0.410888 -1.329497 -0.091129
v -0.300906 -1.359948 -0.091129
v -0.198053 -1.446902 -0.163602
v -0.198053 -1.446902 -0.091129
v -0.302505 0.576746 -0.127366
v -0.315640 0.802607 -0.127366
v -0.163781 -0.624447 -0.127366
v -0.023710 -0.751238 -0.145994
v -0.303270 -1.275142 -0.163602
v -0.300906 -1.359948 -0.163602
v -0.193287 -1.369698 -0.163602
v -0.556053 -1.345505 -0.163602
v -0.171748 -1.369698 -0.163602
v -0.090325 -1.605965 -0.163602
v 0.294307 -1.374065 -0.163602
v 0.238496 -1.233630 -0.163602
v -0.218391 -1.266445 -0.163602
v -0.232725 -1.137073 -0.163602
v 0.245155 -1.128704 -0.163602
v -0.194342 -1.013589 -0.163602
v -0.111319 -0.740652 -0.163602
v 0.060079 -0.704416 -0.145994
v 0.009835 0.567504 -0.145994
v 0.259416 0.226967 -0.163602
v -0.008939 0.806063 -0.145994
v 0.076705 0.823344 -0.163602
v 0.055276 0.951700 -0.163602
v 0.293324 -1.509953 -0.163602
v 0.156818 -1.701067 -0.163602
v -0.100513 -1.494963 -0.280352
v -0.089088 -1.646858 -0.154033
v -0.100513 -1.494963 -0.154033
v -0.089088 -1.646858 -0.280352
v -0.185682 -1.596759 -0.280352
v -0.091343 -1.375701 -0.154033
v -0.091343 -1.375701 -0.280352
v -0.194013 -1.453452 -0.280352
v -0.185682 -1.596758 -0.154033
v -0.189175 -1.356455 -0.280352
v -0.194013 -1.453452 -0.154033
v -0.189175 -1.356455 -0.154033
v -0.175641 -1.329824 -0.154033
v -0.175641 -1.329824 -0.280352
v -0.140277 -1.312325 -0.280352
v -0.140277 -1.312325 -0.154033
v -0.100075 -1.314981 -0.280352
v -0.084358 -1.336810 -0.280352
v -0.100075 -1.314981 -0.154033
v -0.084358 -1.336810 -0.154033
v -0.149009 -1.760588 -0.154033
v -0.149009 -1.760588 -0.280352
v -0.136276 -1.796060 -0.154033
v -0.059182 -1.776051 -0.154033
v -0.105605 -1.813961 -0.154033
v -0.062528 -1.793042 -0.154033
v -0.059182 -1.776051 -0.280352
v -0.062528 -1.793042 -0.280352
v -0.105605 -1.813961 -0.280352
v -0.078319 -1.810941 -0.280352
v -0.078319 -1.810941 -0.154033
v -0.136276 -1.796061 -0.280352
v -0.089088 -1.646858 -0.100699
v -0.089088 -1.646858 0.025621
v -0.100513 -1.494963 -0.100699
v -0.059182 -1.776051 0.025621
v -0.059182 -1.776051 -0.100699
v -0.185682 -1.596758 -0.100699
v -0.149009 -1.760588 -0.100699
v -0.149009 -1.760588 0.025621
v -0.136276 -1.796060 0.025621
v -0.136276 -1.796060 -0.100699
v -0.105605 -1.813961 0.025621
v -0.105605 -1.813961 -0.100699
v -0.078319 -1.810941 -0.100699
v -0.062528 -1.793042 -0.100699
v -0.078319 -1.810941 0.025621
v -0.062528 -1.793042 0.025621
v -0.185682 -1.596758 0.025621
v -0.194013 -1.453452 -0.100699
v -0.194013 -1.453452 0.025621
v -0.100513 -1.494963 0.025621
v -0.091343 -1.375701 0.025621
v -0.091343 -1.375701 -0.100699
v -0.084358 -1.336810 0.025621
v -0.189175 -1.356455 0.025621
v -0.175641 -1.329824 0.025621
v -0.140277 -1.312325 0.025621
v -0.140277 -1.312325 -0.100699
v -0.100075 -1.314981 -0.100699
v -0.100075 -1.314981 0.025621
v -0.084358 -1.336810 -0.100699
v -0.175641 -1.329824 -0.100699
v -0.189175 -1.356455 -0.100699
v 0.013983 -2.172470 -0.154033
v 0.035667 -2.235047 -0.154033
v -0.112226 -2.235047 -0.154033
v 0.013983 -2.172470 -0.280351
v -0.038298 -2.146565 -0.280352
v -0.090580 -2.172470 -0.154033
v -0.038298 -2.146565 -0.154033
v -0.090580 -2.172470 -0.280351
v -0.112226 -2.235047 -0.280351
v 0.027553 -2.548115 -0.280351
v 0.035667 -2.235047 -0.280351
v -0.124014 -2.630739 -0.280351
v -0.124014 -2.630739 -0.154033
v -0.143479 -2.786164 -0.154033
v -0.143479 -2.786164 -0.280351
v 0.009181 -2.841610 -0.280351
v -0.213369 -3.125355 -0.280351
v -0.060710 -3.226424 -0.280351
v 0.009181 -2.841611 -0.154033
v -0.060710 -3.226424 -0.154033
v -0.126926 -3.451485 -0.154033
v -0.314148 -3.442752 -0.154033
v -0.213369 -3.125355 -0.154033
v -0.314148 -3.442752 -0.280351
v -0.307781 -3.489504 -0.280351
v -0.252334 -3.526469 -0.280351
v -0.184191 -3.518865 -0.280351
v -0.126926 -3.451485 -0.280351
v -0.184191 -3.518865 -0.154033
v -0.252334 -3.526469 -0.154033
v -0.307781 -3.489504 -0.154033
v 0.027553 -2.548117 -0.154033
v 0.013983 -2.172470 0.025621
v 0.035667 -2.235047 0.025621
v -0.112226 -2.235047 0.025621
v 0.013983 -2.172470 -0.100699
v -0.038298 -2.146565 -0.100699
v -0.090580 -2.172470 0.025621
v -0.038298 -2.146565 0.025621
v -0.090580 -2.172470 -0.100699
v -0.112226 -2.235047 -0.100699
v -0.124014 -2.630739 -0.100699
v 0.027553 -2.548115 -0.100699
v 0.035667 -2.235047 -0.100699
v 0.027553 -2.548117 0.025621
v 0.009181 -2.841611 0.025621
v -0.124014 -2.630739 0.025621
v -0.143479 -2.786164 0.025621
v -0.213369 -3.125355 0.025621
v -0.213369 -3.125355 -0.100699
v -0.143479 -2.786164 -0.100699
v 0.009181 -2.841610 -0.100699
v -0.060710 -3.226424 -0.100699
v -0.060710 -3.226424 0.025621
v -0.126926 -3.451485 0.025621
v -0.314148 -3.442752 0.025621
v -0.314148 -3.442752 -0.100699
v -0.307781 -3.489504 -0.100699
v -0.252334 -3.526469 0.025621
v -0.307781 -3.489504 0.025621
v -0.184192 -3.518865 0.025621
v -0.184191 -3.518865 -0.100699
v -0.126926 -3.451485 -0.100699
v -0.252334 -3.526469 -0.100699
v -0.112445 -1.251460 -0.273549
v -0.100658 -1.222973 -0.273549
v -0.112445 -1.194486 -0.273549
v -0.112445 -1.251460 0.018817
v -0.140932 -1.263247 0.018817
v -0.140932 -1.263247 -0.273549
v -0.169421 -1.251460 -0.273549
v -0.169421 -1.194486 -0.273549
v -0.181243 -1.222973 -0.273549
v -0.169421 -1.194486 0.018817
v -0.140932 -1.182662 0.018817
v -0.140932 -1.182662 -0.273549
v -0.112445 -1.194486 0.018817
v -0.100658 -1.222973 0.018817
v -0.169421 -1.251460 0.018817
v -0.181243 -1.222973 0.018817
v -0.424105 -3.995898 0.018817
v -0.435893 -3.967409 -0.273549
v -0.424105 -3.995898 -0.273549
v -0.435893 -4.024385 0.018817
v -0.504692 -3.995898 0.018817
v -0.435893 -3.967409 0.018817
v -0.492867 -3.967409 0.018817
v -0.464380 -3.955623 0.018817
v -0.492867 -3.967409 -0.273549
v -0.504692 -3.995898 -0.273549
v -0.492867 -4.024385 -0.273549
v -0.492867 -4.024385 0.018817
v -0.464380 -4.036209 -0.273549
v -0.435893 -4.024385 -0.273549
v -0.464380 -4.036209 0.018817
v -0.464380 -3.955622 -0.273549
v -0.106624 -1.849192 0.011214
v -0.122523 -1.887538 -0.091894
v -0.106624 -1.849192 -0.091894
v -0.122523 -1.887538 0.011214
v -0.207075 -1.643122 0.011214
v -0.172294 -1.936617 0.011214
v -0.068278 -1.833292 0.011214
v -0.039172 -1.669136 0.011214
v -0.068278 -1.833292 -0.091894
v -0.039172 -1.669136 -0.091894
v -0.029931 -1.849192 -0.091894
v 0.003213 -1.822450 -0.091894
v 0.045599 -1.887647 0.011214
v 0.003213 -1.822414 0.011214
v 0.045599 -1.887647 -0.091894
v -0.014068 -1.887538 -0.091894
v -0.029931 -1.849192 0.011214
v -0.014068 -1.887538 0.011214
v -0.029931 -1.925885 -0.091894
v -0.010284 -2.026009 -0.091894
v -0.039900 -1.929996 -0.091894
v -0.029931 -1.925885 0.011214
v -0.048631 -2.010109 -0.091894
v -0.076609 -2.021715 -0.091894
v -0.065258 -2.016986 0.011214
v -0.048631 -2.010109 0.011214
v -0.068278 -1.941747 -0.091894
v -0.106624 -1.925885 0.011214
v -0.068278 -1.941747 0.011214
v -0.051688 -1.934871 0.011214
v -0.106624 -1.925885 -0.091894
v -0.086978 -2.026009 -0.091894
v -0.102877 -2.064355 -0.091894
v -0.086978 -2.026009 0.011214
v -0.172294 -1.936617 -0.091894
v -0.207075 -1.643122 -0.091894
v -0.161416 -2.233386 -0.091894
v -0.113537 -1.909258 -0.091894
v -0.114118 -1.907803 0.011214
v 0.077141 -2.280101 -0.091894
v -0.048631 -2.118565 -0.091894
v -0.161416 -2.233386 0.011214
v -0.174477 -2.493192 -0.091894
v -0.086978 -2.102701 -0.091894
v -0.086978 -2.102701 0.011214
v -0.102877 -2.064355 0.011214
v -0.048631 -2.118565 0.011214
v -0.010284 -2.102701 -0.091894
v -0.010284 -2.102701 0.011214
v 0.077141 -2.280101 0.011214
v 0.073867 -2.602956 0.011214
v -0.174477 -2.493192 0.011214
v 0.005579 -2.064355 0.011214
v -0.010284 -2.026009 0.011214
v 0.005579 -2.064355 -0.091894
v -0.219045 -2.858468 0.011214
v -0.219045 -2.858468 -0.091894
v -0.300578 -3.208501 -0.091894
v 0.073867 -2.602956 -0.091894
v 0.032791 -2.971472 -0.091894
v 0.032791 -2.971472 0.011214
v -0.017525 -3.236333 0.011214
v -0.017525 -3.236333 -0.091894
v -0.081048 -3.449569 0.011214
v -0.081048 -3.449569 -0.091894
v -0.289227 -3.540524 -0.091894
v -0.234981 -3.594734 -0.091894
v -0.208785 -3.789924 -0.091894
v -0.208785 -3.789924 0.011214
v -0.250879 -3.556388 -0.091894
v -0.250879 -3.556388 0.011214
v -0.289227 -3.540524 0.011214
v -0.300578 -3.208501 0.011214
v -0.404922 -3.512873 0.011214
v -0.327573 -3.556388 0.011214
v -0.327573 -3.556388 -0.091894
v -0.339907 -3.586220 -0.091894
v -0.339907 -3.586220 0.011214
v -0.343435 -3.594734 -0.091894
v -0.343435 -3.594734 0.011214
v -0.327573 -3.633080 -0.091894
v -0.327573 -3.633080 0.011214
v -0.361263 -3.704243 0.011214
v -0.399609 -3.720107 0.011214
v -0.399609 -3.720107 -0.091894
v -0.415473 -3.758453 0.011214
v -0.415473 -3.758453 -0.091894
v -0.532112 -3.803131 0.011214
v -0.361263 -3.704243 -0.091894
v -0.338233 -3.713776 -0.091894
v -0.338233 -3.713776 0.011214
v -0.322916 -3.720107 0.011214
v -0.322916 -3.720107 -0.091894
v -0.311164 -3.639884 -0.091894
v -0.310945 -3.639993 0.011214
v -0.289227 -3.648980 -0.091894
v -0.250879 -3.633080 -0.091894
v -0.289227 -3.648980 0.011214
v -0.307017 -3.758453 -0.091894
v -0.307017 -3.758453 0.011214
v -0.322916 -3.796801 -0.091894
v -0.361263 -3.812699 0.011214
v -0.361263 -3.812699 -0.091894
v -0.322916 -3.796801 0.011214
v -0.316986 -4.016403 -0.091894
v -0.397500 -4.139047 -0.091894
v -0.316986 -4.016403 0.011214
v -0.397500 -4.139047 0.011214
v -0.399609 -3.796801 -0.091894
v -0.596291 -3.901254 -0.091894
v -0.596291 -3.901254 0.011214
v -0.624596 -3.929558 -0.091894
v -0.532112 -3.803131 -0.091894
v -0.650392 -4.019531 -0.091894
v -0.480341 -4.174810 -0.091894
v -0.662980 -3.969833 -0.091894
v -0.662980 -3.969833 0.011214
v -0.650392 -4.019531 0.011214
v -0.624596 -3.929558 0.011214
v -0.480341 -4.174810 0.011214
v -0.430645 -4.173282 0.011214
v -0.430645 -4.173282 -0.091894
v -0.656067 -3.941528 -0.091894
v -0.656067 -3.941528 0.011214
v -0.404922 -3.512873 -0.091894
v -0.399609 -3.796801 0.011214
v -0.250879 -3.633080 0.011214
v -0.234981 -3.594734 0.011214
v -0.227013 -1.399435 -0.091894
v -0.227013 -1.399435 0.011214
v -0.047868 -1.451752 -0.091894
v -0.020689 -1.346644 -0.091894
v -0.047868 -1.451752 0.011214
v -0.020689 -1.346644 0.011214
v 0.028499 -1.227820 0.011214
v 0.028499 -1.227820 -0.091894
v -0.242039 -1.346644 0.011214
v -0.020689 -1.108996 0.011214
v -0.139513 -1.059808 0.011214
v -0.258337 -1.108996 0.011214
v -0.307563 -1.227820 0.011214
v -0.242039 -1.346644 -0.091894
v -0.139513 -1.059808 -0.091894
v -0.307563 -1.227820 -0.091894
v -0.020689 -1.108996 -0.091894
v -0.258337 -1.108996 -0.091894
v -0.086978 -2.102701 -0.162838
v -0.086978 -2.102701 -0.265946
v -0.102877 -2.064355 -0.162838
v -0.048631 -2.118565 -0.265946
v -0.048631 -2.118565 -0.162838
v -0.161416 -2.233386 -0.162838
v -0.161416 -2.233386 -0.265946
v -0.172294 -1.936617 -0.162838
v 0.077141 -2.280101 -0.162838
v -0.174477 -2.493192 -0.162838
v -0.174477 -2.493192 -0.265946
v -0.219045 -2.858468 -0.265946
v 0.077141 -2.280101 -0.265946
v 0.073867 -2.602956 -0.265946
v 0.032791 -2.971472 -0.162838
v 0.073867 -2.602956 -0.162838
v 0.032791 -2.971472 -0.265946
v -0.017525 -3.236333 -0.162838
v -0.017525 -3.236333 -0.265946
v -0.300578 -3.208501 -0.265946
v -0.219045 -2.858468 -0.162838
v -0.404922 -3.512873 -0.265946
v -0.300578 -3.208501 -0.162838
v -0.081048 -3.449569 -0.265946
v -0.289227 -3.540524 -0.265946
v -0.327573 -3.556388 -0.162838
v -0.250879 -3.556388 -0.265946
v -0.327573 -3.556388 -0.265946
v -0.289227 -3.540524 -0.162838
v -0.404922 -3.512873 -0.162838
v -0.250879 -3.556388 -0.162838
v -0.081048 -3.449569 -0.162838
v -0.208785 -3.789924 -0.162838
v -0.234981 -3.594734 -0.162838
v -0.250879 -3.633080 -0.162838
v -0.234981 -3.594734 -0.265946
v -0.250879 -3.633080 -0.265946
v -0.208785 -3.789924 -0.265946
v -0.316986 -4.016403 -0.265946
v -0.316986 -4.016403 -0.162838
v -0.307017 -3.758453 -0.265946
v -0.322916 -3.796801 -0.265946
v -0.361263 -3.812699 -0.162838
v -0.322916 -3.796801 -0.162838
v -0.361263 -3.812699 -0.265946
v -0.307017 -3.758453 -0.162838
v -0.289227 -3.648980 -0.162838
v -0.322916 -3.720107 -0.162838
v -0.322916 -3.720107 -0.265946
v -0.338233 -3.713776 -0.265946
v -0.289227 -3.648980 -0.265946
v -0.311164 -3.639884 -0.265946
v -0.327573 -3.633080 -0.162838
v -0.310945 -3.639993 -0.162838
v -0.327573 -3.633080 -0.265946
v -0.343435 -3.594734 -0.265946
v -0.361263 -3.704243 -0.265946
v -0.399609 -3.720107 -0.162838
v -0.361263 -3.704243 -0.162838
v -0.399609 -3.720107 -0.265946
v -0.532112 -3.803131 -0.265946
v -0.415473 -3.758453 -0.162838
v -0.415473 -3.758453 -0.265946
v -0.399609 -3.796801 -0.265946
v -0.399609 -3.796801 -0.162838
v -0.596291 -3.901254 -0.265946
v -0.596291 -3.901254 -0.162838
v -0.624596 -3.929558 -0.265946
v -0.532112 -3.803131 -0.162838
v -0.397500 -4.139047 -0.265946
v -0.650392 -4.019531 -0.265946
v -0.480341 -4.174810 -0.265946
v -0.662980 -3.969833 -0.265946
v -0.650392 -4.019531 -0.162838
v -0.662980 -3.969833 -0.162838
v -0.624596 -3.929558 -0.162838
v -0.656067 -3.941528 -0.162838
v -0.656067 -3.941528 -0.265946
v -0.397500 -4.139047 -0.162838
v -0.480341 -4.174810 -0.162838
v -0.430645 -4.173282 -0.162838
v -0.430645 -4.173282 -0.265946
v -0.338233 -3.713776 -0.162838
v -0.343435 -3.594734 -0.162838
v -0.339907 -3.586220 -0.162838
v -0.339907 -3.586220 -0.265946
v 0.045599 -1.887647 -0.265946
v 0.005579 -2.064355 -0.265946
v -0.010284 -2.102701 -0.265946
v -0.010284 -2.102701 -0.162838
v 0.005579 -2.064355 -0.162838
v 0.045599 -1.887647 -0.162838
v -0.010284 -2.026009 -0.162838
v -0.048631 -2.010109 -0.162838
v -0.029931 -1.925885 -0.162838
v -0.010284 -2.026009 -0.265946
v -0.048631 -2.010109 -0.265946
v -0.029931 -1.925885 -0.265946
v -0.014068 -1.887538 -0.265946
v -0.039900 -1.929996 -0.265946
v -0.014068 -1.887538 -0.162838
v 0.003213 -1.822450 -0.162838
v -0.029931 -1.849192 -0.162838
v -0.068278 -1.833292 -0.162838
v -0.029931 -1.849192 -0.265946
v 0.003213 -1.822414 -0.265946
v -0.068278 -1.833292 -0.265946
v -0.106624 -1.849192 -0.162838
v -0.106624 -1.849192 -0.265946
v -0.039172 -1.669136 -0.265946
v -0.039172 -1.669136 -0.162838
v -0.047868 -1.451752 -0.265946
v -0.207075 -1.643122 -0.265946
v -0.172294 -1.936617 -0.265946
v -0.227013 -1.399435 -0.265946
v -0.227013 -1.399435 -0.162838
v -0.207075 -1.643122 -0.162838
v -0.047868 -1.451752 -0.162838
v -0.020689 -1.346644 -0.162838
v -0.020689 -1.346644 -0.265946
v -0.242039 -1.346644 -0.265946
v 0.028499 -1.227820 -0.265946
v 0.028499 -1.227820 -0.162838
v -0.020689 -1.108996 -0.162838
v -0.020689 -1.108996 -0.265946
v -0.139513 -1.059808 -0.265946
v -0.258337 -1.108996 -0.265946
v -0.139513 -1.059808 -0.162838
v -0.242039 -1.346644 -0.162838
v -0.258337 -1.108996 -0.162838
v -0.307563 -1.227820 -0.162838
v -0.307563 -1.227820 -0.265946
v -0.102877 -2.064355 -0.265946
v -0.106624 -1.925885 -0.265946
v -0.113537 -1.909258 -0.265946
v -0.086978 -2.026009 -0.265946
v -0.122523 -1.887538 -0.265946
v -0.114118 -1.907803 -0.162838
v -0.122523 -1.887538 -0.162838
v -0.106624 -1.925885 -0.162838
v -0.068278 -1.941747 -0.162838
v -0.068278 -1.941747 -0.265946
v -0.086978 -2.026009 -0.162838
v -0.065258 -2.016986 -0.162838
v -0.076609 -2.021715 -0.265946
v -0.051688 -1.934871 -0.162838
v 0.179267 -1.367919 0.018817
v 0.191091 -1.396443 0.018817
v 0.150780 -1.436717 0.018817
v 0.179267 -1.367919 -0.273549
v 0.150780 -1.356131 -0.273549
v 0.110504 -1.396443 0.018817
v 0.150780 -1.356131 0.018817
v 0.122292 -1.367919 0.018817
v 0.122292 -1.367919 -0.273549
v 0.110504 -1.396443 -0.273549
v 0.150780 -1.436717 -0.273549
v 0.122292 -1.424929 -0.273549
v 0.122292 -1.424929 0.018817
v 0.179267 -1.424929 -0.273549
v 0.191091 -1.396443 -0.273549
v 0.179267 -1.424929 0.018817
v -0.132357 -4.169368 0.018817
v -0.144145 -4.140881 0.018817
v -0.144145 -4.140881 -0.273549
v -0.132357 -4.169368 -0.273549
v -0.144145 -4.197855 0.018817
v -0.212943 -4.169368 0.018817
v -0.172669 -4.209642 0.018817
v -0.144145 -4.197855 -0.273550
v -0.172669 -4.209642 -0.273550
v -0.212943 -4.169368 -0.273549
v -0.201156 -4.140881 0.018817
v -0.201156 -4.197855 -0.273550
v -0.172669 -4.129055 -0.273549
v -0.201156 -4.140881 -0.273549
v -0.172669 -4.129056 0.018817
v -0.201156 -4.197855 0.018817
v 0.305730 -2.345941 -0.154033
v 0.327378 -2.408481 -0.154033
v 0.179485 -2.408481 -0.154033
v 0.305730 -2.345941 -0.280351
v 0.253450 -2.320037 -0.280351
v 0.201132 -2.345941 -0.154033
v 0.253450 -2.320037 -0.154033
v 0.201132 -2.345941 -0.280351
v 0.179485 -2.408481 -0.280351
v 0.167733 -2.804173 -0.280351
v 0.319301 -2.721550 -0.280351
v 0.327378 -2.408481 -0.280351
v 0.319301 -2.721550 -0.154033
v 0.300929 -3.015081 -0.154033
v 0.167733 -2.804174 -0.154033
v 0.148233 -2.959635 -0.154033
v 0.078343 -3.298789 -0.154033
v 0.078343 -3.298789 -0.280351
v 0.148233 -2.959635 -0.280351
v 0.300929 -3.015081 -0.280351
v 0.231038 -3.399894 -0.280351
v 0.231038 -3.399894 -0.154033
v -0.022399 -3.616222 -0.154033
v 0.164823 -3.624919 -0.154033
v 0.107558 -3.692336 -0.154033
v 0.164823 -3.624919 -0.280351
v 0.107558 -3.692336 -0.280351
v -0.022399 -3.616222 -0.280351
v -0.016032 -3.662974 -0.280351
v 0.039378 -3.699939 -0.280351
v -0.016032 -3.662974 -0.154033
v 0.039378 -3.699939 -0.154033
v 0.305730 -2.345941 -0.100699
v 0.179485 -2.408481 -0.100699
v 0.327378 -2.408481 -0.100699
v 0.327378 -2.408481 0.025621
v 0.253450 -2.320037 -0.100699
v 0.305730 -2.345941 0.025621
v 0.201132 -2.345941 -0.100699
v 0.253450 -2.320037 0.025621
v 0.201132 -2.345941 0.025621
v 0.179485 -2.408481 0.025621
v 0.319301 -2.721550 0.025621
v 0.167733 -2.804174 0.025621
v 0.167733 -2.804173 -0.100699
v 0.319301 -2.721550 -0.100699
v 0.300929 -3.015081 -0.100699
v 0.148233 -2.959635 -0.100699
v 0.148233 -2.959635 0.025621
v 0.300929 -3.015081 0.025621
v 0.078343 -3.298789 0.025621
v 0.078343 -3.298789 -0.100699
v -0.022399 -3.616222 -0.100699
v 0.231038 -3.399894 -0.100699
v 0.164823 -3.624919 -0.100699
v 0.231038 -3.399894 0.025621
v 0.164823 -3.624919 0.025621
v 0.107558 -3.692336 0.025621
v -0.022399 -3.616222 0.025621
v -0.016032 -3.662974 -0.100699
v 0.039378 -3.699939 0.025621
v -0.016032 -3.662974 0.025621
v 0.039378 -3.699939 -0.100699
v 0.107558 -3.692336 -0.100699
v 0.213430 -1.984376 -0.280352
v 0.186107 -1.987431 -0.280352
v 0.229183 -1.966475 -0.280352
v 0.229183 -1.966475 -0.154033
v 0.213430 -1.984376 -0.154033
v 0.186107 -1.987431 -0.154033
v 0.155473 -1.969530 -0.280352
v 0.155473 -1.969530 -0.154033
v 0.232530 -1.949484 -0.154033
v 0.232530 -1.949484 -0.280352
v 0.202624 -1.820292 -0.280352
v 0.142739 -1.934022 -0.154033
v 0.202624 -1.820292 -0.154033
v 0.191236 -1.668396 -0.280352
v 0.191236 -1.668396 -0.154033
v 0.106029 -1.770194 -0.154033
v 0.106029 -1.770194 -0.280352
v 0.097734 -1.626922 -0.280352
v 0.097734 -1.626922 -0.154033
v 0.102536 -1.529924 -0.280352
v 0.102536 -1.529924 -0.154033
v 0.200404 -1.549135 -0.154033
v 0.200404 -1.549135 -0.280352
v 0.207390 -1.510280 -0.154033
v 0.116071 -1.503258 -0.154033
v 0.151470 -1.485795 -0.154033
v 0.151470 -1.485795 -0.280352
v 0.191673 -1.488413 -0.280352
v 0.191673 -1.488413 -0.154033
v 0.207390 -1.510280 -0.280352
v 0.116071 -1.503258 -0.280352
v 0.142739 -1.934021 -0.280352
v 0.202624 -1.820292 -0.100699
v 0.202624 -1.820292 0.025621
v 0.191236 -1.668396 -0.100699
v 0.232530 -1.949484 0.025621
v 0.106029 -1.770194 -0.100699
v 0.232530 -1.949484 -0.100699
v 0.142739 -1.934021 -0.100699
v 0.142739 -1.934021 0.025621
v 0.155473 -1.969530 0.025621
v 0.155473 -1.969530 -0.100699
v 0.186107 -1.987431 0.025621
v 0.186107 -1.987431 -0.100699
v 0.213430 -1.984376 0.025621
v 0.213430 -1.984376 -0.100699
v 0.229183 -1.966475 -0.100699
v 0.229183 -1.966475 0.025621
v 0.106029 -1.770194 0.025621
v 0.097734 -1.626922 -0.100699
v 0.097734 -1.626922 0.025621
v 0.191236 -1.668396 0.025621
v 0.200404 -1.549135 0.025621
v 0.102536 -1.529924 0.025621
v 0.116071 -1.503258 0.025621
v 0.151470 -1.485795 0.025621
v 0.200404 -1.549135 -0.100699
v 0.207390 -1.510280 0.025621
v 0.191673 -1.488413 0.025621
v 0.207390 -1.510280 -0.100699
v 0.151470 -1.485795 -0.100699
v 0.191673 -1.488413 -0.100699
v 0.116071 -1.503258 -0.100699
v 0.102536 -1.529924 -0.100699
v -0.035824 -3.729857 -0.091894
v -0.048195 -3.759690 -0.091894
v -0.035824 -3.729857 0.011214
v -0.048195 -3.759690 0.011214
v 0.002522 -3.713959 -0.091894
v -0.113209 -3.686344 -0.091894
v -0.008865 -3.381971 -0.091894
v -0.008865 -3.381971 0.011214
v -0.113209 -3.686344 0.011214
v -0.240402 -3.976601 -0.091894
v -0.051724 -3.768204 -0.091894
v -0.107862 -3.893576 -0.091894
v -0.107862 -3.893576 0.011214
v -0.069514 -3.877678 -0.091894
v -0.123760 -3.931924 -0.091894
v -0.123760 -3.931924 0.011214
v -0.107862 -3.970270 -0.091894
v -0.107862 -3.970270 0.011214
v -0.069514 -3.986169 -0.091894
v -0.025237 -4.189836 -0.091894
v -0.304542 -4.074723 -0.091894
v -0.304542 -4.074723 0.011214
v -0.332884 -4.103028 -0.091894
v -0.240402 -3.976601 0.011214
v -0.105750 -4.312516 -0.091894
v -0.358679 -4.193002 -0.091894
v -0.371231 -4.143304 0.011214
v -0.358679 -4.193002 0.011214
v -0.371231 -4.143304 -0.091894
v -0.188592 -4.348281 -0.091894
v -0.188592 -4.348281 0.011213
v -0.138896 -4.346752 -0.091894
v -0.138896 -4.346752 0.011213
v -0.105750 -4.312516 0.011213
v -0.025237 -4.189836 0.011214
v -0.069514 -3.986169 0.011214
v 0.082963 -3.963357 -0.091894
v 0.082963 -3.963357 0.011214
v -0.031168 -3.970270 0.011214
v -0.031168 -3.970270 -0.091894
v -0.015306 -3.931924 0.011214
v 0.002522 -3.822449 0.011214
v -0.031168 -3.893576 0.011214
v 0.040870 -3.806551 0.011214
v -0.015306 -3.931924 -0.091894
v 0.002522 -3.822449 -0.091894
v 0.040870 -3.806551 -0.091894
v -0.031168 -3.893576 -0.091894
v -0.046521 -3.887209 -0.091894
v -0.019416 -3.813354 -0.091894
v -0.035824 -3.806551 -0.091894
v -0.035824 -3.806551 0.011214
v -0.019198 -3.813427 0.011214
v -0.046521 -3.887209 0.011214
v -0.069514 -3.877678 0.011214
v -0.051724 -3.768204 0.011214
v 0.056732 -3.768204 -0.091894
v 0.056732 -3.768204 0.011214
v 0.040870 -3.729857 0.011214
v 0.210665 -3.623039 0.011214
v 0.274188 -3.409767 0.011214
v 0.274188 -3.409767 -0.091894
v 0.210665 -3.623039 -0.091894
v 0.002522 -3.713959 0.011214
v 0.040870 -3.729857 -0.091894
v 0.324540 -3.144941 -0.091894
v 0.365615 -2.776390 -0.091894
v 0.324540 -3.144941 0.011214
v 0.072668 -3.031902 -0.091894
v 0.072668 -3.031902 0.011214
v 0.117235 -2.666661 -0.091894
v 0.117235 -2.666661 0.011214
v 0.368854 -2.453535 0.011214
v 0.130296 -2.406857 0.011214
v 0.365615 -2.776390 0.011214
v 0.368854 -2.453535 -0.091894
v 0.337347 -2.061117 -0.091894
v 0.281428 -2.276171 -0.091894
v 0.297327 -2.237788 -0.091894
v 0.130296 -2.406857 -0.091894
v 0.243080 -2.292035 -0.091894
v 0.243080 -2.292035 0.011214
v 0.204734 -2.276171 0.011214
v 0.204734 -2.276171 -0.091894
v 0.188834 -2.237788 0.011214
v 0.188834 -2.237788 -0.091894
v 0.204734 -2.199442 -0.091894
v 0.204734 -2.199442 0.011214
v 0.119418 -2.110087 -0.091894
v 0.084637 -1.816557 0.011214
v 0.119418 -2.110087 0.011214
v 0.084637 -1.816557 -0.091894
v 0.185087 -2.099356 -0.091894
v 0.178211 -2.082728 -0.091894
v 0.169189 -2.060972 -0.091894
v 0.185087 -2.022625 -0.091894
v 0.223435 -2.006763 -0.091894
v 0.252541 -1.842607 -0.091894
v 0.185087 -2.022625 0.011214
v 0.252541 -1.842607 0.011214
v 0.169189 -2.060972 0.011214
v 0.223435 -2.006763 0.011214
v 0.261781 -2.022625 0.011214
v 0.294926 -1.995885 0.011214
v 0.261781 -2.022625 -0.091894
v 0.277681 -2.060972 -0.091894
v 0.294926 -1.995885 -0.091894
v 0.337347 -2.061117 0.011214
v 0.281428 -2.199442 0.011214
v 0.277681 -2.060972 0.011214
v 0.261781 -2.099356 0.011214
v 0.297327 -2.237788 0.011214
v 0.281428 -2.276171 0.011214
v 0.261781 -2.099356 -0.091894
v 0.240061 -2.108341 0.011214
v 0.251849 -2.103466 -0.091894
v 0.243080 -2.183579 0.011214
v 0.243080 -2.183579 -0.091894
v 0.226454 -2.190456 0.011214
v 0.223435 -2.115217 0.011214
v 0.281428 -2.199442 -0.091894
v 0.185087 -2.099356 0.011214
v 0.223435 -2.115217 -0.091894
v 0.215102 -2.195149 -0.091894
v 0.177593 -2.081237 0.011214
v 0.243844 -1.625187 0.011214
v 0.243844 -1.625187 -0.091894
v 0.271022 -1.520115 -0.091894
v 0.064699 -1.572869 -0.091894
v 0.049673 -1.520115 0.011214
v 0.049673 -1.520115 -0.091894
v 0.064699 -1.572869 0.011214
v 0.271022 -1.520115 0.011214
v 0.320248 -1.401291 0.011214
v 0.320248 -1.401291 -0.091894
v 0.271022 -1.282467 -0.091894
v 0.152198 -1.233241 -0.091894
v 0.271022 -1.282467 0.011214
v 0.152198 -1.233241 0.011214
v 0.033374 -1.282467 -0.091894
v 0.033374 -1.282467 0.011214
v -0.015851 -1.401291 0.011214
v -0.015851 -1.401291 -0.091894
v -0.364320 -4.114997 -0.091894
v -0.364320 -4.114997 0.011214
v -0.332884 -4.103028 0.011214
v 0.188834 -2.237788 -0.162838
v 0.188834 -2.237788 -0.265946
v 0.204734 -2.276171 -0.162838
v 0.204734 -2.276171 -0.265946
v 0.204734 -2.199442 -0.162838
v 0.119418 -2.110087 -0.162838
v 0.130296 -2.406857 -0.162838
v 0.130296 -2.406857 -0.265946
v 0.117235 -2.666661 -0.265946
v 0.243080 -2.292035 -0.162838
v 0.368854 -2.453535 -0.162838
v 0.117235 -2.666661 -0.162838
v 0.365615 -2.776390 -0.162838
v 0.072668 -3.031902 -0.162838
v 0.072668 -3.031902 -0.265946
v 0.365615 -2.776390 -0.265946
v 0.324540 -3.144941 -0.265946
v -0.008865 -3.381971 -0.265946
v -0.113209 -3.686344 -0.265946
v 0.002522 -3.713959 -0.265946
v -0.008865 -3.381971 -0.162838
v 0.274188 -3.409767 -0.265946
v 0.210665 -3.623039 -0.265946
v 0.082963 -3.963357 -0.265946
v 0.210665 -3.623039 -0.162838
v 0.082963 -3.963357 -0.162838
v 0.040870 -3.729857 -0.265946
v 0.056732 -3.768204 -0.265946
v 0.040870 -3.729857 -0.162838
v 0.056732 -3.768204 -0.162838
v 0.040870 -3.806551 -0.162838
v 0.040870 -3.806551 -0.265946
v 0.002522 -3.822449 -0.265946
v 0.002522 -3.822449 -0.162838
v -0.015306 -3.931924 -0.265946
v -0.015306 -3.931924 -0.162838
v -0.031168 -3.893576 -0.162838
v -0.031168 -3.970270 -0.162838
v -0.031168 -3.970270 -0.265946
v -0.031168 -3.893576 -0.265946
v -0.046521 -3.887209 -0.265946
v -0.019416 -3.813354 -0.265946
v -0.035824 -3.806551 -0.162838
v -0.019198 -3.813427 -0.162838
v -0.035824 -3.806551 -0.265946
v -0.051724 -3.768204 -0.265946
v -0.069514 -3.877678 -0.265946
v -0.069514 -3.877678 -0.162838
v -0.107862 -3.893576 -0.162838
v -0.107862 -3.893576 -0.265946
v -0.123760 -3.931924 -0.265946
v -0.240402 -3.976601 -0.265946
v -0.240402 -3.976601 -0.162838
v -0.113209 -3.686344 -0.162838
v -0.304542 -4.074723 -0.265946
v -0.107862 -3.970270 -0.265946
v -0.107862 -3.970270 -0.162838
v -0.069514 -3.986169 -0.265946
v -0.025237 -4.189836 -0.265946
v -0.105750 -4.312516 -0.265946
v -0.025237 -4.189836 -0.162838
v -0.105750 -4.312516 -0.162839
v -0.304542 -4.074723 -0.162838
v -0.138896 -4.346752 -0.162839
v -0.358679 -4.193002 -0.162838
v -0.188592 -4.348281 -0.162839
v -0.188592 -4.348281 -0.265946
v -0.138896 -4.346752 -0.265946
v -0.358679 -4.193002 -0.265946
v -0.371231 -4.143304 -0.162838
v -0.371231 -4.143304 -0.265946
v -0.332884 -4.103028 -0.265946
v -0.364320 -4.114997 -0.265946
v -0.332884 -4.103028 -0.162838
v -0.364320 -4.114997 -0.162838
v -0.069514 -3.986169 -0.162838
v -0.123760 -3.931924 -0.162838
v 0.002522 -3.713959 -0.162838
v -0.048195 -3.759690 -0.162838
v -0.035824 -3.729857 -0.162838
v -0.051724 -3.768204 -0.162838
v -0.035824 -3.729857 -0.265946
v -0.048195 -3.759690 -0.265946
v -0.046521 -3.887209 -0.162838
v 0.274188 -3.409767 -0.162838
v 0.324540 -3.144941 -0.162838
v 0.368854 -2.453535 -0.265946
v 0.337347 -2.061117 -0.265946
v 0.337347 -2.061117 -0.162838
v 0.297327 -2.237788 -0.265946
v 0.243080 -2.292035 -0.265946
v 0.281428 -2.276171 -0.265946
v 0.281428 -2.276171 -0.162838
v 0.297327 -2.237788 -0.162838
v 0.281428 -2.199442 -0.162838
v 0.243080 -2.183579 -0.162838
v 0.261781 -2.099356 -0.162838
v 0.281428 -2.199442 -0.265946
v 0.243080 -2.183579 -0.265946
v 0.261781 -2.099356 -0.265946
v 0.251849 -2.103466 -0.265946
v 0.277681 -2.060972 -0.265946
v 0.277681 -2.060972 -0.162838
v 0.261781 -2.022625 -0.162838
v 0.294926 -1.995885 -0.162838
v 0.223435 -2.006763 -0.162838
v 0.252541 -1.842607 -0.265946
v 0.294926 -1.995885 -0.265946
v 0.252541 -1.842607 -0.162838
v 0.243844 -1.625187 -0.265946
v 0.243844 -1.625187 -0.162838
v 0.084637 -1.816557 -0.162838
v 0.185087 -2.022625 -0.162838
v 0.185087 -2.022625 -0.265946
v 0.169189 -2.060972 -0.265946
v 0.169189 -2.060972 -0.162838
v 0.223435 -2.006763 -0.265946
v 0.261781 -2.022625 -0.265946
v 0.177593 -2.081237 -0.162838
v 0.185087 -2.099356 -0.162838
v 0.178211 -2.082728 -0.265946
v 0.185087 -2.099356 -0.265946
v 0.119418 -2.110087 -0.265946
v 0.084637 -1.816557 -0.265946
v 0.204734 -2.199442 -0.265946
v 0.215102 -2.195149 -0.265946
v 0.223435 -2.115217 -0.265946
v 0.223435 -2.115217 -0.162838
v 0.240061 -2.108341 -0.162838
v 0.226454 -2.190456 -0.162838
v 0.064699 -1.572869 -0.162838
v 0.064699 -1.572869 -0.265946
v 0.049673 -1.520115 -0.265946
v 0.049673 -1.520115 -0.162838
v 0.271022 -1.520115 -0.265946
v 0.320248 -1.401291 -0.265946
v 0.271022 -1.520115 -0.162838
v 0.320248 -1.401291 -0.162838
v 0.271022 -1.282467 -0.162838
v 0.271022 -1.282467 -0.265946
v 0.152198 -1.233241 -0.265946
v 0.152198 -1.233241 -0.162838
v 0.033374 -1.282467 -0.265946
v -0.015851 -1.401291 -0.265946
v 0.033374 -1.282467 -0.162838
v -0.015851 -1.401291 -0.162838
vn 0.0315 -0.0079 -0.9995
vn 0.0315 -0.0236 -0.9992
vn 0.0314 -0.0000 -0.9995
vn 0.0236 -0.0000 -0.9997
vn 0.0315 -0.0000 -0.9995
vn 0.0237 -0.0000 -0.9997
vn 0.0236 0.0001 -0.9997
vn 0.0079 -0.0000 -1.0000
vn -0.0079 0.0079 -0.9999
vn -0.0236 0.0157 -0.9996
vn -0.0236 0.0158 -0.9996
vn -0.0237 0.0159 -0.9996
vn -0.0237 0.0158 -0.9996
vn -0.0237 0.0160 -0.9996
vn 0.8944 0.4473 -0.0000
vn 0.8497 0.5273 -0.0000
vn 0.8498 0.5272 -0.0000
vn 0.8944 0.4472 -0.0000
vn 0.9633 0.2686 -0.0000
vn 0.8945 0.4471 -0.0000
vn 0.9975 0.0708 -0.0000
vn 0.9633 0.2683 -0.0000
vn 0.9975 0.0707 -0.0000
vn 0.9995 -0.0314 -0.0000
vn 0.9975 0.0705 -0.0000
vn 0.9930 -0.1182 -0.0000
vn 0.9930 -0.1181 -0.0000
vn 0.9697 -0.2444 -0.0000
vn 0.9930 -0.1183 -0.0000
vn 0.9495 -0.3137 -0.0000
vn 0.9541 -0.2995 -0.0000
vn 0.9875 0.1578 -0.0000
vn 0.9539 -0.3000 -0.0000
vn 0.8533 -0.5215 -0.0000
vn 0.9875 0.1579 -0.0000
vn 0.9874 0.1581 -0.0000
vn 0.9834 0.1812 -0.0000
vn 0.9834 0.1812 0.0001
vn 0.9835 0.1806 -0.0000
vn 0.9900 -0.1413 -0.0000
vn 0.9633 -0.2683 -0.0000
vn 0.9899 -0.1419 -0.0000
vn 0.9633 -0.2684 -0.0000
vn 0.9806 0.1960 -0.0000
vn 0.9910 0.1337 -0.0000
vn 0.9997 0.0236 -0.0000
vn 0.9985 -0.0550 -0.0000
vn 0.9910 -0.1337 -0.0000
vn 0.9771 -0.2127 -0.0000
vn 0.9715 -0.2369 -0.0000
vn 0.9771 -0.2128 -0.0000
vn 0.9716 -0.2367 -0.0000
vn 0.9849 0.1733 -0.0000
vn 0.9992 0.0393 -0.0000
vn 0.9992 0.0392 -0.0000
vn 0.9787 0.2052 -0.0000
vn 0.9876 -0.1573 -0.0000
vn 0.9875 -0.1579 -0.0000
vn 0.9630 -0.2693 -0.0000
vn 0.9633 -0.2685 -0.0000
vn 0.8439 -0.5365 -0.0000
vn -0.4661 0.8847 -0.0000
vn 0.6540 0.7565 -0.0000
vn 0.1337 0.9910 -0.0000
vn 0.1335 0.9910 -0.0000
vn -0.0000 1.0000 -0.0000
vn -0.1259 -0.0158 0.9919
vn -0.1260 -0.0079 0.9920
vn -0.1491 -0.0157 0.9887
vn -0.1657 -0.0158 0.9860
vn -0.1260 -0.0157 0.9919
vn -0.1657 -0.0158 0.9861
vn -0.1580 -0.0079 0.9874
vn -0.1260 -0.0000 0.9920
vn -0.1182 0.0079 0.9930
vn -0.1182 0.0236 0.9927
vn -0.1182 0.0315 0.9925
vn -0.1182 0.0237 0.9927
vn -0.1258 0.0550 0.9905
vn -0.1181 0.0315 0.9925
vn -0.1339 0.1103 0.9848
vn -0.1422 0.1422 0.9796
vn -0.1340 0.1103 0.9848
vn -0.1177 0.1567 0.9806
vn -0.1105 0.1257 0.9859
vn -0.1105 0.1261 0.9858
vn -0.1106 0.1183 0.9868
vn -0.0473 0.2757 0.9601
vn -0.1104 0.1263 0.9858
vn -0.1106 0.1184 0.9868
vn -0.1102 0.1260 0.9859
vn -0.0470 0.2754 0.9602
vn -0.0471 0.2753 0.9602
vn -0.0393 0.0079 0.9992
vn -0.0393 0.0081 0.9992
vn -0.0394 0.0079 0.9992
vn -0.0394 0.0078 0.9992
vn -0.0395 0.0078 0.9992
vn -0.0391 0.0079 0.9992
vn -0.0392 0.0077 0.9992
vn -0.0392 0.0078 0.9992
vn 0.0315 -0.0236 0.9992
vn 0.0315 -0.0079 0.9995
vn 0.0315 -0.0000 0.9995
vn 0.0236 -0.0000 0.9997
vn 0.0314 -0.0000 0.9995
vn 0.0237 -0.0000 0.9997
vn 0.0236 0.0001 0.9997
vn 0.0079 -0.0000 1.0000
vn -0.0078 0.0079 0.9999
vn -0.0236 0.0157 0.9996
vn -0.0079 0.0079 0.9999
vn -0.0236 0.0158 0.9996
vn -0.0237 0.0159 0.9996
vn -0.0237 0.0158 0.9996
vn -0.8185 -0.5745 -0.0000
vn -0.8187 -0.5742 -0.0000
vn -0.9787 -0.2055 -0.0000
vn -0.9787 -0.2053 -0.0000
vn -0.9787 -0.2052 -0.0000
vn -0.9862 0.1655 -0.0000
vn -0.9848 0.1734 -0.0000
vn -0.9985 0.0552 -0.0000
vn -0.9920 0.1259 -0.0000
vn -0.9985 0.0549 -0.0000
vn -0.9955 0.0950 -0.0000
vn -0.9920 0.1262 -0.0000
vn -0.9955 0.0950 -0.0001
vn -0.9633 -0.2683 -0.0000
vn -0.9955 0.0943 -0.0000
vn -0.9955 0.0943 0.0001
vn -0.9633 -0.2683 -0.0001
vn -0.9125 -0.4091 -0.0000
vn -0.9632 -0.2687 -0.0000
vn -0.9980 -0.0630 -0.0000
vn -0.9980 -0.0629 -0.0000
vn -0.9464 0.3231 -0.0000
vn -0.9465 0.3226 -0.0000
vn 0.3371 -0.9415 -0.0000
vn -0.1181 -0.9930 -0.0000
vn 0.3377 -0.9412 -0.0000
vn 0.5602 -0.8284 -0.0000
vn -0.1184 -0.9930 -0.0000
vn -0.3304 -0.9438 -0.0000
vn -0.2994 -0.9541 -0.0000
vn -0.2999 -0.9540 -0.0000
vn -0.3397 -0.9405 -0.0000
vn -0.3396 -0.9406 -0.0000
vn -0.3395 -0.9406 -0.0000
vn -0.0233 -0.9997 -0.0000
vn 0.2203 -0.9754 -0.0000
vn -0.4660 -0.8848 -0.0000
vn -0.0239 -0.9997 -0.0000
vn -0.0238 -0.9997 -0.0000
vn -0.4659 -0.8848 -0.0000
vn -0.6456 -0.7637 -0.0000
vn -0.4662 -0.8847 -0.0000
vn -0.1491 -0.0157 -0.9887
vn -0.1260 -0.0079 -0.9920
vn -0.1259 -0.0157 -0.9919
vn -0.1260 -0.0157 -0.9919
vn -0.1657 -0.0158 -0.9860
vn -0.1260 -0.0000 -0.9920
vn -0.1182 0.0236 -0.9927
vn -0.1182 0.0079 -0.9930
vn -0.1182 0.0237 -0.9927
vn -0.1182 0.0315 -0.9925
vn -0.1258 0.0550 -0.9905
vn -0.1181 0.0315 -0.9925
vn -0.1339 0.1103 -0.9848
vn -0.1176 0.1568 -0.9806
vn -0.1422 0.1422 -0.9796
vn -0.1340 0.1103 -0.9848
vn -0.1580 -0.0079 -0.9874
vn -0.1656 -0.0158 -0.9861
vn -0.1657 -0.0158 -0.9861
vn -0.1105 0.1261 -0.9858
vn -0.1106 0.1183 -0.9868
vn -0.1106 0.1184 -0.9868
vn -0.1106 0.1263 -0.9858
vn -0.0473 0.2757 -0.9601
vn -0.0472 0.2754 -0.9602
vn -0.1101 0.1262 -0.9859
vn -0.0471 0.2754 -0.9602
vn -0.0393 0.0079 -0.9992
vn -0.0393 0.0081 -0.9992
vn -0.0392 0.0079 -0.9992
vn -0.0392 0.0078 -0.9992
vn -0.0390 0.0078 -0.9992
vn -0.0394 0.0079 -0.9992
vn -0.0394 0.0078 -0.9992
vn -0.0395 0.0078 -0.9992
vn -0.0393 0.0078 -0.9992
vn 0.9888 0.1491 -0.0000
vn 1.0000 0.0001 -0.0000
vn 1.0000 -0.0000 -0.0000
vn 0.9920 -0.1260 -0.0000
vn -0.0000 -0.0000 -1.0000
vn 0.9920 -0.1259 -0.0000
vn -0.9900 -0.1414 -0.0000
vn -1.0000 -0.0079 -0.0000
vn -0.9660 0.2586 -0.0000
vn -0.0000 -0.0000 1.0000
vn -0.9657 0.2597 -0.0000
vn -0.7034 0.7108 -0.0000
vn -0.9657 0.2597 -0.0001
vn -0.7028 0.7114 -0.0000
vn -0.1968 0.9805 -0.0000
vn -0.7028 0.7114 -0.0002
vn -0.1957 0.9807 -0.0000
vn 0.4816 0.8764 0.0002
vn 0.4817 0.8763 -0.0000
vn 0.9754 0.2204 -0.0000
vn 0.9755 0.2199 -0.0000
vn 0.9754 0.2205 -0.0000
vn 0.4816 0.8764 -0.0000
vn 0.9755 0.2200 -0.0000
vn -0.1957 0.9807 -0.0001
vn -0.9899 -0.1415 -0.0000
vn -0.9612 -0.2758 -0.0000
vn -0.7710 -0.6368 -0.0000
vn 0.9999 0.0164 -0.0000
vn 0.8977 -0.4406 -0.0000
vn 0.9999 0.0151 -0.0000
vn 0.9999 0.0152 -0.0000
vn 0.8978 -0.4404 -0.0000
vn 0.8973 -0.4413 -0.0000
vn 0.4631 -0.8863 -0.0000
vn 0.4625 -0.8866 -0.0000
vn -0.2048 -0.9788 -0.0000
vn 0.4625 -0.8866 -0.0002
vn -0.2055 -0.9787 -0.0000
vn -0.7706 -0.6373 -0.0000
vn -0.7711 -0.6367 -0.0000
vn -0.2056 -0.9786 -0.0000
vn 0.9999 0.0164 0.0001
vn -0.7705 -0.6375 -0.0000
vn 0.8973 -0.4414 -0.0000
vn 0.8978 -0.4403 -0.0000
vn -0.7028 0.7114 -0.0001
vn -0.1968 0.9805 0.0001
vn 0.9887 0.1496 -0.0000
vn 0.7493 0.6622 -0.0000
vn 0.7489 0.6627 -0.0000
vn -0.7489 0.6627 -0.0000
vn -0.9834 0.1813 -0.0000
vn -0.7493 0.6622 -0.0000
vn -0.7493 0.6622 0.0001
vn -0.7493 0.6623 -0.0000
vn -0.9834 0.1815 -0.0000
vn -0.9834 0.1815 -0.0001
vn -0.9969 0.0785 -0.0000
vn -0.9836 0.1806 -0.0000
vn -0.9836 0.1806 0.0001
vn -0.9862 0.1657 -0.0000
vn 0.9737 -0.2277 -0.0000
vn 0.9989 -0.0472 -0.0000
vn 0.8818 -0.4717 -0.0000
vn -0.9678 0.2518 -0.0000
vn -0.9962 0.0866 -0.0000
vn -0.9963 0.0860 -0.0000
vn -0.9963 0.0860 0.0001
vn -0.8499 -0.5269 -0.0000
vn 0.4725 -0.8813 -0.0000
vn 0.8813 -0.4726 -0.0000
vn 0.4718 -0.8817 -0.0000
vn 0.4718 -0.8817 -0.0002
vn -0.2367 -0.9716 -0.0000
vn -0.2372 -0.9715 -0.0000
vn -0.2372 -0.9715 -0.0002
vn -0.8497 -0.5273 -0.0000
vn -0.2374 -0.9714 -0.0000
vn -0.8499 -0.5269 -0.0001
vn 0.9889 0.1487 -0.0000
vn 0.7494 0.6622 -0.0000
vn 0.9887 0.1496 0.0001
vn 0.9889 0.1487 -0.0001
vn 0.4718 -0.8817 -0.0001
vn 0.8813 -0.4725 -0.0000
vn 0.8818 -0.4717 0.0001
vn 1.0000 -0.0003 -0.0000
vn 0.7073 -0.7069 -0.0000
vn 0.0004 -1.0000 -0.0000
vn 0.7069 -0.7073 -0.0000
vn -1.0000 0.0004 -0.0000
vn -0.7073 0.7069 -0.0000
vn -0.0004 1.0000 -0.0000
vn -0.7069 0.7073 -0.0000
vn -0.0003 1.0000 -0.0000
vn 0.0003 1.0000 -0.0000
vn 0.7069 0.7073 -0.0000
vn 0.7069 0.7073 0.0002
vn 0.0003 1.0000 -0.0002
vn 1.0000 0.0003 -0.0000
vn 0.7073 0.7069 -0.0000
vn 0.7074 -0.7068 -0.0000
vn 1.0000 -0.0002 -0.0000
vn 1.0000 -0.0002 -0.0001
vn 0.7074 0.7068 -0.0000
vn 1.0000 0.0002 -0.0000
vn -1.0000 0.0004 -0.0001
vn -1.0000 -0.0003 -0.0000
vn -0.7073 -0.7069 -0.0000
vn -0.7074 -0.7068 -0.0000
vn -1.0000 -0.0002 -0.0000
vn -1.0000 -0.0002 0.0001
vn -0.7070 -0.7072 -0.0000
vn -0.0004 -1.0000 -0.0000
vn 1.0000 0.0004 -0.0000
vn 1.0000 0.0003 0.0001
vn 0.7072 -0.7070 -0.0000
vn 1.0000 -0.0005 -0.0000
vn -1.0000 0.0003 -0.0000
vn -0.7074 0.7068 -0.0000
vn -0.7074 -0.7068 -0.0002
vn -0.0003 -1.0000 -0.0000
vn -0.7069 -0.7073 -0.0000
vn 0.7068 -0.7074 -0.0000
vn 0.0002 -1.0000 -0.0000
vn 0.0003 -1.0000 -0.0000
vn 0.7069 -0.7073 -0.0001
vn -0.0003 1.0000 0.0001
vn 1.0000 -0.0001 -0.0000
vn 0.7070 -0.7072 -0.0000
vn 0.0003 -1.0000 0.0001
vn 0.7070 -0.7072 -0.0001
vn -0.7070 -0.7072 0.0001
vn 0.9462 0.3236 -0.0000
vn 0.9124 0.4092 -0.0000
vn 0.9124 0.4093 -0.0000
vn 0.9124 0.4093 -0.0002
vn 0.9462 0.3235 -0.0000
vn 0.9126 0.4089 -0.0001
vn 0.9874 0.1582 -0.0000
vn 0.9126 0.4089 -0.0000
vn -0.7072 -0.7070 -0.0000
vn -1.0000 -0.0003 0.0001
vn -0.7072 -0.7070 -0.0001
vn -1.0000 0.0002 -0.0000
vn -0.7072 0.7070 0.0001
vn -0.3863 0.9224 -0.0000
vn -0.7070 0.7072 -0.0000
vn -0.7072 0.7070 -0.0000
vn -1.0000 0.0002 -0.0001
vn 0.3863 -0.9224 -0.0000
vn 0.0001 -1.0000 -0.0000
vn 0.0002 1.0000 -0.0000
vn 0.7070 0.7072 -0.0000
vn -0.0006 1.0000 -0.0000
vn -0.3863 0.9224 -0.0001
vn 0.9224 -0.3862 -0.0000
vn -0.9947 -0.1026 -0.0000
vn -0.9969 -0.0785 -0.0000
vn -1.0000 0.0078 -0.0000
vn 0.7072 0.7070 -0.0000
vn 0.9224 0.3863 -0.0000
vn 0.9224 0.3862 -0.0000
vn -1.0000 0.0079 -0.0000
vn -0.9963 0.0863 -0.0000
vn 0.9464 0.3231 -0.0000
vn 0.9995 0.0315 -0.0000
vn 0.9980 -0.0628 -0.0000
vn -1.0000 0.0003 -0.0001
vn -1.0000 -0.0004 -0.0000
vn -1.0000 -0.0004 0.0001
vn -0.0004 -1.0000 -0.0001
vn -0.9849 0.1733 -0.0000
vn -0.9612 0.2758 -0.0000
vn 0.9888 -0.1491 -0.0000
vn 0.9980 -0.0629 -0.0000
vn 0.9715 -0.2370 -0.0000
vn 0.9487 -0.3162 -0.0000
vn 0.9196 -0.3930 -0.0000
vn 0.9195 -0.3930 -0.0000
vn -0.0003 -1.0000 -0.0001
vn 0.0002 -1.0000 0.0001
vn 0.9223 -0.3864 -0.0000
vn 0.9224 -0.3863 -0.0000
vn 0.9225 -0.3860 -0.0000
vn -0.0002 -1.0000 -0.0000
vn -0.3863 -0.9224 -0.0000
vn -0.3862 -0.9224 -0.0000
vn 0.3863 0.9224 -0.0000
vn 0.3861 0.9225 -0.0000
vn 0.7070 0.7072 0.0002
vn 0.0003 1.0000 0.0001
vn -0.0002 1.0000 -0.0000
vn -1.0000 -0.0001 0.0001
vn -1.0000 0.0001 -0.0001
vn 0.8731 -0.4876 -0.0000
vn 0.7817 -0.6237 -0.0000
vn 0.8730 -0.4877 -0.0000
vn -0.7779 0.6284 -0.0000
vn -0.8815 0.4722 -0.0000
vn -0.7777 0.6287 -0.0000
vn -0.5421 0.8403 -0.0000
vn -0.8588 -0.5123 -0.0000
vn -0.3470 -0.9379 -0.0000
vn -1.0000 -0.0081 -0.0000
vn -0.8590 -0.5120 -0.0000
vn -0.8586 -0.5126 -0.0000
vn 0.4023 -0.9155 -0.0000
vn 0.4023 -0.9155 -0.0002
vn -0.3466 -0.9380 -0.0000
vn 0.4026 -0.9154 -0.0000
vn 0.7815 -0.6239 -0.0000
vn -0.5422 0.8402 -0.0000
vn -0.7777 0.6286 -0.0000
vn -0.5417 0.8406 -0.0000
vn -0.7491 0.6624 -0.0000
vn -0.7491 0.6624 0.0002
vn -1.0000 -0.0073 -0.0000
vn -1.0000 -0.0073 -0.0001
vn -0.9317 0.3632 -0.0000
vn -0.9835 -0.1808 -0.0000
vn 0.9947 -0.1025 -0.0000
vn 0.9947 -0.1030 -0.0000
vn 0.9487 -0.3163 -0.0000
vn -0.9252 -0.3794 -0.0000
vn -0.9835 -0.1810 -0.0000
vn -0.9985 -0.0550 -0.0000
vn -0.9251 -0.3797 -0.0000
vn -0.9985 -0.0551 -0.0000
vn 0.7072 0.7070 -0.0001
vn 0.3862 -0.9224 -0.0000
vn -0.7070 0.7072 0.0001
vn -1.0000 -0.0001 -0.0000
vn 1.0000 0.0002 0.0001
vn 0.7072 -0.7070 0.0001
vn -0.8590 -0.5120 -0.0001
vn -1.0000 -0.0080 -0.0000
vn -1.0000 0.0001 -0.0000
vn 0.7072 0.7070 0.0003
vn -0.9985 -0.0550 -0.0001
vn 0.9225 0.3861 -0.0000
vn -0.3862 0.9224 -0.0000
vn 0.9874 0.1582 0.0001
vn 0.0005 1.0000 -0.0000
vn -0.0004 1.0000 0.0001
vn -0.0005 1.0000 -0.0000
vn -0.0005 -1.0000 -0.0000
vn 0.0005 -1.0000 -0.0000
vn 1.0000 -0.0003 -0.0001
vn 1.0000 0.0004 0.0001
vn 1.0000 0.0005 -0.0000
vn 1.0000 -0.0004 -0.0000
vn 0.0004 -1.0000 0.0002
vn -0.7073 -0.7069 -0.0002
vn 0.7490 0.6626 -0.0000
vn -0.9834 0.1814 -0.0000
vn -0.7494 0.6621 -0.0000
vn -0.9834 0.1814 -0.0001
vn -0.9835 0.1807 -0.0000
vn 0.9889 0.1488 -0.0000
vn 0.7494 0.6621 -0.0000
vn 0.8817 -0.4718 -0.0000
vn 0.8817 -0.4719 -0.0000
vn 0.4726 -0.8813 -0.0000
vn -0.9962 0.0866 -0.0001
vn -0.8496 -0.5274 -0.0000
vn 0.4719 -0.8817 -0.0000
vn -0.9963 0.0859 -0.0000
vn -0.2367 -0.9716 0.0001
vn -0.2049 -0.9788 0.0001
vn 0.8973 -0.4415 -0.0000
vn 0.4632 -0.8863 -0.0000
vn -0.2049 -0.9788 -0.0000
vn 0.9999 0.0160 -0.0000
vn 0.9999 0.0153 -0.0000
vn -0.9899 -0.1414 -0.0000
vn -0.9659 0.2588 -0.0000
vn -0.1955 0.9807 -0.0000
vn -0.1967 0.9805 -0.0000
vn -0.7029 0.7113 -0.0000
vn -0.1955 0.9807 -0.0001
vn 0.9754 0.2206 -0.0000
vn -0.1967 0.9805 0.0001
vn -0.9657 0.2595 -0.0000
vn -0.9657 0.2596 -0.0000
vn -0.9612 -0.2757 -0.0000
vn 0.8977 -0.4406 0.0001
vn -0.9657 0.2596 -0.0001
vn -0.8814 0.4723 -0.0000
vn -0.5422 0.8403 -0.0000
vn -0.8587 -0.5124 -0.0000
vn -0.3469 -0.9379 -0.0000
vn -0.8587 -0.5125 -0.0000
vn 0.7816 -0.6237 -0.0000
vn 0.3862 0.9224 -0.0000
vn 0.0002 1.0000 -0.0001
vn 0.7070 0.7072 -0.0001
vn -0.0002 -1.0000 -0.0001
vn 0.9463 0.3232 -0.0000
vn -0.0001 1.0000 -0.0000
vn 0.0001 1.0000 -0.0000
vn 0.9462 0.3235 0.0001
vn 0.9463 0.3232 -0.0001
vn 0.9223 0.3864 -0.0000
vn 0.9947 -0.1028 -0.0000
vn -0.9835 -0.1811 -0.0000
vn 0.0002 1.0000 -0.0002
vn -0.9985 -0.0551 0.0002
vn -0.9612 0.2757 -0.0000
vn -1.0000 -0.0074 -0.0000
vn -1.0000 -0.0075 -0.0000
vn -1.0000 -0.0075 -0.0002
vn -0.7492 0.6624 -0.0000
vn -0.5416 0.8406 -0.0000
vn -0.7776 0.6287 -0.0000
vn 0.7817 -0.6236 -0.0000
vn 0.0006 1.0000 -0.0000
vn 0.9462 0.3235 -0.0001
vn -0.0002 1.0000 0.0002
vt -0.377881 0.643159
vt -0.380928 0.642205
vt -0.378049 0.640597
vt -0.380591 0.643684
vt -0.376461 0.650080
vt -0.379201 0.685906
vt -0.375300 0.681769
vt -0.373815 0.690030
vt -0.378556 0.694103
vt -0.375106 0.698162
vt -0.380944 0.704687
vt -0.378139 0.709004
vt -0.381000 0.706411
vt -0.382188 0.712809
vt -0.383948 0.718104
vt -0.373447 0.687901
vt -0.375938 0.679886
vt -0.373447 0.679886
vt -0.375938 0.687901
vt -0.373447 0.694696
vt -0.375938 0.694696
vt -0.373447 0.699106
vt -0.375938 0.699106
vt -0.374052 0.704687
vt -0.375938 0.706411
vt -0.375333 0.704687
vt -0.373447 0.706411
vt -0.374094 0.712809
vt -0.375291 0.712809
vt -0.374692 0.718104
vt -0.373447 0.627628
vt -0.375938 0.627628
vt -0.375938 0.624023
vt -0.373447 0.631441
vt -0.373447 0.624023
vt -0.375938 0.619199
vt -0.373447 0.619199
vt -0.375938 0.614530
vt -0.373447 0.614530
vt -0.373447 0.610328
vt -0.375938 0.610328
vt -0.375938 0.631441
vt -0.375938 0.648114
vt -0.373447 0.648114
vt -0.373447 0.654831
vt -0.375938 0.654831
vt -0.373447 0.661238
vt -0.375938 0.661238
vt -0.373447 0.667540
vt -0.375938 0.667540
vt -0.373447 0.674206
vt -0.375938 0.674206
vt -0.375440 0.690030
vt -0.375440 0.681769
vt -0.373945 0.690030
vt -0.373945 0.681769
vt -0.375440 0.650080
vt -0.373945 0.650080
vt -0.375440 0.643159
vt -0.373945 0.643159
vt -0.375440 0.698162
vt -0.373945 0.698162
vt -0.375440 0.709004
vt -0.373945 0.709004
vt -0.359939 0.661601
vt -0.363678 0.664092
vt -0.363678 0.661601
vt -0.359939 0.664092
vt -0.368443 0.661601
vt -0.372223 0.664092
vt -0.372223 0.661601
vt -0.368443 0.664092
vt -0.372963 0.664092
vt -0.372963 0.661601
vt -0.374085 0.681769
vt -0.380914 0.686224
vt -0.379107 0.673749
vt -0.372923 0.650080
vt -0.376149 0.644953
vt -0.375569 0.690030
vt -0.381366 0.693983
vt -0.374278 0.698162
vt -0.380391 0.699754
vt -0.377776 0.706217
vt -0.371245 0.709004
vt -0.373378 0.712117
vt -0.365437 0.718104
vt -0.371503 0.643159
vt -0.376690 0.641927
vt -0.374344 0.640960
vt -0.371335 0.640597
vt -0.380859 0.619684
vt -0.380941 0.622597
vt -0.384639 0.620730
vt -0.377161 0.619348
vt -0.377326 0.616696
vt -0.376833 0.614380
vt -0.376422 0.619348
vt -0.373624 0.611231
vt -0.377493 0.612445
vt -0.360409 0.619199
vt -0.365134 0.607963
vt -0.368900 0.607589
vt -0.371776 0.608585
vt -0.360443 0.614530
vt -0.362326 0.624023
vt -0.378024 0.622896
vt -0.378517 0.627340
vt -0.362098 0.627628
vt -0.377199 0.631583
vt -0.359759 0.631441
vt -0.368456 0.642205
vt -0.363064 0.648114
vt -0.368794 0.643684
vt -0.363606 0.654831
vt -0.363435 0.661238
vt -0.370183 0.685906
vt -0.362921 0.667540
vt -0.361609 0.674206
vt -0.360239 0.679886
vt -0.365232 0.687901
vt -0.370829 0.694103
vt -0.367885 0.694696
vt -0.368622 0.699106
vt -0.368441 0.704687
vt -0.377490 0.637462
vt -0.361607 0.610328
vt -0.385707 0.623232
vt -0.388665 0.619833
vt -0.389445 0.621252
vt -0.389626 0.620180
vt -0.368385 0.706411
vt -0.367196 0.712809
vt -0.375938 0.611231
vt -0.375938 0.608585
vt -0.373447 0.611231
vt -0.373447 0.608585
vt -0.375938 0.614380
vt -0.373447 0.616696
vt -0.375938 0.616696
vt -0.373447 0.614380
vt -0.375938 0.620180
vt -0.373447 0.621252
vt -0.375938 0.621252
vt -0.373447 0.620180
vt -0.374692 0.641927
vt -0.375938 0.637462
vt -0.373447 0.637462
vt -0.375938 0.631583
vt -0.373447 0.631583
vt -0.375938 0.627340
vt -0.373447 0.627340
vt -0.375938 0.622896
vt -0.373447 0.622896
vt -0.375938 0.619348
vt -0.373447 0.619348
vt -0.374052 0.640597
vt -0.375439 0.643159
vt -0.375332 0.640597
vt -0.373447 0.612445
vt -0.375938 0.612445
vt -0.365134 0.661601
vt -0.365134 0.664092
vt -0.368900 0.664092
vt -0.361607 0.661601
vt -0.368900 0.661601
vt -0.371776 0.664092
vt -0.371776 0.661601
vt -0.361607 0.664092
vt -0.377493 0.661601
vt -0.373624 0.661601
vt -0.377493 0.664092
vt -0.373624 0.664092
vt -0.388665 0.661601
vt -0.389626 0.664092
vt -0.389626 0.661601
vt -0.388665 0.664092
vt -0.384639 0.661601
vt -0.384639 0.664092
vt -0.380859 0.661601
vt -0.380859 0.664092
vt -0.377326 0.661601
vt -0.377326 0.664092
vt -0.370278 0.673749
vt -0.368470 0.686224
vt -0.368018 0.693983
vt -0.368993 0.699754
vt -0.371608 0.706217
vt -0.376007 0.712117
vt -0.373236 0.644953
vt -0.372694 0.641927
vt -0.375039 0.640961
vt -0.364746 0.620730
vt -0.368443 0.622597
vt -0.368525 0.619684
vt -0.372223 0.619348
vt -0.363678 0.623232
vt -0.360720 0.619833
vt -0.359939 0.621252
vt -0.359759 0.620180
vt -0.372059 0.616696
vt -0.372963 0.619348
vt -0.372552 0.614380
vt -0.375760 0.611231
vt -0.388975 0.619199
vt -0.387058 0.624023
vt -0.371360 0.622896
vt -0.370867 0.627340
vt -0.387286 0.627628
vt -0.372186 0.631583
vt -0.371894 0.637462
vt -0.389626 0.631441
vt -0.386321 0.648114
vt -0.385779 0.654831
vt -0.385950 0.661238
vt -0.386463 0.667540
vt -0.387776 0.674206
vt -0.389145 0.679886
vt -0.384152 0.687901
vt -0.381499 0.694696
vt -0.380762 0.699106
vt -0.388941 0.614530
vt -0.384251 0.607963
vt -0.387777 0.610328
vt -0.380485 0.607589
vt -0.377609 0.608585
vt -0.371891 0.612445
vt 0.237937 0.752722
vt 0.237937 0.757940
vt 0.233597 0.752722
vt 0.233597 0.757940
vt 0.233597 0.762038
vt 0.230958 0.752722
vt 0.234277 0.754443
vt 0.231350 0.757940
vt 0.234563 0.759366
vt 0.237937 0.762038
vt 0.231035 0.762038
vt 0.234397 0.762698
vt 0.231765 0.754443
vt 0.227426 0.759366
vt 0.227426 0.754443
vt 0.231765 0.759366
vt 0.227426 0.762698
vt 0.231765 0.762698
vt 0.231085 0.754443
vt 0.234012 0.757940
vt 0.230800 0.759366
vt 0.234327 0.762038
vt 0.230965 0.762698
vt 0.231430 0.763614
vt 0.227426 0.763614
vt 0.231765 0.763614
vt 0.233932 0.725262
vt 0.232716 0.720923
vt 0.233932 0.720923
vt 0.233932 0.763614
vt 0.232716 0.764214
vt 0.232716 0.725262
vt 0.230795 0.763374
vt 0.231335 0.720923
vt 0.231335 0.764124
vt 0.237937 0.764124
vt 0.233597 0.764124
vt 0.237937 0.763374
vt 0.233597 0.763374
vt 0.232646 0.764214
vt 0.234567 0.763374
vt 0.234027 0.764124
vt 0.231335 0.725262
vt 0.231765 0.748814
vt 0.234404 0.752722
vt 0.232346 0.748814
vt 0.235431 0.748283
vt 0.227426 0.748814
vt 0.231765 0.747595
vt 0.232784 0.747595
vt 0.233597 0.748283
vt 0.233836 0.746980
vt 0.235317 0.747699
vt 0.237937 0.747699
vt 0.233597 0.747699
vt 0.237937 0.748283
vt 0.231526 0.746980
vt 0.230046 0.747699
vt 0.230588 0.747084
vt 0.229931 0.748283
vt 0.237937 0.747084
vt 0.234774 0.720923
vt 0.234774 0.725262
vt 0.233836 0.720923
vt 0.233597 0.747084
vt 0.234774 0.747084
vt 0.233836 0.725262
vt 0.232784 0.720923
vt 0.232579 0.747595
vt 0.227426 0.747595
vt 0.232784 0.725262
vt 0.233017 0.748814
vt 0.231765 0.752722
vt 0.227426 0.752722
vt 0.227426 0.748283
vt 0.231765 0.757940
vt 0.231765 0.748283
vt 0.233597 0.748814
vt 0.237937 0.748814
vt 0.233597 0.754443
vt 0.237937 0.747595
vt 0.233597 0.747595
vt 0.232784 0.727094
vt 0.233836 0.731434
vt 0.232784 0.731434
vt 0.233836 0.727094
vt 0.234774 0.731434
vt 0.234774 0.727094
vt 0.231765 0.747084
vt 0.227426 0.747699
vt 0.227426 0.747084
vt 0.231765 0.747699
vt 0.237937 0.754443
vt 0.233597 0.759366
vt 0.237937 0.759366
vt 0.227426 0.762038
vt 0.227426 0.757940
vt 0.231765 0.762038
vt 0.227426 0.763374
vt 0.232716 0.731434
vt 0.231335 0.727094
vt 0.232716 0.727094
vt 0.233932 0.731434
vt 0.231335 0.731434
vt 0.227426 0.764124
vt 0.231765 0.763374
vt 0.231765 0.764124
vt 0.233932 0.727094
vt 0.233597 0.762698
vt 0.237937 0.762698
vt 0.233597 0.763614
vt 0.237937 0.763614
vt 0.233597 0.732513
vt 0.237937 0.734662
vt 0.233597 0.734662
vt 0.237946 0.734662
vt 0.233609 0.732513
vt 0.238690 0.732513
vt 0.234353 0.734662
vt 0.229213 0.720923
vt 0.227416 0.725262
vt 0.227416 0.720923
vt 0.229213 0.725262
vt 0.236150 0.735552
vt 0.231009 0.720923
vt 0.231009 0.725262
vt 0.227426 0.732513
vt 0.231765 0.734662
vt 0.227426 0.734662
vt 0.227416 0.734662
vt 0.231754 0.732513
vt 0.231009 0.734662
vt 0.229213 0.735552
vt 0.231765 0.732513
vt 0.227426 0.718918
vt 0.226950 0.721756
vt 0.232158 0.718918
vt 0.226672 0.732513
vt 0.227581 0.711672
vt 0.231765 0.718918
vt 0.231765 0.713577
vt 0.227426 0.713577
vt 0.232827 0.713577
vt 0.235229 0.701924
vt 0.229983 0.698451
vt 0.237937 0.698451
vt 0.237937 0.711672
vt 0.233597 0.698451
vt 0.237937 0.721756
vt 0.233597 0.711672
vt 0.237781 0.711672
vt 0.230134 0.701924
vt 0.235380 0.698451
vt 0.233597 0.690719
vt 0.226672 0.691018
vt 0.233105 0.690719
vt 0.231765 0.701924
vt 0.227426 0.701924
vt 0.232535 0.713577
vt 0.227426 0.691018
vt 0.231765 0.691018
vt 0.238690 0.691018
vt 0.232258 0.690719
vt 0.227426 0.689412
vt 0.236567 0.688142
vt 0.238472 0.689412
vt 0.234225 0.688404
vt 0.233597 0.688404
vt 0.237937 0.688404
vt 0.237937 0.690719
vt 0.231137 0.688404
vt 0.228795 0.688142
vt 0.231137 0.720923
vt 0.231137 0.725262
vt 0.228795 0.725262
vt 0.228795 0.720923
vt 0.226891 0.725262
vt 0.226891 0.689412
vt 0.226891 0.720923
vt 0.231765 0.689412
vt 0.238412 0.721756
vt 0.233205 0.718918
vt 0.233597 0.721756
vt 0.237937 0.732513
vt 0.229213 0.727094
vt 0.227416 0.731434
vt 0.227416 0.727094
vt 0.229213 0.731434
vt 0.231009 0.727094
vt 0.231009 0.731434
vt 0.233597 0.718918
vt 0.231765 0.721756
vt 0.227426 0.721756
vt 0.227426 0.711672
vt 0.237937 0.718918
vt 0.237937 0.713577
vt 0.237937 0.701924
vt 0.233597 0.701924
vt 0.233597 0.713577
vt 0.227426 0.698451
vt 0.231765 0.711672
vt 0.231765 0.698451
vt 0.227426 0.690719
vt 0.237937 0.691018
vt 0.233597 0.691018
vt 0.233597 0.689412
vt 0.237937 0.689412
vt 0.231137 0.727094
vt 0.231137 0.731434
vt 0.228795 0.731434
vt 0.227426 0.688404
vt 0.231765 0.688404
vt 0.231765 0.690719
vt 0.228795 0.727094
vt 0.226891 0.731434
vt 0.226891 0.727094
vt -0.147815 0.699374
vt -0.157860 0.698396
vt -0.147815 0.698396
vt -0.160851 0.698396
vt -0.160851 0.700353
vt -0.161256 0.699374
vt -0.158893 0.700353
vt -0.145802 0.656667
vt -0.144823 0.646622
vt -0.144823 0.656667
vt -0.145802 0.646622
vt -0.158893 0.698396
vt -0.159872 0.697990
vt -0.159872 0.700759
vt -0.158487 0.699374
vt -0.157860 0.699374
vt -0.147815 0.700353
vt -0.157860 0.700353
vt -0.159872 0.656667
vt -0.158893 0.646622
vt -0.158893 0.656667
vt -0.159872 0.646622
vt -0.160851 0.656667
vt -0.160851 0.646622
vt -0.144823 0.698396
vt -0.144823 0.700353
vt -0.146781 0.700353
vt -0.145802 0.700759
vt -0.144418 0.699374
vt -0.146781 0.698396
vt -0.147187 0.699374
vt -0.146781 0.656667
vt -0.146781 0.646622
vt -0.145802 0.697990
vt -0.157860 0.603915
vt -0.147815 0.604894
vt -0.157860 0.604894
vt -0.147815 0.603915
vt -0.157860 0.602936
vt -0.158487 0.603915
vt -0.161256 0.603915
vt -0.158893 0.602936
vt -0.160851 0.604894
vt -0.158893 0.604894
vt -0.159872 0.605300
vt -0.147187 0.603915
vt -0.144418 0.603915
vt -0.144823 0.604894
vt -0.144823 0.602936
vt -0.147815 0.602936
vt -0.146781 0.602936
vt -0.145802 0.602531
vt -0.160851 0.602936
vt -0.159872 0.602531
vt -0.146781 0.604894
vt -0.145802 0.605300
vt 0.145668 0.621960
vt 0.142126 0.623277
vt 0.142126 0.621960
vt 0.145668 0.623277
vt 0.153287 0.601648
vt 0.153287 0.598106
vt 0.154605 0.598106
vt 0.153287 0.623277
vt 0.151031 0.620273
vt 0.152742 0.621960
vt 0.149836 0.630358
vt 0.155605 0.629463
vt 0.154605 0.601648
vt 0.154605 0.623823
vt 0.140487 0.623277
vt 0.138169 0.629463
vt 0.139170 0.623823
vt 0.136713 0.624197
vt 0.155922 0.598106
vt 0.137852 0.623277
vt 0.145668 0.621956
vt 0.145668 0.624197
vt 0.142126 0.621956
vt 0.142126 0.624197
vt 0.145668 0.629463
vt 0.137306 0.621960
vt 0.135256 0.621956
vt 0.151648 0.623277
vt 0.148107 0.623277
vt 0.148107 0.621960
vt 0.151648 0.621960
vt 0.148107 0.620642
vt 0.137852 0.620642
vt 0.137177 0.617202
vt 0.138495 0.617748
vt 0.138193 0.620501
vt 0.138193 0.598106
vt 0.137852 0.601648
vt 0.137852 0.598106
vt 0.151648 0.620642
vt 0.139456 0.617350
vt 0.139170 0.620097
vt 0.155280 0.598106
vt 0.154709 0.601648
vt 0.154319 0.598106
vt 0.155280 0.601648
vt 0.156597 0.598106
vt 0.139812 0.617202
vt 0.139170 0.598106
vt 0.140487 0.601648
vt 0.139170 0.601648
vt 0.140487 0.598106
vt 0.138599 0.601648
vt 0.140487 0.620642
vt 0.140358 0.615885
vt 0.142743 0.620273
vt 0.145668 0.617202
vt 0.142126 0.617202
vt 0.145668 0.615885
vt 0.153962 0.601648
vt 0.153962 0.598106
vt 0.143938 0.630358
vt 0.148107 0.630358
vt 0.148107 0.620273
vt 0.151648 0.630358
vt 0.151648 0.620273
vt 0.148107 0.610077
vt 0.142370 0.610077
vt 0.140724 0.621213
vt 0.141033 0.621960
vt 0.142126 0.620642
vt 0.145668 0.621213
vt 0.142126 0.621264
vt 0.145668 0.620642
vt 0.153030 0.621264
vt 0.153287 0.620642
vt 0.134173 0.608473
vt 0.142818 0.601151
vt 0.138495 0.614022
vt 0.139812 0.614567
vt 0.151648 0.610077
vt 0.148107 0.601151
vt 0.139812 0.598106
vt 0.139812 0.601648
vt 0.138495 0.598106
vt 0.145668 0.614567
vt 0.142126 0.615885
vt 0.142126 0.614567
vt 0.153417 0.615885
vt 0.151405 0.610077
vt 0.153962 0.617202
vt 0.153962 0.614567
vt 0.138495 0.601648
vt 0.155280 0.614022
vt 0.137177 0.598106
vt 0.137177 0.601648
vt 0.159601 0.608473
vt 0.156597 0.614567
vt 0.158518 0.621956
vt 0.157143 0.615885
vt 0.142126 0.608473
vt 0.145668 0.608473
vt 0.142126 0.597380
vt 0.150957 0.601151
vt 0.159489 0.597380
vt 0.148107 0.614567
vt 0.151648 0.614567
vt 0.151648 0.615885
vt 0.156597 0.617202
vt 0.148107 0.615885
vt 0.151648 0.617202
vt 0.136631 0.615885
vt 0.137177 0.614567
vt 0.148107 0.617202
vt 0.155922 0.620642
vt 0.156597 0.601648
vt 0.155280 0.617748
vt 0.149425 0.588601
vt 0.151648 0.601151
vt 0.151648 0.588601
vt 0.148107 0.588601
vt 0.134285 0.597380
vt 0.144349 0.588601
vt 0.148107 0.576575
vt 0.135696 0.584718
vt 0.147150 0.576575
vt 0.145668 0.584718
vt 0.145668 0.597380
vt 0.142126 0.584718
vt 0.137425 0.575619
vt 0.142126 0.575619
vt 0.145668 0.575619
vt 0.142126 0.568292
vt 0.145668 0.568292
vt 0.139608 0.568292
vt 0.146760 0.565167
vt 0.145442 0.564622
vt 0.144897 0.563304
vt 0.143996 0.556599
vt 0.145668 0.556599
vt 0.142126 0.556599
vt 0.148332 0.598106
vt 0.148332 0.601648
vt 0.147015 0.601648
vt 0.151648 0.564622
vt 0.148107 0.564622
vt 0.148107 0.563304
vt 0.147015 0.598106
vt 0.147015 0.565167
vt 0.146624 0.576575
vt 0.143039 0.566117
vt 0.154166 0.568292
vt 0.145697 0.564622
vt 0.148332 0.564622
vt 0.145697 0.601648
vt 0.145697 0.598106
vt 0.142126 0.564622
vt 0.145668 0.563597
vt 0.145668 0.564622
vt 0.142126 0.563597
vt 0.145273 0.563597
vt 0.145151 0.563304
vt 0.145668 0.563304
vt 0.142126 0.563304
vt 0.145668 0.561987
vt 0.142126 0.561987
vt 0.144540 0.559542
vt 0.145697 0.561987
vt 0.143222 0.558997
vt 0.143222 0.601648
vt 0.143222 0.598106
vt 0.144540 0.598106
vt 0.145668 0.558997
vt 0.142126 0.558997
vt 0.145668 0.557679
vt 0.138669 0.556145
vt 0.142676 0.557679
vt 0.142126 0.557679
vt 0.144540 0.601648
vt 0.145330 0.598106
vt 0.148077 0.561987
vt 0.148444 0.559215
vt 0.149235 0.559542
vt 0.150552 0.558997
vt 0.148623 0.563304
vt 0.145330 0.601648
vt 0.145857 0.601648
vt 0.145857 0.598106
vt 0.147514 0.561753
vt 0.147917 0.558997
vt 0.148077 0.601648
vt 0.147514 0.598106
vt 0.148077 0.598106
vt 0.147506 0.601648
vt 0.146760 0.598106
vt 0.146760 0.561441
vt 0.147372 0.557679
vt 0.145442 0.561987
vt 0.146760 0.601648
vt 0.145442 0.598106
vt 0.151648 0.557679
vt 0.148107 0.557679
vt 0.148107 0.556362
vt 0.151648 0.558997
vt 0.148107 0.558997
vt 0.147917 0.556362
vt 0.147917 0.598106
vt 0.149235 0.601648
vt 0.147917 0.601648
vt 0.149235 0.598106
vt 0.147714 0.548818
vt 0.149235 0.555816
vt 0.151648 0.556362
vt 0.145668 0.548818
vt 0.142126 0.548818
vt 0.150480 0.544603
vt 0.157310 0.552773
vt 0.145668 0.544603
vt 0.142126 0.544603
vt 0.150552 0.556362
vt 0.148107 0.552773
vt 0.151648 0.552773
vt 0.151648 0.556145
vt 0.148107 0.556145
vt 0.157310 0.601648
vt 0.157310 0.598106
vt 0.158283 0.598106
vt 0.159169 0.548710
vt 0.158283 0.551800
vt 0.155106 0.556145
vt 0.153326 0.543374
vt 0.134605 0.598106
vt 0.140448 0.598106
vt 0.134605 0.601648
vt 0.159601 0.550417
vt 0.151648 0.550417
vt 0.148107 0.550417
vt 0.148107 0.548710
vt 0.151648 0.548710
vt 0.134605 0.548710
vt 0.136464 0.552773
vt 0.135492 0.551800
vt 0.143294 0.544603
vt 0.134173 0.550417
vt 0.140448 0.543374
vt 0.140448 0.601648
vt 0.142156 0.543427
vt 0.142156 0.598106
vt 0.142156 0.601648
vt 0.142126 0.543427
vt 0.145668 0.543427
vt 0.151619 0.543427
vt 0.158283 0.601648
vt 0.134411 0.551390
vt 0.159364 0.598106
vt 0.159364 0.601648
vt 0.151648 0.551390
vt 0.148107 0.551390
vt 0.159364 0.551390
vt 0.151098 0.557679
vt 0.150736 0.566117
vt 0.148107 0.566117
vt 0.151648 0.566117
vt 0.151648 0.576575
vt 0.148077 0.564622
vt 0.148502 0.563597
vt 0.143222 0.556362
vt 0.146061 0.548818
vt 0.145668 0.556362
vt 0.142126 0.556362
vt 0.150552 0.598106
vt 0.150552 0.601648
vt 0.144540 0.555816
vt 0.145857 0.556362
vt 0.149779 0.556599
vt 0.146403 0.557679
vt 0.148332 0.561987
vt 0.147015 0.561441
vt 0.145857 0.558997
vt 0.148878 0.563304
vt 0.145442 0.601648
vt 0.148107 0.561987
vt 0.151648 0.561987
vt 0.151648 0.563304
vt 0.146268 0.561750
vt 0.145330 0.559215
vt 0.158078 0.584718
vt 0.156349 0.575619
vt 0.151648 0.638730
vt 0.138468 0.636933
vt 0.144623 0.638730
vt 0.148107 0.638730
vt 0.137535 0.640543
vt 0.145668 0.636933
vt 0.142126 0.629463
vt 0.145668 0.640543
vt 0.142126 0.636933
vt 0.142126 0.640543
vt 0.155306 0.636933
vt 0.156240 0.640543
vt 0.149152 0.638730
vt 0.148635 0.640543
vt 0.157931 0.644625
vt 0.145668 0.644625
vt 0.142126 0.644625
vt 0.151648 0.640543
vt 0.156240 0.648708
vt 0.152158 0.650399
vt 0.148075 0.648708
vt 0.146384 0.644625
vt 0.151648 0.644625
vt 0.148107 0.640543
vt 0.145139 0.640543
vt 0.141617 0.650399
vt 0.145699 0.648708
vt 0.137535 0.648708
vt 0.147390 0.644625
vt 0.148107 0.644625
vt 0.135844 0.644625
vt 0.141617 0.601648
vt 0.145699 0.598106
vt 0.145699 0.601648
vt 0.141617 0.598106
vt 0.148107 0.648708
vt 0.151648 0.648708
vt 0.137535 0.601648
vt 0.137535 0.598106
vt 0.145668 0.648708
vt 0.142126 0.648708
vt 0.154605 0.620097
vt 0.154709 0.617512
vt 0.155176 0.620333
vt 0.156468 0.621960
vt 0.157062 0.624197
vt 0.155922 0.623277
vt 0.155922 0.601648
vt 0.139812 0.592125
vt 0.139812 0.595667
vt 0.138495 0.592125
vt 0.138495 0.595667
vt 0.142126 0.610077
vt 0.142126 0.601151
vt 0.145668 0.610077
vt 0.145668 0.620273
vt 0.145668 0.601151
vt 0.142126 0.588601
vt 0.151648 0.584718
vt 0.151648 0.597380
vt 0.148107 0.584718
vt 0.148107 0.597380
vt 0.151648 0.608473
vt 0.148107 0.575619
vt 0.151648 0.575619
vt 0.142126 0.576575
vt 0.145668 0.588601
vt 0.145668 0.576575
vt 0.142126 0.566117
vt 0.147015 0.592125
vt 0.147015 0.595667
vt 0.145697 0.595667
vt 0.145697 0.592125
vt 0.148332 0.592125
vt 0.148332 0.595667
vt 0.151648 0.568292
vt 0.148107 0.568292
vt 0.148107 0.556599
vt 0.151648 0.548818
vt 0.151648 0.556599
vt 0.148107 0.548818
vt 0.147917 0.592125
vt 0.149235 0.595667
vt 0.147917 0.595667
vt 0.149235 0.592125
vt 0.145857 0.592125
vt 0.145857 0.595667
vt 0.145330 0.592125
vt 0.148077 0.595667
vt 0.147514 0.592125
vt 0.148077 0.592125
vt 0.147506 0.595667
vt 0.146760 0.592125
vt 0.143222 0.595667
vt 0.143222 0.592125
vt 0.144540 0.592125
vt 0.144540 0.595667
vt 0.150552 0.592125
vt 0.150552 0.595667
vt 0.142126 0.552773
vt 0.145668 0.552773
vt 0.145668 0.556145
vt 0.157310 0.595667
vt 0.157310 0.592125
vt 0.158283 0.592125
vt 0.142126 0.556145
vt 0.134605 0.592125
vt 0.140448 0.592125
vt 0.134605 0.595667
vt 0.145668 0.550417
vt 0.142126 0.550417
vt 0.142126 0.548710
vt 0.145668 0.548710
vt 0.145668 0.551390
vt 0.142126 0.551390
vt 0.159364 0.592125
vt 0.159364 0.595667
vt 0.158283 0.595667
vt 0.140448 0.595667
vt 0.142156 0.592125
vt 0.142156 0.595667
vt 0.148107 0.543427
vt 0.151648 0.543427
vt 0.151648 0.544603
vt 0.148107 0.544603
vt 0.145668 0.566117
vt 0.145330 0.595667
vt 0.151648 0.563597
vt 0.148107 0.563597
vt 0.146760 0.595667
vt 0.145442 0.592125
vt 0.145442 0.595667
vt 0.148107 0.608473
vt 0.151648 0.621956
vt 0.137177 0.592125
vt 0.137177 0.595667
vt 0.156597 0.592125
vt 0.156597 0.595667
vt 0.155280 0.595667
vt 0.155280 0.592125
vt 0.138193 0.592125
vt 0.137852 0.595667
vt 0.137852 0.592125
vt 0.155922 0.592125
vt 0.155922 0.595667
vt 0.154605 0.595667
vt 0.154605 0.592125
vt 0.153287 0.595667
vt 0.153287 0.592125
vt 0.148107 0.629463
vt 0.151648 0.624197
vt 0.151648 0.629463
vt 0.151648 0.636933
vt 0.142126 0.630358
vt 0.142126 0.620273
vt 0.145668 0.630358
vt 0.142126 0.638730
vt 0.145668 0.638730
vt 0.148107 0.636933
vt 0.141617 0.592125
vt 0.137535 0.595667
vt 0.137535 0.592125
vt 0.141617 0.595667
vt 0.145699 0.592125
vt 0.145699 0.595667
vt 0.148107 0.621264
vt 0.151648 0.621213
vt 0.139170 0.592125
vt 0.140487 0.595667
vt 0.139170 0.595667
vt 0.140487 0.592125
vt 0.153962 0.595667
vt 0.153962 0.592125
vt 0.154319 0.592125
vt 0.154709 0.595667
vt 0.138599 0.595667
vt 0.148107 0.624197
vt 0.148107 0.621956
vt -0.128955 0.550207
vt -0.118910 0.551185
vt -0.128955 0.551185
vt -0.115919 0.551185
vt -0.116898 0.548822
vt -0.115513 0.550207
vt -0.118282 0.550207
vt -0.130967 0.497455
vt -0.131946 0.507500
vt -0.131946 0.497455
vt -0.130967 0.507500
vt -0.116898 0.551591
vt -0.117877 0.551185
vt -0.129988 0.497455
vt -0.129988 0.507500
vt -0.130967 0.551591
vt -0.129583 0.550207
vt -0.129988 0.551185
vt -0.130967 0.548822
vt -0.129988 0.549228
vt -0.131946 0.551185
vt -0.128955 0.549228
vt -0.118910 0.550207
vt -0.116898 0.497455
vt -0.117877 0.507500
vt -0.117877 0.497455
vt -0.118910 0.549228
vt -0.116898 0.507500
vt -0.117877 0.549228
vt -0.115919 0.497455
vt -0.132352 0.550207
vt -0.131946 0.549228
vt -0.115919 0.549228
vt -0.115919 0.507500
vt -0.129988 0.455726
vt -0.129988 0.453768
vt -0.129583 0.454747
vt -0.128955 0.454747
vt -0.118910 0.455726
vt -0.128955 0.455726
vt -0.118910 0.454747
vt -0.128955 0.453768
vt -0.118910 0.453768
vt -0.132352 0.454747
vt -0.130967 0.453363
vt -0.115513 0.454747
vt -0.117876 0.453768
vt -0.116898 0.453363
vt -0.117876 0.455726
vt -0.118282 0.454747
vt -0.115919 0.453768
vt -0.116898 0.456132
vt -0.115919 0.455726
vt -0.130967 0.456132
vt -0.131946 0.455726
vt -0.117876 0.507500
vt -0.117876 0.497455
vt -0.131946 0.453768
vt -0.097651 0.843981
vt -0.093311 0.846129
vt -0.097651 0.846129
vt -0.093302 0.846129
vt -0.097639 0.843981
vt -0.092558 0.843981
vt -0.096895 0.846129
vt -0.102035 0.832390
vt -0.103832 0.836730
vt -0.103832 0.832390
vt -0.102035 0.836730
vt -0.095099 0.847020
vt -0.100239 0.832390
vt -0.100239 0.836730
vt -0.103832 0.846129
vt -0.099495 0.843981
vt -0.100239 0.846129
vt -0.103823 0.843981
vt -0.099483 0.846129
vt -0.103823 0.846129
vt -0.102035 0.847020
vt -0.099483 0.843981
vt -0.103823 0.830385
vt -0.104298 0.833224
vt -0.099091 0.830385
vt -0.104576 0.843981
vt -0.093311 0.833224
vt -0.093311 0.843981
vt -0.097651 0.833224
vt -0.092836 0.833224
vt -0.097651 0.823140
vt -0.098043 0.830385
vt -0.093467 0.823140
vt -0.098713 0.825044
vt -0.099483 0.830385
vt -0.099483 0.825044
vt -0.103823 0.825044
vt -0.101114 0.813392
vt -0.099483 0.813392
vt -0.103823 0.813392
vt -0.103667 0.823140
vt -0.098421 0.825044
vt -0.096019 0.813392
vt -0.093311 0.809918
vt -0.093311 0.823140
vt -0.097651 0.809918
vt -0.101265 0.809918
vt -0.097651 0.802187
vt -0.095869 0.809918
vt -0.104576 0.802486
vt -0.098144 0.802187
vt -0.093311 0.802187
vt -0.100111 0.799871
vt -0.097651 0.799871
vt -0.093311 0.799871
vt -0.097023 0.799871
vt -0.092558 0.802486
vt -0.098990 0.802187
vt -0.103823 0.802486
vt -0.099483 0.802486
vt -0.103823 0.800880
vt -0.094681 0.799610
vt -0.092776 0.800880
vt -0.104357 0.836730
vt -0.104357 0.832390
vt -0.102453 0.832390
vt -0.102453 0.836730
vt -0.100111 0.832390
vt -0.100111 0.836730
vt -0.102453 0.799610
vt -0.104357 0.800880
vt -0.099483 0.800880
vt -0.102035 0.838562
vt -0.103832 0.842901
vt -0.103832 0.838562
vt -0.100239 0.838562
vt -0.102035 0.842901
vt -0.100239 0.842901
vt -0.097651 0.830385
vt -0.093311 0.830385
vt -0.093311 0.825044
vt -0.097651 0.825044
vt -0.097651 0.813392
vt -0.093311 0.813392
vt -0.097651 0.802486
vt -0.099483 0.802187
vt -0.099483 0.809918
vt -0.103823 0.802187
vt -0.099483 0.823140
vt -0.103823 0.809918
vt -0.103823 0.799871
vt -0.093311 0.802486
vt -0.097651 0.800880
vt -0.093311 0.800880
vt -0.102453 0.838562
vt -0.102453 0.842901
vt -0.104357 0.842901
vt -0.104357 0.838562
vt -0.100111 0.838562
vt -0.099483 0.799871
vt -0.100111 0.842901
vt -0.103823 0.823140
vt -0.103823 0.833224
vt -0.099483 0.833224
vt -0.096474 0.832390
vt -0.096474 0.836730
vt -0.097412 0.832390
vt -0.099722 0.858447
vt -0.101202 0.859166
vt -0.100660 0.858551
vt -0.097651 0.859166
vt -0.093311 0.858551
vt -0.093311 0.859166
vt -0.097651 0.858551
vt -0.097412 0.836730
vt -0.095932 0.859166
vt -0.097412 0.858447
vt -0.096474 0.858551
vt -0.098464 0.832390
vt -0.098464 0.836730
vt -0.095817 0.859750
vt -0.098464 0.859062
vt -0.097651 0.859750
vt -0.093311 0.859750
vt -0.093311 0.864189
vt -0.097651 0.864189
vt -0.098902 0.860282
vt -0.096844 0.864189
vt -0.093311 0.869408
vt -0.097651 0.869408
vt -0.097236 0.869408
vt -0.100163 0.865910
vt -0.099483 0.865910
vt -0.103823 0.870834
vt -0.103823 0.865910
vt -0.099483 0.860282
vt -0.099483 0.870834
vt -0.100448 0.870834
vt -0.103823 0.874166
vt -0.099483 0.874166
vt -0.096921 0.873505
vt -0.100283 0.874166
vt -0.093311 0.873505
vt -0.097651 0.874841
vt -0.097651 0.873505
vt -0.098602 0.875682
vt -0.096681 0.874841
vt -0.099818 0.875081
vt -0.098532 0.832390
vt -0.098532 0.836730
vt -0.099913 0.832390
vt -0.097316 0.836730
vt -0.099913 0.836730
vt -0.097221 0.875592
vt -0.093311 0.875592
vt -0.097651 0.875592
vt -0.093311 0.874841
vt -0.100453 0.874841
vt -0.098532 0.875682
vt -0.099913 0.875592
vt -0.100213 0.873505
vt -0.097316 0.875081
vt -0.097316 0.832390
vt -0.096851 0.874166
vt -0.103823 0.875081
vt -0.099483 0.875081
vt -0.096686 0.870834
vt -0.099898 0.869408
vt -0.096971 0.865910
vt -0.100290 0.864189
vt -0.098232 0.860282
vt -0.103823 0.860282
vt -0.101317 0.859750
vt -0.098669 0.859062
vt -0.099483 0.859062
vt -0.103823 0.859062
vt -0.099483 0.864189
vt -0.103823 0.864189
vt -0.103823 0.859750
vt -0.099483 0.869408
vt -0.099483 0.859750
vt -0.097651 0.860282
vt -0.093311 0.860282
vt -0.097651 0.865910
vt -0.093311 0.859062
vt -0.097651 0.859062
vt -0.098464 0.838562
vt -0.097412 0.842901
vt -0.098464 0.842901
vt -0.097412 0.838562
vt -0.096474 0.842901
vt -0.096474 0.838562
vt -0.099483 0.859166
vt -0.103823 0.859166
vt -0.099483 0.858551
vt -0.103823 0.858551
vt -0.093311 0.865910
vt -0.097651 0.870834
vt -0.093311 0.870834
vt -0.103823 0.873505
vt -0.103823 0.869408
vt -0.099483 0.873505
vt -0.103823 0.874841
vt -0.099483 0.874841
vt -0.103823 0.875592
vt -0.099483 0.875592
vt -0.098532 0.838562
vt -0.098532 0.842901
vt -0.099913 0.838562
vt -0.099913 0.842901
vt -0.097316 0.842901
vt -0.097316 0.838562
vt -0.097651 0.874166
vt -0.093311 0.874166
vt -0.097651 0.875081
vt -0.093311 0.875081
vt 0.268042 0.402127
vt 0.270275 0.404647
vt 0.267617 0.403152
vt 0.265207 0.403152
vt 0.261666 0.402127
vt 0.265207 0.402127
vt 0.265237 0.440178
vt 0.265237 0.436636
vt 0.266554 0.436636
vt 0.261666 0.403152
vt 0.266300 0.403698
vt 0.266690 0.415105
vt 0.267646 0.415105
vt 0.267646 0.404647
vt 0.271188 0.415105
vt 0.271188 0.404647
vt 0.267646 0.394675
vt 0.270092 0.397527
vt 0.274645 0.394675
vt 0.268163 0.401834
vt 0.265207 0.397527
vt 0.261666 0.397527
vt 0.265207 0.396209
vt 0.262762 0.440178
vt 0.262762 0.436636
vt 0.264079 0.436636
vt 0.268775 0.398073
vt 0.270638 0.396209
vt 0.261666 0.396209
vt 0.265207 0.394892
vt 0.270092 0.394892
vt 0.261666 0.394892
vt 0.270092 0.436636
vt 0.270092 0.440178
vt 0.268775 0.436636
vt 0.267253 0.387348
vt 0.268775 0.394346
vt 0.276850 0.391303
vt 0.267646 0.391303
vt 0.271188 0.394675
vt 0.271188 0.391303
vt 0.267646 0.390330
vt 0.278709 0.387240
vt 0.277822 0.390330
vt 0.270020 0.383133
vt 0.271188 0.388947
vt 0.267646 0.388947
vt 0.267646 0.387240
vt 0.271188 0.387240
vt 0.254145 0.436636
vt 0.259988 0.436636
vt 0.254145 0.440178
vt 0.279141 0.388947
vt 0.272866 0.381904
vt 0.259988 0.440178
vt 0.261695 0.436636
vt 0.271158 0.381957
vt 0.261666 0.381957
vt 0.265207 0.381957
vt 0.265207 0.383133
vt 0.261695 0.440178
vt 0.261666 0.383133
vt 0.262834 0.383133
vt 0.259988 0.381904
vt 0.261695 0.381957
vt 0.254145 0.387240
vt 0.256004 0.391303
vt 0.265600 0.387348
vt 0.265207 0.387348
vt 0.261666 0.387348
vt 0.262762 0.394892
vt 0.264079 0.394346
vt 0.265397 0.394892
vt 0.265207 0.395129
vt 0.261666 0.395129
vt 0.269318 0.395129
vt 0.267457 0.436636
vt 0.268775 0.440178
vt 0.267457 0.440178
vt 0.267646 0.394892
vt 0.271188 0.394892
vt 0.271188 0.396209
vt 0.265942 0.396209
vt 0.267646 0.396209
vt 0.267872 0.400517
vt 0.266554 0.399971
vt 0.265397 0.397527
vt 0.271188 0.397527
vt 0.266300 0.399971
vt 0.266911 0.396209
vt 0.267457 0.397527
vt 0.264982 0.400517
vt 0.263536 0.395129
vt 0.267646 0.397527
vt 0.267457 0.394892
vt 0.265397 0.436636
vt 0.265397 0.440178
vt 0.264870 0.436636
vt 0.267053 0.400283
vt 0.267984 0.397745
vt 0.267046 0.440178
vt 0.266300 0.436636
vt 0.267053 0.436636
vt 0.267617 0.400517
vt 0.267617 0.440178
vt 0.267617 0.436636
vt 0.266300 0.440178
vt 0.265808 0.400280
vt 0.264870 0.397745
vt 0.265237 0.400517
vt 0.264870 0.440178
vt 0.264079 0.440178
vt 0.264079 0.398073
vt 0.264691 0.401834
vt 0.262762 0.397527
vt 0.265207 0.401834
vt 0.261666 0.401834
vt 0.265207 0.400517
vt 0.261666 0.400517
vt 0.262578 0.404647
vt 0.264812 0.402127
vt 0.264982 0.436636
vt 0.264436 0.401834
vt 0.271188 0.401834
vt 0.267646 0.401834
vt 0.267646 0.400517
vt 0.264982 0.440178
vt 0.271188 0.400517
vt 0.268417 0.401834
vt 0.273706 0.406822
vt 0.271188 0.403152
vt 0.267872 0.403152
vt 0.266554 0.403698
vt 0.266164 0.415105
vt 0.275889 0.414149
vt 0.261666 0.414149
vt 0.261666 0.406822
vt 0.265207 0.414149
vt 0.265207 0.406822
vt 0.267872 0.436636
vt 0.267872 0.440178
vt 0.266554 0.440178
vt 0.265237 0.403152
vt 0.267646 0.403152
vt 0.264982 0.403152
vt 0.259148 0.406822
vt 0.256965 0.414149
vt 0.255236 0.423249
vt 0.265207 0.423249
vt 0.263889 0.427131
vt 0.253825 0.435910
vt 0.265207 0.435910
vt 0.261666 0.423249
vt 0.271188 0.427131
vt 0.271188 0.439680
vt 0.267646 0.427131
vt 0.262357 0.439680
vt 0.267646 0.439680
vt 0.279141 0.447003
vt 0.270496 0.439680
vt 0.279029 0.435910
vt 0.270945 0.448607
vt 0.271188 0.448607
vt 0.268965 0.427131
vt 0.261666 0.447003
vt 0.261666 0.435910
vt 0.265207 0.447003
vt 0.277618 0.423249
vt 0.254796 0.460486
vt 0.253713 0.447003
vt 0.256171 0.454415
vt 0.265207 0.460486
vt 0.256717 0.453097
vt 0.258034 0.452552
vt 0.261909 0.448607
vt 0.258034 0.436636
vt 0.258034 0.440178
vt 0.256717 0.436636
vt 0.259352 0.440178
vt 0.259352 0.436636
vt 0.259352 0.453097
vt 0.265207 0.453097
vt 0.261666 0.454415
vt 0.261666 0.453097
vt 0.265207 0.454415
vt 0.259897 0.454415
vt 0.262283 0.458803
vt 0.259352 0.455732
vt 0.265207 0.455732
vt 0.261666 0.455732
vt 0.267646 0.468887
vt 0.267646 0.458803
vt 0.271188 0.468887
vt 0.271188 0.458803
vt 0.267646 0.448607
vt 0.263478 0.468887
vt 0.260027 0.461807
vt 0.260027 0.459172
vt 0.260263 0.459743
vt 0.260572 0.460490
vt 0.272827 0.440178
vt 0.272827 0.436636
vt 0.274145 0.436636
vt 0.257709 0.467993
vt 0.258709 0.462353
vt 0.265207 0.461807
vt 0.261666 0.461807
vt 0.265207 0.460490
vt 0.275145 0.467993
vt 0.272827 0.461807
vt 0.274145 0.462353
vt 0.269376 0.468887
vt 0.261666 0.460490
vt 0.270571 0.458803
vt 0.272281 0.460490
vt 0.274145 0.440178
vt 0.275462 0.436636
vt 0.275462 0.440178
vt 0.275462 0.461807
vt 0.276601 0.462727
vt 0.256253 0.462727
vt 0.256846 0.460490
vt 0.257392 0.461807
vt 0.271188 0.461807
vt 0.267646 0.461807
vt 0.267646 0.460490
vt 0.265207 0.462727
vt 0.265207 0.467993
vt 0.261666 0.462727
vt 0.261666 0.460486
vt 0.278058 0.460486
vt 0.276683 0.454415
vt 0.276137 0.455732
vt 0.275462 0.459172
vt 0.276008 0.460490
vt 0.276137 0.453097
vt 0.267646 0.453097
vt 0.271188 0.453097
vt 0.271188 0.454415
vt 0.267646 0.454415
vt 0.271188 0.455732
vt 0.256717 0.440178
vt 0.274820 0.452552
vt 0.257733 0.436636
vt 0.257392 0.440178
vt 0.257392 0.436636
vt 0.267646 0.459172
vt 0.271188 0.459172
vt 0.271188 0.460490
vt 0.274820 0.456278
vt 0.274716 0.458863
vt 0.258138 0.440178
vt 0.274820 0.440178
vt 0.274820 0.436636
vt 0.276137 0.436636
vt 0.274249 0.440178
vt 0.274145 0.458627
vt 0.274249 0.456042
vt 0.276137 0.440178
vt 0.267646 0.455732
vt 0.256717 0.455732
vt 0.258034 0.456278
vt 0.257392 0.459172
vt 0.273502 0.455732
vt 0.272827 0.459172
vt 0.258709 0.436636
vt 0.260027 0.440178
vt 0.258709 0.440178
vt 0.258709 0.458627
vt 0.260027 0.436636
vt 0.257733 0.459031
vt 0.258995 0.455880
vt 0.273858 0.436636
vt 0.273502 0.440178
vt 0.273502 0.436636
vt 0.272570 0.459794
vt 0.261666 0.459172
vt 0.265207 0.459743
vt 0.261666 0.459794
vt 0.265207 0.459172
vt 0.261666 0.467993
vt 0.274846 0.475463
vt 0.261666 0.475463
vt 0.265207 0.475463
vt 0.258008 0.475463
vt 0.264163 0.477260
vt 0.257074 0.479073
vt 0.265207 0.479073
vt 0.271188 0.479073
vt 0.267646 0.477260
vt 0.271188 0.477260
vt 0.267646 0.479073
vt 0.264679 0.479073
vt 0.268691 0.477260
vt 0.275780 0.479073
vt 0.268175 0.479073
vt 0.277471 0.483155
vt 0.261666 0.479073
vt 0.265207 0.483155
vt 0.261666 0.483155
vt 0.255383 0.483155
vt 0.257074 0.487238
vt 0.265207 0.487238
vt 0.261157 0.488929
vt 0.261157 0.436636
vt 0.257074 0.440178
vt 0.257074 0.436636
vt 0.261666 0.487238
vt 0.275780 0.487238
vt 0.261157 0.440178
vt 0.271697 0.488929
vt 0.265239 0.436636
vt 0.265239 0.440178
vt 0.267615 0.487238
vt 0.267646 0.483155
vt 0.271188 0.487238
vt 0.267646 0.487238
vt 0.265924 0.483155
vt 0.271188 0.483155
vt 0.265239 0.487238
vt 0.266930 0.483155
vt 0.272956 0.454415
vt 0.273502 0.453097
vt 0.278903 0.389920
vt 0.271188 0.389920
vt 0.267646 0.389920
vt 0.253713 0.388947
vt 0.255031 0.390330
vt 0.253951 0.389920
vt 0.278903 0.436636
vt 0.278903 0.440178
vt 0.277823 0.440178
vt 0.277822 0.436636
vt 0.276850 0.440178
vt 0.258208 0.394675
vt 0.262216 0.396209
vt 0.261666 0.448607
vt 0.261666 0.439680
vt 0.265208 0.448607
vt 0.265208 0.458803
vt 0.265208 0.439680
vt 0.265208 0.427131
vt 0.261666 0.427131
vt 0.261666 0.415105
vt 0.261666 0.404647
vt 0.265208 0.415105
vt 0.271188 0.406822
vt 0.271188 0.414149
vt 0.267646 0.406822
vt 0.271188 0.395129
vt 0.267646 0.395129
vt 0.265208 0.403152
vt 0.265208 0.401834
vt 0.265208 0.400517
vt 0.266300 0.430655
vt 0.266300 0.434197
vt 0.264982 0.430655
vt 0.264982 0.434197
vt 0.265208 0.394892
vt 0.265208 0.396209
vt 0.265208 0.397527
vt 0.265397 0.430655
vt 0.265397 0.434197
vt 0.264870 0.430655
vt 0.267046 0.434197
vt 0.267053 0.430655
vt 0.267617 0.434197
vt 0.267617 0.430655
vt 0.264079 0.430655
vt 0.264079 0.434197
vt 0.262762 0.434197
vt 0.262762 0.430655
vt 0.261666 0.394675
vt 0.261666 0.391303
vt 0.265208 0.394675
vt 0.265208 0.404647
vt 0.270092 0.430655
vt 0.270092 0.434197
vt 0.268775 0.430655
vt 0.271188 0.383133
vt 0.271188 0.387348
vt 0.267646 0.383133
vt 0.267646 0.387348
vt 0.267646 0.381957
vt 0.259988 0.434197
vt 0.259988 0.430655
vt 0.261695 0.430655
vt 0.254145 0.434197
vt 0.261695 0.434197
vt 0.271188 0.381957
vt 0.254145 0.430655
vt 0.261666 0.387240
vt 0.265208 0.387240
vt 0.265208 0.388947
vt 0.261666 0.388947
vt 0.277823 0.390330
vt 0.277822 0.434197
vt 0.276850 0.430655
vt 0.277823 0.430655
vt 0.278903 0.434197
vt 0.278903 0.430655
vt 0.265208 0.389920
vt 0.261666 0.389920
vt 0.265208 0.390330
vt 0.265208 0.391303
vt 0.268775 0.434197
vt 0.267457 0.430655
vt 0.267457 0.434197
vt 0.267646 0.402127
vt 0.265237 0.434197
vt 0.265237 0.430655
vt 0.266554 0.430655
vt 0.266554 0.434197
vt 0.271188 0.402127
vt 0.267872 0.430655
vt 0.267872 0.434197
vt 0.264870 0.434197
vt 0.267646 0.414149
vt 0.271188 0.423249
vt 0.267646 0.423249
vt 0.267646 0.435910
vt 0.271188 0.435910
vt 0.271188 0.447003
vt 0.267646 0.460486
vt 0.267646 0.447003
vt 0.271188 0.460486
vt 0.265208 0.454415
vt 0.258034 0.430655
vt 0.258034 0.434197
vt 0.256717 0.430655
vt 0.265208 0.453097
vt 0.256717 0.434197
vt 0.265208 0.455732
vt 0.276137 0.430655
vt 0.276137 0.434197
vt 0.274820 0.434197
vt 0.274820 0.430655
vt 0.265208 0.459172
vt 0.265208 0.460490
vt 0.257733 0.430655
vt 0.257392 0.434197
vt 0.257392 0.430655
vt 0.265208 0.461807
vt 0.267646 0.462727
vt 0.271188 0.462727
vt 0.271188 0.467993
vt 0.267646 0.467993
vt 0.267646 0.475463
vt 0.271188 0.475463
vt 0.272827 0.434197
vt 0.272827 0.430655
vt 0.274145 0.430655
vt 0.274145 0.434197
vt 0.275462 0.430655
vt 0.275462 0.434197
vt 0.267646 0.459794
vt 0.271188 0.459743
vt 0.261666 0.468887
vt 0.261666 0.458803
vt 0.265208 0.468887
vt 0.273502 0.434197
vt 0.273502 0.430655
vt 0.273858 0.430655
vt 0.258709 0.430655
vt 0.260027 0.434197
vt 0.258709 0.434197
vt 0.258138 0.434197
vt 0.260027 0.430655
vt 0.274249 0.434197
vt 0.261666 0.477260
vt 0.265208 0.477260
vt 0.265208 0.479073
vt 0.261157 0.430655
vt 0.257074 0.434197
vt 0.257074 0.430655
vt 0.261157 0.434197
vt 0.265239 0.430655
vt 0.265208 0.487238
vt 0.265239 0.434197
vt 0.265208 0.483155
vt 0.259352 0.430655
vt 0.259352 0.434197
s 0
usemtl Meshpart7Mtl
f 27/1/1 102/2/2 88/3/2
f 102/2/2 27/1/1 1/4/1
f 1/4/1 27/1/1 26/5/3
f 103/6/4 1/4/1 26/5/5
f 103/6/6 26/5/5 23/7/6
f 28/8/7 103/6/7 23/7/7
f 103/6/6 28/8/6 105/9/8
f 31/10/9 105/9/8 28/8/4
f 7/11/10 105/9/8 31/10/9
f 32/12/10 7/11/10 31/10/9
f 7/11/10 32/12/11 9/13/10
f 32/12/12 10/14/12 9/13/12
f 32/12/13 58/15/14 10/14/13
f 2/16/15 22/17/16 3/18/16
f 22/17/17 2/16/18 4/19/18
f 106/20/19 4/19/18 2/16/18
f 4/19/20 106/20/19 5/21/19
f 107/22/21 5/21/22 106/20/22
f 5/21/22 107/22/23 6/23/23
f 7/24/24 6/23/25 107/22/25
f 7/24/24 8/25/26 56/26/24
f 6/23/25 7/24/24 56/26/24
f 8/25/27 7/24/24 9/27/27
f 10/28/28 8/25/26 9/27/26
f 8/25/29 10/28/28 57/29/28
f 57/29/28 10/28/28 58/30/30
f 99/31/31 11/32/31 12/33/32
f 99/31/33 13/34/34 11/32/33
f 96/35/35 99/31/31 12/33/35
f 12/33/36 46/36/37 96/35/36
f 95/37/38 96/35/36 46/36/37
f 46/36/39 45/38/40 95/37/39
f 108/39/40 95/37/39 45/38/40
f 71/40/41 108/39/42 74/41/41
f 108/39/42 45/38/42 74/41/43
f 13/34/34 49/42/34 11/32/33
f 13/34/44 14/43/45 49/42/44
f 13/34/44 15/44/45 14/43/45
f 16/45/46 14/43/45 15/44/45
f 14/43/45 16/45/46 51/46/46
f 17/47/47 51/46/46 16/45/46
f 51/46/46 17/47/47 18/48/47
f 19/49/48 18/48/47 17/47/47
f 18/48/47 19/49/48 20/50/48
f 104/51/49 20/50/48 19/49/48
f 20/50/48 104/51/49 21/52/49
f 3/18/50 21/52/51 104/51/51
f 21/52/49 3/18/52 22/17/52
f 55/53/53 24/54/53 28/55/53
f 23/56/53 28/55/53 24/54/53
f 24/54/54 25/57/54 23/56/54
f 26/58/55 23/56/55 25/57/55
f 25/57/56 69/59/56 26/58/56
f 27/60/56 26/58/56 69/59/56
f 30/61/57 55/53/58 31/62/57
f 28/55/58 31/62/58 55/53/58
f 29/63/59 30/61/60 32/64/59
f 31/62/59 32/64/59 30/61/59
f 58/30/61 29/63/61 32/64/61
f 61/65/62 33/66/62 35/67/62
f 33/66/62 61/65/62 62/68/62
f 89/69/63 41/70/63 91/71/63
f 41/70/63 89/69/63 34/72/63
f 35/67/64 34/72/65 89/69/65
f 34/72/64 35/67/65 33/66/65
f 91/71/66 67/73/66 93/74/66
f 67/73/66 91/71/66 41/70/66
f 24/75/67 85/76/68 36/77/69
f 36/77/69 25/78/70 24/75/71
f 25/78/72 36/77/69 87/79/73
f 85/76/68 24/75/71 55/80/74
f 55/80/74 86/81/75 85/76/68
f 30/82/76 37/83/77 86/81/75
f 86/81/75 55/80/74 30/82/78
f 30/82/76 38/84/79 37/83/80
f 38/84/79 30/82/76 29/85/81
f 39/86/82 38/84/79 29/85/83
f 58/87/84 39/86/82 29/85/81
f 25/78/72 87/79/73 69/88/85
f 69/88/86 87/79/73 63/89/87
f 40/90/88 69/88/89 63/89/90
f 69/88/91 40/90/92 68/91/93
f 82/92/94 34/93/94 81/94/94
f 41/95/94 34/93/94 82/92/94
f 84/96/94 41/95/94 82/92/94
f 60/97/94 67/98/94 84/96/94
f 84/96/94 67/98/94 41/95/94
f 76/99/94 67/98/94 60/97/94
f 60/97/94 75/100/94 76/99/94
f 76/99/94 46/101/94 67/98/94
f 44/102/94 76/99/94 42/103/94
f 76/99/94 43/104/94 42/103/94
f 44/102/94 45/105/94 76/99/94
f 46/101/94 76/99/94 45/105/94
f 67/98/94 46/101/94 12/106/94
f 12/106/94 66/107/94 67/98/94
f 12/106/95 47/108/94 66/107/94
f 11/109/94 47/108/94 12/106/94
f 47/108/94 11/109/94 48/110/94
f 48/110/94 11/109/94 68/91/94
f 49/111/94 68/91/94 11/109/94
f 68/91/94 49/111/94 50/112/94
f 50/112/96 49/111/96 14/113/96
f 50/112/94 14/113/94 54/114/94
f 51/115/96 54/114/96 14/113/96
f 18/116/96 54/114/96 51/115/96
f 54/114/96 18/116/96 52/117/96
f 52/117/96 18/116/96 20/118/96
f 21/119/94 52/117/94 20/118/94
f 22/120/96 52/117/96 21/119/96
f 52/117/97 22/120/97 4/121/97
f 52/117/96 4/121/96 53/122/96
f 53/122/97 4/121/97 5/123/98
f 6/124/97 53/122/97 5/123/97
f 56/125/94 53/122/94 6/124/94
f 48/110/99 68/91/99 64/126/99
f 64/126/100 68/91/101 40/90/101
f 64/126/96 40/90/94 63/89/94
f 45/105/94 44/102/94 74/127/94
f 33/128/94 81/94/94 34/93/94
f 81/94/94 33/128/94 80/129/94
f 62/130/94 80/129/94 33/128/94
f 80/129/94 62/130/94 77/131/94
f 50/112/102 69/88/103 68/91/102
f 69/88/103 50/112/102 54/114/103
f 54/114/103 25/78/104 69/88/103
f 54/114/103 52/117/105 25/78/106
f 52/117/107 24/75/107 25/78/104
f 52/117/108 55/80/108 24/75/105
f 55/80/105 52/117/105 53/122/109
f 53/122/109 30/82/110 55/80/105
f 56/125/111 30/82/112 53/122/109
f 30/82/112 56/125/111 29/85/111
f 29/85/111 56/125/111 8/132/113
f 57/133/114 29/85/114 8/132/114
f 58/87/115 29/85/115 57/133/114
f 94/134/116 73/135/116 76/136/116
f 73/135/116 43/137/116 76/136/117
f 59/138/118 84/139/119 83/140/119
f 84/139/120 59/138/119 60/141/119
f 92/142/121 62/143/121 61/144/121
f 62/143/121 92/142/121 77/145/121
f 63/146/122 65/147/123 64/148/123
f 100/149/124 64/148/125 65/147/125
f 64/148/125 100/149/124 48/150/124
f 98/151/126 48/150/127 100/149/127
f 48/150/127 98/151/126 47/152/128
f 97/153/129 47/152/130 98/151/131
f 47/152/130 97/153/129 66/154/132
f 93/155/133 66/154/134 97/153/134
f 66/154/134 93/155/133 67/156/133
f 68/157/135 27/158/136 88/159/135
f 27/158/135 68/157/135 69/60/135
f 59/138/137 75/160/137 60/141/137
f 59/138/138 70/161/138 75/160/138
f 109/162/139 44/163/139 42/164/140
f 109/162/141 71/165/142 44/163/141
f 72/166/140 109/162/139 42/164/140
f 72/166/143 42/164/143 43/167/144
f 73/168/144 72/166/143 43/167/144
f 71/165/142 74/169/142 44/163/141
f 70/170/145 94/171/146 75/172/145
f 94/171/145 76/173/145 75/172/145
f 79/174/147 77/175/148 92/176/148
f 77/175/149 79/174/149 80/177/149
f 78/178/150 80/177/151 79/174/151
f 80/177/151 78/178/150 81/179/150
f 90/180/152 81/179/153 78/178/153
f 81/179/154 90/180/155 82/181/155
f 83/182/156 82/181/157 90/180/157
f 82/181/157 83/182/156 84/183/156
f 36/184/158 85/185/159 23/7/160
f 23/7/161 26/5/162 36/184/158
f 28/8/163 23/7/161 85/185/159
f 31/10/164 28/8/163 86/186/165
f 85/185/159 86/186/165 28/8/163
f 31/10/166 86/186/165 37/187/167
f 38/188/168 31/10/164 37/187/169
f 31/10/164 38/188/168 32/12/170
f 58/15/171 32/12/170 39/189/172
f 32/12/173 38/188/168 39/189/172
f 87/190/174 36/184/158 26/5/175
f 87/190/174 26/5/176 27/1/177
f 63/191/178 87/190/174 27/1/177
f 63/191/179 27/1/180 101/192/181
f 101/192/182 27/1/183 88/3/184
f 78/193/185 89/194/185 90/195/185
f 89/194/185 91/196/185 90/195/185
f 89/194/185 78/193/185 35/197/185
f 35/197/185 79/198/185 61/199/185
f 79/198/185 35/197/185 78/193/185
f 61/199/185 79/198/185 92/200/185
f 83/201/185 90/195/185 91/196/185
f 93/202/185 83/201/185 91/196/185
f 59/203/185 93/202/185 94/204/185
f 93/202/185 59/203/185 83/201/185
f 94/204/185 93/202/185 95/205/185
f 96/206/185 95/205/185 93/202/185
f 97/207/185 96/206/185 93/202/185
f 98/208/185 96/206/185 97/207/185
f 96/206/186 98/208/185 99/209/185
f 99/209/185 98/208/185 100/210/185
f 100/210/185 88/3/185 99/209/185
f 65/211/187 88/3/187 100/210/187
f 88/3/188 65/211/189 101/192/188
f 65/211/185 63/191/185 101/192/185
f 13/212/185 88/3/185 102/2/185
f 99/209/185 88/3/185 13/212/185
f 1/4/185 15/213/185 102/2/185
f 13/212/190 102/2/190 15/213/190
f 15/213/190 1/4/190 16/214/190
f 1/4/190 17/215/190 16/214/190
f 17/215/190 1/4/190 103/6/190
f 17/215/190 103/6/190 19/216/190
f 103/6/185 104/217/185 19/216/185
f 103/6/190 3/218/190 104/217/190
f 3/218/191 103/6/191 2/219/191
f 105/9/190 2/219/190 103/6/190
f 2/219/192 105/9/192 106/220/191
f 106/220/191 105/9/191 107/221/191
f 105/9/185 7/11/193 107/221/193
f 94/204/185 95/205/185 108/222/185
f 109/223/185 108/222/185 71/224/185
f 109/223/185 94/204/185 108/222/185
f 94/204/185 109/223/185 72/225/185
f 94/204/185 72/225/185 73/226/185
f 94/204/185 70/227/185 59/203/185
usemtl Meshpart1Mtl
f 113/228/194 110/229/195 111/230/194
f 110/229/196 112/231/196 111/230/194
f 110/229/196 115/232/197 112/231/196
f 113/233/198 114/234/198 110/235/198
f 117/236/198 110/235/198 114/234/198
f 115/232/199 110/229/196 116/237/199
f 117/236/198 116/238/198 110/235/198
f 116/238/198 117/236/198 119/239/198
f 118/240/200 117/241/201 114/242/200
f 117/241/201 118/240/200 120/243/201
f 120/243/201 119/244/202 117/241/201
f 119/244/202 120/243/201 121/245/202
f 118/246/203 112/247/203 120/248/203
f 120/248/203 115/249/203 121/250/203
f 115/249/203 120/248/203 112/247/203
f 121/250/203 115/249/203 122/251/203
f 121/245/204 123/252/205 119/244/204
f 123/252/205 121/245/206 122/253/205
f 122/254/207 124/255/208 123/256/207
f 116/238/198 119/239/198 123/257/198
f 116/238/198 123/257/198 124/258/198
f 124/255/208 122/254/209 125/259/208
f 124/258/198 127/260/198 116/238/198
f 124/255/210 125/259/210 126/261/211
f 127/260/198 124/258/198 126/262/198
f 126/263/212 128/264/212 127/265/213
f 129/266/214 116/237/197 127/265/214
f 127/265/215 128/264/216 129/266/215
f 125/267/203 129/268/203 128/269/203
f 116/237/197 129/266/217 115/232/197
f 125/267/203 115/249/203 129/268/203
f 126/261/216 125/259/218 128/270/216
f 122/251/203 115/249/203 125/267/203
f 114/242/219 130/271/220 118/240/219
f 112/247/203 118/246/203 111/272/203
f 111/272/203 118/246/203 130/273/203
f 130/273/203 133/274/203 111/272/203
f 131/275/220 130/271/220 114/242/219
f 131/275/220 132/276/221 130/271/220
f 133/274/203 130/273/203 132/277/203
f 113/228/194 111/230/194 133/278/222
f 133/274/203 132/277/203 134/279/203
f 134/279/203 135/280/203 133/274/203
f 137/281/223 133/278/224 135/282/223
f 136/283/222 113/228/194 133/278/222
f 133/278/225 137/281/226 136/283/225
f 138/284/198 137/285/198 139/286/198
f 138/284/198 136/287/198 137/285/198
f 135/282/227 139/288/228 137/281/227
f 139/289/229 140/290/229 138/291/230
f 139/288/228 135/282/227 140/292/228
f 135/280/203 134/279/203 140/293/203
f 138/291/230 140/290/231 134/294/230
f 134/294/232 141/295/233 138/291/232
f 141/296/198 136/287/198 138/284/198
f 141/297/234 132/276/234 131/275/220
f 141/295/233 134/294/235 132/298/233
f 131/299/198 136/287/198 141/296/198
f 136/287/198 131/299/198 113/233/198
f 114/234/198 113/233/198 131/299/198
f 142/300/194 143/301/194 145/302/222
f 142/300/194 144/303/195 143/301/194
f 142/233/198 147/234/198 144/235/198
f 146/304/236 142/300/194 145/302/222
f 146/287/198 148/299/198 142/233/198
f 147/234/198 142/233/198 148/299/198
f 148/299/198 146/287/198 151/296/198
f 148/305/220 149/306/220 147/307/200
f 148/305/220 150/308/221 149/306/220
f 151/309/221 150/308/221 148/305/220
f 151/310/233 152/311/235 150/312/233
f 152/311/235 151/310/237 153/313/235
f 151/296/198 146/287/198 153/284/198
f 153/284/198 146/287/198 155/285/198
f 153/313/230 156/314/229 152/311/230
f 154/315/229 156/314/229 153/313/230
f 153/284/198 155/285/198 154/286/198
f 154/316/228 157/317/238 156/318/228
f 157/280/203 152/279/203 156/293/203
f 155/319/239 145/302/224 157/317/239
f 157/317/238 154/316/228 155/319/238
f 152/279/203 157/280/203 145/274/203
f 145/302/224 155/319/226 146/304/224
f 145/274/203 150/277/203 152/279/203
f 145/274/203 149/273/203 150/277/203
f 147/307/219 149/306/220 158/320/219
f 143/272/203 158/246/203 149/273/203
f 149/273/203 145/274/203 143/272/203
f 158/320/200 159/321/201 147/307/200
f 159/321/201 158/320/200 160/322/201
f 158/246/203 161/247/203 160/248/203
f 161/247/203 158/246/203 143/272/203
f 144/303/196 162/323/197 161/324/196
f 162/249/203 160/248/203 161/247/203
f 144/303/196 161/324/196 143/301/194
f 163/325/197 164/326/214 162/323/197
f 162/323/199 144/303/196 163/325/199
f 167/267/203 162/249/203 164/268/203
f 160/248/203 162/249/203 165/250/203
f 165/250/203 162/249/203 166/251/203
f 166/251/203 162/249/203 167/267/203
f 167/327/210 169/328/211 168/329/210
f 168/329/208 166/330/240 167/327/208
f 169/328/216 167/327/218 170/331/216
f 167/267/203 164/268/203 170/269/203
f 170/332/212 171/333/215 169/334/212
f 171/333/215 170/332/216 164/326/215
f 168/258/198 171/260/198 163/238/198
f 171/333/214 164/326/214 163/325/197
f 171/260/198 168/258/198 169/262/198
f 163/238/198 172/257/198 168/258/198
f 172/335/207 166/330/207 168/329/241
f 163/238/198 173/239/198 172/257/198
f 173/336/204 165/337/204 172/338/205
f 172/338/205 165/337/204 166/339/205
f 163/238/198 159/236/198 173/239/198
f 160/322/201 173/336/202 159/321/201
f 173/336/202 160/322/201 165/337/202
f 159/236/198 163/238/198 144/235/198
f 159/236/198 144/235/198 147/234/198
f 175/340/242 177/341/243 174/342/243
f 174/343/203 176/344/203 175/345/203
f 176/344/203 174/343/203 179/346/203
f 178/347/66 174/348/244 177/349/244
f 174/348/244 178/347/66 180/350/66
f 179/346/203 174/343/203 180/351/203
f 180/350/66 181/352/245 179/353/245
f 181/352/245 180/350/66 178/347/66
f 182/354/246 179/355/247 181/356/248
f 177/357/198 182/358/198 181/359/198
f 177/357/198 181/359/198 178/360/198
f 179/355/249 182/354/250 176/361/251
f 185/362/252 176/361/253 182/354/254
f 182/358/198 183/363/198 185/364/198
f 182/358/198 184/365/198 183/363/198
f 182/358/198 177/357/198 184/365/198
f 189/366/198 185/364/198 183/363/198
f 176/361/253 185/362/252 186/367/252
f 185/362/252 187/368/255 186/367/252
f 185/362/252 188/369/255 187/368/255
f 185/364/198 189/366/198 188/370/198
f 188/370/198 189/366/198 190/371/198
f 191/372/198 190/371/198 189/366/198
f 191/373/256 189/374/26 193/375/256
f 189/374/26 183/376/257 192/377/26
f 192/377/26 193/375/256 189/374/26
f 192/378/203 196/379/203 193/380/203
f 193/375/256 194/381/258 191/373/256
f 195/382/203 194/383/203 193/380/203
f 195/382/203 193/380/203 196/379/203
f 196/384/259 187/368/255 190/385/259
f 196/379/203 192/378/203 187/386/203
f 190/385/259 197/387/260 196/384/259
f 195/388/260 196/384/259 197/387/260
f 190/371/198 191/372/198 197/389/198
f 197/389/198 191/372/198 201/390/198
f 195/388/261 197/387/262 198/391/263
f 197/389/198 199/392/198 198/393/198
f 197/389/198 200/394/198 199/392/198
f 200/394/198 197/389/198 201/390/198
f 202/395/264 200/396/264 201/397/265
f 201/397/265 194/381/265 202/395/264
f 201/397/258 191/373/256 194/381/258
f 194/383/203 195/382/203 202/398/203
f 202/398/203 195/382/203 203/399/203
f 200/400/266 202/401/267 203/402/268
f 199/403/269 203/402/270 204/404/271
f 203/399/203 195/382/203 204/405/203
f 203/402/268 199/403/268 200/400/266
f 204/404/271 198/406/271 199/403/272
f 198/391/263 204/407/273 195/388/261
f 205/408/203 186/409/203 192/378/203
f 205/410/257 192/377/26 183/376/257
f 187/386/203 192/378/203 186/409/203
f 175/345/203 176/344/203 205/408/203
f 175/340/274 205/410/257 184/411/274
f 183/376/257 184/411/274 205/410/257
f 205/408/203 176/344/203 186/409/203
f 188/369/255 190/385/259 187/368/255
f 177/341/275 175/340/242 184/411/242
f 207/354/242 209/355/243 206/356/243
f 206/343/203 208/344/203 207/345/203
f 208/344/203 206/343/203 211/346/203
f 210/412/66 206/413/244 209/414/244
f 206/413/244 210/412/66 212/415/66
f 211/346/203 206/343/203 212/351/203
f 212/415/66 213/416/245 211/417/245
f 213/416/245 212/415/66 210/412/66
f 209/357/198 214/358/198 213/359/198
f 214/340/246 211/341/247 213/342/247
f 209/357/198 213/359/198 210/360/198
f 211/341/249 214/340/250 208/411/251
f 215/418/252 208/411/253 214/340/253
f 214/358/198 216/363/198 215/364/198
f 214/358/198 217/365/198 216/363/198
f 214/358/198 209/357/198 217/365/198
f 216/419/257 217/361/274 218/420/257
f 209/355/275 207/354/242 217/361/276
f 207/354/277 218/420/257 217/361/274
f 218/420/257 219/421/26 216/419/257
f 218/408/203 220/409/203 219/378/203
f 218/408/203 208/344/203 220/409/203
f 207/345/203 208/344/203 218/408/203
f 208/411/253 215/418/252 220/422/252
f 215/418/252 221/423/255 220/422/252
f 221/386/203 219/378/203 220/409/203
f 222/379/203 219/378/203 221/386/203
f 222/424/259 221/423/255 223/425/259
f 224/426/255 223/425/259 221/423/255
f 215/418/252 224/426/255 221/423/255
f 224/370/198 225/366/198 223/371/198
f 215/364/198 225/366/198 224/370/198
f 219/421/26 227/427/256 225/428/26
f 225/428/26 216/419/257 219/421/26
f 225/366/198 215/364/198 216/363/198
f 226/429/256 225/428/26 227/427/256
f 226/372/198 223/371/198 225/366/198
f 219/378/203 222/379/203 227/380/203
f 227/427/256 228/430/258 226/429/256
f 229/382/203 228/383/203 227/380/203
f 229/382/203 227/380/203 222/379/203
f 229/431/261 230/432/261 231/433/263
f 229/431/260 222/424/259 230/432/260
f 231/433/263 233/434/263 229/431/261
f 234/398/203 229/382/203 232/399/203
f 232/399/203 229/382/203 233/405/203
f 228/383/203 229/382/203 234/398/203
f 235/435/266 234/436/278 232/437/268
f 234/438/264 235/439/264 236/440/265
f 236/440/279 228/430/279 234/438/264
f 236/440/280 226/429/256 228/430/258
f 230/389/198 226/372/198 236/390/198
f 235/394/198 230/389/198 236/390/198
f 230/389/198 235/394/198 237/392/198
f 232/437/268 237/441/268 235/435/266
f 230/389/198 237/392/198 231/393/198
f 233/442/271 231/443/271 237/441/269
f 237/441/269 232/437/270 233/442/271
f 223/371/198 226/372/198 230/389/198
f 223/425/259 230/432/260 222/424/259
f 595/1024/242 597/1025/243 594/1026/243
f 594/1027/203 596/1028/203 595/1029/203
f 596/1028/203 594/1027/203 599/1030/203
f 598/1031/66 594/1032/449 597/1033/449
f 594/1032/449 598/1031/66 600/1034/66
f 599/1030/203 594/1027/203 600/1035/203
f 600/1034/66 601/1036/245 599/1037/245
f 601/1036/245 600/1034/66 598/1031/66
f 597/1038/198 602/1039/198 601/1040/198
f 602/1041/450 599/1042/247 601/1043/247
f 597/1038/198 601/1040/198 598/1044/198
f 599/1042/451 602/1041/450 596/1045/452
f 603/1046/252 596/1045/453 602/1041/453
f 602/1039/198 604/1047/198 603/1048/198
f 602/1039/198 605/1049/198 604/1047/198
f 602/1039/198 597/1038/198 605/1049/198
f 604/1050/257 605/1051/454 606/1052/257
f 597/1025/455 595/1024/242 605/1051/242
f 595/1024/454 606/1052/257 605/1051/454
f 595/1029/203 596/1028/203 606/1053/203
f 606/1052/257 607/1054/26 604/1050/257
f 606/1053/203 596/1028/203 608/1055/203
f 606/1053/203 608/1055/203 607/1056/203
f 609/1057/203 607/1056/203 608/1055/203
f 596/1045/453 603/1046/252 608/1058/252
f 603/1046/252 609/1059/255 608/1058/252
f 603/1046/252 612/1060/255 609/1059/255
f 610/1061/203 607/1056/203 609/1057/203
f 610/1062/259 609/1059/255 611/1063/259
f 612/1060/255 611/1063/259 609/1059/255
f 603/1048/198 613/1064/198 612/1065/198
f 612/1065/198 613/1064/198 611/1066/198
f 614/1067/256 613/1068/26 615/1069/256
f 614/1070/198 611/1066/198 613/1064/198
f 607/1054/26 615/1069/256 613/1068/26
f 613/1068/26 604/1050/257 607/1054/26
f 613/1064/198 603/1048/198 604/1047/198
f 615/1069/256 617/1071/456 614/1067/256
f 607/1056/203 610/1061/203 615/1072/203
f 616/1073/203 615/1072/203 610/1061/203
f 616/1073/203 617/1074/203 615/1072/203
f 619/1075/457 614/1067/256 617/1071/457
f 617/1074/203 616/1073/203 618/1076/203
f 619/1075/279 617/1071/279 618/1077/458
f 618/1077/458 620/1078/458 619/1075/279
f 620/1079/198 621/1080/198 619/1081/198
f 621/1080/198 614/1070/198 619/1081/198
f 611/1066/198 614/1070/198 621/1080/198
f 611/1063/259 621/1082/260 610/1062/259
f 616/1083/459 610/1062/259 621/1082/260
f 616/1083/261 621/1082/261 622/1084/263
f 621/1080/198 623/1085/198 622/1086/198
f 621/1080/198 620/1079/198 623/1085/198
f 624/1087/460 622/1088/460 623/1089/269
f 623/1089/269 625/1090/269 624/1087/460
f 625/1090/268 623/1089/268 620/1091/461
f 620/1091/461 618/1092/461 625/1090/268
f 618/1076/203 616/1073/203 625/1093/203
f 625/1093/203 616/1073/203 624/1094/203
f 622/1084/263 624/1095/273 616/1083/261
f 626/1038/198 627/1039/198 632/1040/198
f 627/1039/198 626/1038/198 628/1049/198
f 626/1042/455 629/1041/242 628/1045/276
f 629/1041/242 626/1042/243 631/1043/243
f 626/1038/198 632/1040/198 630/1044/198
f 630/1096/66 631/1097/449 626/1098/449
f 632/1099/245 633/1100/66 630/1096/66
f 627/1024/450 634/1025/247 632/1026/247
f 633/1100/66 632/1099/245 634/1101/245
f 634/1030/203 631/1027/203 633/1035/203
f 634/1025/247 627/1024/450 635/1051/450
f 635/1028/203 631/1027/203 634/1030/203
f 631/1027/203 635/1028/203 629/1029/203
f 638/1102/252 635/1051/453 627/1024/453
f 629/1029/203 635/1028/203 636/1053/203
f 636/1053/203 635/1028/203 637/1055/203
f 635/1051/453 638/1102/252 637/1103/252
f 638/1102/252 642/1104/255 637/1103/252
f 627/1039/198 639/1047/198 638/1048/198
f 640/1064/198 638/1048/198 639/1047/198
f 638/1048/198 640/1064/198 641/1065/198
f 638/1102/252 641/1105/255 642/1104/255
f 642/1057/203 643/1056/203 637/1055/203
f 641/1105/255 645/1106/259 642/1104/255
f 644/1061/203 643/1056/203 642/1057/203
f 644/1107/259 642/1104/255 645/1106/259
f 645/1106/259 646/1108/260 644/1107/259
f 645/1066/198 647/1070/198 646/1080/198
f 647/1070/198 645/1066/198 640/1064/198
f 641/1065/198 640/1064/198 645/1066/198
f 646/1080/198 647/1070/198 648/1081/198
f 648/1109/456 647/1110/256 650/1111/456
f 647/1110/256 640/1112/26 649/1113/256
f 649/1113/256 650/1111/456 647/1110/256
f 652/1073/203 650/1074/203 649/1072/203
f 648/1109/279 650/1111/279 651/1114/458
f 650/1074/203 652/1073/203 651/1076/203
f 652/1115/261 646/1108/462 653/1116/263
f 652/1115/260 644/1107/259 646/1108/260
f 652/1073/203 649/1072/203 644/1061/203
f 653/1116/263 655/1117/263 652/1115/261
f 651/1076/203 652/1073/203 654/1093/203
f 654/1093/203 652/1073/203 655/1094/203
f 656/1118/269 654/1119/269 655/1120/460
f 655/1120/460 653/1121/460 656/1118/269
f 646/1080/198 657/1079/198 656/1085/198
f 646/1080/198 656/1085/198 653/1086/198
f 654/1119/268 656/1118/463 657/1122/461
f 657/1079/198 646/1080/198 648/1081/198
f 651/1114/458 657/1123/458 648/1109/279
f 657/1122/461 651/1124/461 654/1119/268
f 643/1125/26 649/1113/256 640/1112/26
f 643/1056/203 644/1061/203 649/1072/203
f 636/1053/203 637/1055/203 643/1056/203
f 636/1126/257 643/1125/26 639/1127/257
f 640/1112/26 639/1127/257 643/1125/26
f 627/1039/198 628/1049/198 639/1047/198
f 639/1127/257 628/1045/454 636/1126/257
f 629/1041/454 636/1126/257 628/1045/454
f 631/1097/449 630/1096/66 633/1100/66
f 658/1128/229 662/1129/229 659/1130/464
f 659/1131/198 660/1132/198 658/1133/198
f 661/1134/238 658/1135/228 660/1136/465
f 658/1135/466 661/1134/238 662/1137/466
f 659/1130/467 662/1129/229 663/1138/467
f 661/1139/203 663/1140/203 662/1141/203
f 659/1130/235 663/1138/235 664/1142/237
f 664/1142/233 663/1138/235 665/1143/233
f 666/1144/203 665/1145/203 663/1140/203
f 663/1140/203 661/1139/203 666/1144/203
f 666/1146/224 660/1136/223 667/1147/224
f 667/1147/468 668/1148/194 666/1146/468
f 668/1148/194 670/1149/194 666/1146/468
f 660/1136/226 666/1146/469 661/1134/226
f 666/1144/203 669/1150/203 665/1145/203
f 669/1150/203 666/1144/203 670/1151/203
f 668/1148/194 671/1152/196 670/1149/194
f 671/1152/196 672/1153/196 670/1149/194
f 672/1154/203 673/1155/203 670/1151/203
f 670/1151/203 673/1155/203 669/1150/203
f 673/1156/200 675/1157/201 674/1158/200
f 674/1158/470 669/1159/220 673/1156/470
f 675/1157/201 673/1156/200 676/1160/201
f 673/1155/203 672/1154/203 676/1161/203
f 675/1157/201 676/1160/201 677/1162/471
f 677/1162/471 676/1160/201 678/1163/471
f 676/1161/203 679/1164/203 678/1165/203
f 679/1164/203 676/1161/203 672/1154/203
f 680/1166/199 681/1167/217 679/1168/199
f 680/1166/197 679/1168/197 671/1152/196
f 671/1152/196 679/1168/197 672/1153/196
f 683/1169/203 679/1164/203 681/1170/203
f 678/1165/203 679/1164/203 682/1171/203
f 682/1171/203 679/1164/203 683/1169/203
f 684/1172/472 683/1173/472 685/1174/216
f 684/1172/473 682/1175/474 683/1173/473
f 685/1174/216 683/1173/475 686/1176/216
f 683/1169/203 681/1170/203 686/1177/203
f 685/1178/212 686/1179/212 687/1180/215
f 687/1180/476 686/1179/216 681/1167/476
f 687/1181/198 684/1182/198 685/1183/198
f 684/1182/198 687/1181/198 680/1184/198
f 687/1180/214 681/1167/214 680/1166/197
f 680/1184/198 688/1185/198 684/1182/198
f 682/1175/474 684/1172/477 688/1186/474
f 680/1184/198 677/1187/198 688/1185/198
f 677/1162/478 678/1163/478 688/1188/205
f 688/1188/205 678/1163/479 682/1189/205
f 680/1184/198 675/1190/198 677/1187/198
f 675/1190/198 680/1184/198 671/1191/198
f 675/1190/198 671/1191/198 674/1192/198
f 674/1192/198 668/1193/198 689/1194/198
f 689/1195/480 669/1159/480 674/1158/470
f 668/1193/198 674/1192/198 671/1191/198
f 689/1194/198 667/1196/198 664/1197/198
f 667/1196/198 689/1194/198 668/1193/198
f 665/1198/234 689/1195/220 664/1199/234
f 689/1195/480 665/1198/234 669/1159/480
f 664/1197/198 667/1196/198 659/1131/198
f 659/1131/198 667/1196/198 660/1132/198
f 690/1200/194 691/1201/194 693/1202/468
f 690/1200/194 692/1203/196 691/1201/194
f 690/1193/198 694/1192/198 692/1191/198
f 695/1204/468 690/1200/194 693/1202/468
f 694/1192/198 690/1193/198 696/1194/198
f 695/1196/198 696/1194/198 690/1193/198
f 696/1194/198 695/1196/198 699/1197/198
f 696/1205/480 697/1206/480 694/1207/470
f 696/1205/220 698/1208/234 697/1206/220
f 698/1208/234 696/1205/220 699/1209/234
f 699/1210/233 700/1211/235 698/1212/233
f 700/1211/235 699/1210/237 701/1213/235
f 699/1197/198 695/1196/198 701/1131/198
f 701/1213/467 702/1214/229 700/1211/467
f 701/1131/198 695/1196/198 704/1132/198
f 703/1215/229 702/1214/229 701/1213/467
f 701/1131/198 704/1132/198 703/1133/198
f 704/1216/465 705/1217/465 703/1218/228
f 693/1202/224 704/1216/481 695/1204/224
f 704/1216/226 693/1202/225 705/1217/226
f 700/1140/203 705/1139/203 693/1144/203
f 703/1218/228 705/1217/238 702/1219/228
f 705/1139/203 700/1140/203 702/1141/203
f 693/1144/203 698/1145/203 700/1140/203
f 693/1144/203 697/1150/203 698/1145/203
f 694/1207/470 697/1206/220 706/1220/470
f 691/1151/203 706/1155/203 697/1150/203
f 697/1150/203 693/1144/203 691/1151/203
f 706/1220/200 707/1221/201 694/1207/200
f 707/1221/201 706/1220/200 708/1222/201
f 706/1155/203 709/1154/203 708/1161/203
f 709/1154/203 706/1155/203 691/1151/203
f 692/1203/196 710/1223/197 709/1224/196
f 710/1164/203 708/1161/203 709/1154/203
f 692/1203/196 709/1224/196 691/1201/194
f 708/1161/203 710/1164/203 711/1165/203
f 711/1165/203 710/1164/203 712/1171/203
f 712/1171/203 710/1164/203 713/1169/203
f 713/1169/203 710/1164/203 715/1170/203
f 714/1225/197 710/1223/197 692/1203/196
f 714/1225/199 715/1226/217 710/1223/199
f 713/1169/203 715/1170/203 716/1177/203
f 717/1227/476 716/1228/216 715/1226/476
f 717/1227/214 715/1226/214 714/1225/197
f 717/1181/198 718/1182/198 719/1183/198
f 718/1182/198 717/1181/198 714/1184/198
f 716/1228/212 717/1227/215 719/1229/212
f 718/1230/472 713/1231/472 719/1232/216
f 719/1232/216 713/1231/475 716/1233/216
f 718/1230/473 712/1234/474 713/1231/473
f 720/1235/474 712/1234/474 718/1230/473
f 714/1184/198 720/1185/198 718/1182/198
f 714/1184/198 721/1187/198 720/1185/198
f 721/1236/478 711/1237/478 720/1238/205
f 720/1238/205 711/1237/482 712/1239/205
f 714/1184/198 707/1190/198 721/1187/198
f 707/1221/201 708/1222/201 721/1236/471
f 721/1236/471 708/1222/201 711/1237/471
f 707/1190/198 714/1184/198 692/1191/198
f 707/1190/198 692/1191/198 694/1192/198
usemtl Meshpart2Mtl
f 239/444/281 241/445/282 238/446/282
f 238/447/198 240/448/198 239/449/198
f 238/447/198 245/450/198 240/448/198
f 242/451/283 238/452/284 241/453/284
f 238/452/284 242/451/283 243/454/283
f 244/455/198 238/447/198 243/456/198
f 238/447/198 244/455/198 245/450/198
f 240/448/198 245/450/198 249/457/198
f 245/450/198 244/455/198 246/458/198
f 246/459/285 247/460/286 245/461/286
f 248/462/287 245/463/288 247/464/288
f 245/463/288 248/462/289 249/465/289
f 249/465/290 250/466/291 240/467/292
f 250/466/291 249/465/290 248/462/293
f 241/468/203 250/469/203 247/470/203
f 247/470/203 250/469/203 248/471/203
f 250/469/203 241/468/203 251/472/203
f 251/459/294 240/460/295 250/461/295
f 241/445/296 239/444/297 251/459/298
f 240/460/299 251/459/300 239/444/300
f 247/470/203 252/473/203 241/468/203
f 252/473/203 247/470/203 253/474/203
f 247/460/286 246/459/285 253/444/301
f 253/444/302 244/445/303 252/446/303
f 244/445/304 253/444/305 246/459/306
f 252/475/307 243/454/308 242/451/308
f 243/454/308 252/475/307 244/476/307
f 241/468/203 252/473/203 242/477/203
f 254/478/309 255/479/295 259/480/295
f 255/479/295 254/478/294 256/481/310
f 257/482/311 256/481/312 254/478/312
f 254/483/203 258/484/203 257/485/203
f 258/484/203 254/483/203 260/486/203
f 259/487/203 260/486/203 254/483/203
f 260/486/203 259/487/203 261/488/203
f 260/479/286 263/478/285 258/481/285
f 261/451/289 262/452/288 260/453/288
f 263/478/313 260/479/314 262/480/314
f 256/489/198 263/490/198 262/491/198
f 264/482/303 258/481/302 263/478/302
f 263/490/198 256/489/198 264/492/198
f 258/481/305 264/482/304 265/493/315
f 264/492/198 256/489/198 267/494/198
f 266/465/316 265/466/317 264/467/317
f 264/492/198 267/494/198 266/495/198
f 267/463/318 268/462/319 266/465/319
f 256/481/312 257/482/282 267/493/282
f 268/462/320 267/463/284 257/464/321
f 265/466/317 266/465/316 268/462/316
f 257/485/203 265/496/203 268/497/203
f 257/485/203 258/484/203 265/496/203
f 262/452/288 261/451/289 269/454/322
f 256/489/198 262/491/198 255/498/198
f 255/498/198 262/491/198 269/499/198
f 269/454/290 259/475/291 255/476/291
f 259/475/291 269/454/290 261/451/290
f 563/966/309 565/967/295 562/968/295
f 562/969/203 564/970/203 563/971/203
f 562/969/203 567/972/203 564/970/203
f 566/973/438 562/974/348 565/975/348
f 562/974/348 566/973/438 568/976/438
f 567/972/203 562/969/203 568/977/203
f 567/972/203 568/977/203 569/978/203
f 570/979/342 568/976/287 566/973/439
f 568/976/440 570/979/342 569/980/342
f 566/981/198 571/982/198 570/983/198
f 571/966/313 569/967/286 570/968/286
f 571/982/198 572/984/198 573/985/198
f 571/982/198 565/986/198 572/984/198
f 565/986/198 571/982/198 566/981/198
f 573/987/304 567/988/305 571/966/305
f 569/967/286 571/966/339 567/988/339
f 572/989/441 574/990/307 573/991/307
f 567/988/302 573/987/303 574/992/303
f 574/990/307 572/989/308 564/993/308
f 564/970/203 567/972/203 574/994/203
f 575/995/324 564/993/442 572/989/442
f 572/984/198 576/996/198 575/997/198
f 572/984/198 565/986/198 576/996/198
f 576/988/281 577/987/282 575/992/282
f 577/987/296 576/988/281 563/966/443
f 565/967/299 563/966/309 576/988/444
f 563/971/203 564/970/203 577/998/203
f 564/993/442 575/995/324 577/999/324
f 579/1000/203 582/1001/203 578/1002/203
f 578/1003/445 580/1004/355 579/1005/355
f 580/1004/295 578/1003/300 581/1006/300
f 582/1007/282 581/1006/312 578/1003/312
f 581/1006/446 582/1007/311 585/1008/311
f 579/1000/203 583/1009/203 582/1001/203
f 583/1009/203 584/1010/203 582/1001/203
f 584/976/320 585/979/324 582/980/324
f 587/1011/198 585/1012/198 586/1013/198
f 585/979/324 584/976/283 586/973/447
f 587/1011/198 580/1014/198 585/1012/198
f 585/1012/198 580/1014/198 581/1015/198
f 587/1003/313 588/1004/286 591/1005/286
f 588/1004/286 587/1003/313 583/1006/313
f 589/1007/303 583/1006/302 587/1003/302
f 587/1011/198 586/1013/198 589/1016/198
f 580/1014/198 587/1011/198 590/1017/198
f 590/1017/198 587/1011/198 591/1018/198
f 591/995/288 592/993/289 590/989/289
f 592/993/289 591/995/288 588/999/288
f 583/1009/203 592/1019/203 588/1020/203
f 583/1009/203 579/1000/203 592/1019/203
f 579/1021/291 590/989/290 592/993/290
f 590/989/438 579/1021/291 580/1022/291
f 583/1006/302 589/1007/303 593/1008/448
f 586/973/316 593/974/317 589/975/317
f 584/1010/203 583/1009/203 593/1023/203
f 593/974/317 586/973/316 584/976/316
usemtl Meshpart3Mtl
f 271/500/323 270/501/311 273/502/297
f 272/503/311 270/501/311 271/500/297
f 270/504/324 272/505/324 278/506/325
f 270/507/203 275/508/203 273/509/203
f 275/508/203 270/507/203 274/510/203
f 274/510/203 270/507/203 277/511/203
f 278/506/320 276/512/320 270/504/326
f 277/511/203 270/507/203 276/513/203
f 272/514/198 279/515/198 278/516/198
f 279/515/198 281/517/198 278/516/198
f 276/512/316 278/506/316 280/518/327
f 280/519/198 278/516/198 281/517/198
f 284/520/328 281/521/329 282/522/328
f 281/521/330 283/523/331 282/522/332
f 281/521/333 279/524/334 283/523/335
f 285/525/198 281/517/198 284/526/198
f 281/517/198 285/525/198 280/519/198
f 286/527/336 280/528/336 285/529/337
f 285/529/305 287/530/305 286/527/338
f 287/530/339 285/529/339 288/531/340
f 284/526/198 288/532/198 285/525/198
f 284/526/198 289/533/198 288/532/198
f 292/534/198 288/532/198 289/533/198
f 288/532/198 292/534/198 290/535/198
f 290/536/341 291/537/342 288/538/342
f 288/531/343 291/539/343 287/530/344
f 293/540/198 296/541/198 292/534/198
f 292/542/319 294/543/345 293/544/345
f 294/543/345 292/542/346 295/545/346
f 295/545/308 292/542/308 289/546/327
f 290/535/198 292/534/198 296/541/198
f 301/547/198 296/541/198 293/540/198
f 296/548/347 297/549/348 298/550/347
f 300/551/348 297/549/348 296/548/347
f 296/548/289 298/550/289 299/552/341
f 296/548/349 299/552/341 290/536/350
f 296/541/198 301/547/198 300/553/198
f 302/554/198 304/555/198 301/547/198
f 301/556/351 303/557/351 302/558/281
f 303/559/345 301/560/345 293/544/345
f 300/553/198 301/547/198 304/555/198
f 305/561/198 272/514/198 304/555/198
f 305/562/352 304/563/353 274/564/352
f 275/565/353 274/564/352 304/563/353
f 304/563/353 306/566/354 275/565/353
f 304/555/198 302/554/198 306/567/198
f 300/553/198 304/555/198 307/568/198
f 271/569/198 307/568/198 304/555/198
f 304/555/198 272/514/198 271/569/198
f 297/570/355 307/571/356 308/572/356
f 271/500/300 308/572/356 307/571/356
f 307/571/357 297/570/355 300/573/355
f 271/500/300 273/502/300 308/572/357
f 308/574/203 273/509/203 275/508/203
f 275/508/203 297/575/203 308/574/203
f 306/567/198 309/576/198 312/577/198
f 306/567/198 310/578/198 309/576/198
f 310/578/198 306/567/198 313/579/198
f 311/580/354 275/565/353 306/566/354
f 306/566/358 312/581/359 311/580/358
f 306/567/198 302/554/198 313/579/198
f 313/582/348 314/583/348 310/584/347
f 313/585/355 315/586/294 314/587/355
f 302/558/294 315/586/294 313/585/355
f 315/588/203 275/508/203 311/589/203
f 303/590/203 275/508/203 315/588/203
f 311/589/203 314/591/203 315/588/203
f 302/558/281 303/557/351 315/586/281
f 310/584/347 314/583/348 316/592/347
f 311/589/203 316/593/203 314/591/203
f 310/584/289 316/592/289 317/594/342
f 317/594/342 316/592/289 318/595/342
f 319/596/203 318/597/203 316/593/203
f 316/593/203 311/589/203 319/596/203
f 319/596/203 282/598/203 322/599/203
f 282/522/360 319/600/361 284/520/360
f 309/601/361 284/520/360 319/600/361
f 319/600/361 320/602/362 309/601/361
f 319/596/203 321/603/203 320/604/203
f 321/603/203 319/596/203 311/589/203
f 319/596/203 322/599/203 318/597/203
f 317/605/343 318/606/343 322/607/363
f 282/598/203 323/608/203 322/599/203
f 324/609/364 322/607/364 323/610/338
f 322/607/313 324/609/313 317/605/340
f 284/526/198 309/576/198 324/611/198
f 324/611/198 289/533/198 284/526/198
f 309/576/198 317/612/198 324/611/198
f 323/610/336 289/613/336 324/609/365
f 291/614/203 323/608/203 282/598/203
f 289/546/307 323/615/307 295/545/366
f 323/608/203 291/614/203 295/616/203
f 325/617/203 320/604/203 321/603/203
f 321/618/359 311/580/358 312/581/359
f 325/619/367 321/618/359 326/620/367
f 312/581/359 326/620/367 321/618/359
f 312/577/198 328/621/198 326/622/198
f 326/620/122 327/623/368 325/619/122
f 326/622/198 329/624/198 327/625/198
f 329/624/198 326/622/198 328/621/198
f 329/626/369 328/627/370 330/628/369
f 332/629/198 327/625/198 329/624/198
f 330/628/369 331/630/50 329/626/369
f 332/631/50 329/626/369 331/630/50
f 331/630/371 333/632/372 332/631/371
f 334/633/372 332/631/371 333/632/372
f 334/634/198 327/625/198 332/629/198
f 335/635/198 334/634/198 339/636/198
f 334/634/198 335/635/198 327/625/198
f 339/636/198 334/634/198 336/637/198
f 337/638/198 336/637/198 334/634/198
f 337/639/373 334/633/372 338/640/373
f 333/632/372 338/640/374 334/633/372
f 339/641/307 340/642/307 341/643/375
f 340/644/336 339/645/336 336/646/306
f 341/643/316 335/647/316 339/641/327
f 341/648/203 342/649/203 343/650/203
f 333/651/203 342/649/203 341/648/203
f 341/648/203 343/650/203 344/652/203
f 333/651/203 341/648/203 340/653/203
f 335/647/319 341/643/319 344/654/326
f 344/654/324 345/655/324 335/647/376
f 344/656/311 346/657/377 345/658/311
f 346/657/378 344/656/311 347/659/378
f 343/650/203 347/660/203 344/652/203
f 343/650/203 349/661/203 347/660/203
f 347/659/378 348/662/297 346/657/351
f 348/662/196 347/659/379 349/663/196
f 348/662/300 349/663/300 350/664/355
f 350/664/355 349/663/300 351/665/355
f 349/661/203 352/666/203 351/667/203
f 349/661/203 343/650/203 353/668/203
f 352/666/203 349/661/203 353/668/203
f 353/669/324 354/670/324 358/671/376
f 354/672/311 353/673/311 356/674/297
f 353/668/203 357/675/203 355/676/203
f 356/674/297 353/673/311 355/677/297
f 357/675/203 353/668/203 343/650/203
f 358/671/319 352/678/319 353/669/326
f 352/678/380 358/671/380 359/679/381
f 350/680/198 359/681/198 358/682/198
f 354/683/198 348/684/198 358/682/198
f 358/682/198 348/684/198 350/680/198
f 359/679/381 360/685/381 352/678/380
f 359/679/382 361/686/307 360/685/382
f 362/687/307 361/686/307 359/679/382
f 363/688/198 362/689/198 359/681/198
f 359/681/198 350/680/198 363/688/198
f 351/690/348 363/691/383 350/692/348
f 363/691/384 351/690/385 364/693/384
f 364/693/383 365/694/386 363/691/383
f 365/695/198 362/689/198 363/688/198
f 365/695/198 368/696/198 362/689/198
f 366/697/198 368/696/198 365/695/198
f 365/694/387 367/698/387 366/699/342
f 365/694/347 364/693/383 367/698/347
f 369/700/339 368/701/339 370/702/340
f 368/701/305 369/700/305 361/703/338
f 361/703/303 362/704/303 368/701/388
f 337/638/198 370/705/198 368/696/198
f 368/696/198 366/697/198 337/638/198
f 370/706/342 371/707/289 373/708/342
f 372/709/287 371/707/287 370/706/342
f 370/705/198 374/710/198 372/711/198
f 370/702/286 373/712/286 369/700/389
f 374/710/198 370/705/198 337/638/198
f 374/713/390 337/639/374 376/714/390
f 375/715/198 379/716/198 374/710/198
f 375/717/391 374/713/392 377/718/391
f 374/713/392 376/714/392 377/718/391
f 374/710/198 379/716/198 378/719/198
f 374/710/198 378/719/198 372/711/198
f 379/720/393 380/721/393 357/722/394
f 382/723/394 379/720/393 357/722/394
f 380/724/395 379/725/395 381/726/396
f 379/716/198 383/727/198 381/728/198
f 382/729/198 378/719/198 379/716/198
f 383/727/198 379/716/198 375/715/198
f 383/727/198 375/715/198 384/730/198
f 383/731/397 384/732/398 387/733/397
f 385/734/198 381/728/198 383/727/198
f 386/735/399 385/736/399 383/737/400
f 383/737/400 387/738/400 386/735/399
f 387/739/203 380/740/203 388/741/203
f 380/740/203 387/739/203 377/742/203
f 387/739/203 388/741/203 386/743/203
f 377/742/203 387/739/203 389/744/203
f 384/732/398 389/745/398 387/733/401
f 377/742/203 389/744/203 390/746/203
f 391/747/402 390/748/403 389/745/404
f 389/745/404 384/732/404 391/747/402
f 390/749/405 391/750/405 375/717/406
f 384/730/198 375/715/198 391/751/198
f 375/717/406 377/718/406 390/749/405
f 381/726/407 388/752/396 380/724/408
f 386/743/203 388/741/203 393/753/203
f 388/752/409 381/726/409 392/754/410
f 392/754/410 393/755/410 388/752/409
f 393/756/410 392/757/411 385/736/412
f 385/736/412 386/735/413 393/756/410
f 381/728/198 385/734/198 392/758/198
f 378/719/198 382/729/198 356/759/198
f 382/729/198 354/683/198 356/759/198
f 354/683/198 382/729/198 394/760/198
f 394/761/414 382/723/394 343/762/414
f 357/722/394 343/762/414 382/723/394
f 335/635/198 394/760/198 327/625/198
f 327/623/368 394/761/414 342/763/368
f 343/762/414 342/763/368 394/761/414
f 394/760/198 335/635/198 345/764/198
f 346/765/198 394/760/198 345/764/198
f 348/684/198 394/760/198 346/765/198
f 348/684/198 354/683/198 394/760/198
f 395/766/203 380/740/203 376/767/203
f 380/740/203 377/742/203 376/767/203
f 380/740/203 395/766/203 357/675/203
f 357/675/203 395/766/203 355/676/203
f 378/768/355 355/677/309 395/769/355
f 378/770/348 395/771/348 372/709/347
f 372/709/347 395/771/348 371/707/347
f 395/766/203 376/767/203 371/772/203
f 356/674/309 355/677/309 378/768/355
f 373/773/203 376/767/203 338/774/203
f 338/640/374 376/714/390 337/639/374
f 376/767/203 373/773/203 371/772/203
f 338/774/203 369/775/203 373/773/203
f 396/776/203 369/775/203 338/774/203
f 369/775/203 396/776/203 367/777/203
f 369/775/203 367/777/203 361/778/203
f 338/774/203 397/779/203 396/776/203
f 366/699/342 367/698/387 396/780/342
f 366/781/343 396/782/343 397/783/344
f 336/646/305 397/783/305 340/644/338
f 333/651/203 340/653/203 397/779/203
f 338/774/203 333/651/203 397/779/203
f 397/783/339 336/646/339 366/781/340
f 364/784/203 361/778/203 367/777/203
f 336/637/198 337/638/198 366/697/198
f 360/785/203 364/784/203 351/667/203
f 361/778/203 364/784/203 360/785/203
f 360/785/203 351/667/203 352/666/203
f 330/786/203 342/649/203 331/787/203
f 342/649/203 330/786/203 325/617/203
f 342/649/203 333/651/203 331/787/203
f 342/763/368 325/619/122 327/623/368
f 320/604/203 325/617/203 330/786/203
f 320/602/370 330/628/369 328/627/370
f 328/621/198 312/577/198 309/576/198
f 328/627/362 309/601/361 320/602/362
f 309/576/198 310/578/198 317/612/198
f 274/564/352 399/788/415 305/562/352
f 400/789/198 305/561/198 398/790/198
f 398/791/415 305/562/352 399/788/415
f 305/561/198 279/515/198 272/514/198
f 279/515/198 305/561/198 400/789/198
f 398/790/198 401/792/198 400/789/198
f 279/524/32 400/793/416 277/794/32
f 400/793/417 401/795/372 402/796/417
f 402/796/416 277/794/32 400/793/416
f 401/795/372 403/797/372 402/796/417
f 402/798/203 274/510/203 277/511/203
f 403/799/203 399/800/203 402/798/203
f 274/510/203 402/798/203 399/800/203
f 399/800/203 403/799/203 406/801/203
f 404/802/203 406/801/203 403/799/203
f 403/797/418 405/803/297 404/804/297
f 405/803/297 403/797/372 401/795/372
f 406/805/419 398/791/420 399/788/420
f 407/806/203 406/801/203 404/802/203
f 408/807/203 406/801/203 407/806/203
f 406/801/203 408/807/203 409/808/203
f 406/801/203 409/808/203 410/809/203
f 410/810/421 411/811/422 406/805/422
f 398/791/420 406/805/419 411/811/419
f 401/792/198 398/790/198 411/812/198
f 412/813/198 411/812/198 415/814/198
f 414/815/198 411/812/198 412/813/198
f 415/814/198 411/812/198 413/816/198
f 411/811/422 410/810/423 413/817/423
f 411/812/198 405/818/198 401/792/198
f 405/818/198 411/812/198 414/815/198
f 408/819/387 415/820/342 409/821/342
f 415/820/342 408/819/387 412/822/387
f 415/823/343 410/810/421 409/824/343
f 410/810/421 415/823/343 413/817/421
f 412/822/347 407/825/348 414/826/348
f 404/804/300 414/827/355 407/828/424
f 414/827/355 404/804/300 405/803/300
f 407/825/348 412/822/347 408/819/347
f 275/508/203 303/590/203 297/575/203
f 293/544/425 294/543/425 303/559/425
f 298/829/203 303/590/203 294/830/203
f 303/590/203 298/829/203 297/575/203
f 298/829/203 295/616/203 299/831/203
f 291/537/426 290/536/341 299/552/341
f 295/616/203 291/614/203 299/831/203
f 295/616/203 298/829/203 294/830/203
f 291/614/203 282/598/203 287/832/203
f 283/833/203 287/832/203 282/598/203
f 287/832/203 283/833/203 286/834/203
f 276/513/203 286/834/203 283/833/203
f 280/518/307 286/835/307 276/512/375
f 283/833/203 277/511/203 276/513/203
f 279/524/36 277/794/36 283/523/335
f 417/836/348 416/837/348 419/838/347
f 417/606/355 418/609/294 416/605/355
f 421/589/203 416/591/203 418/588/203
f 419/838/347 416/837/348 420/839/347
f 421/589/203 420/593/203 416/591/203
f 422/840/358 426/841/359 421/842/358
f 421/842/354 423/843/353 422/840/354
f 418/588/203 423/508/203 421/589/203
f 420/593/203 421/589/203 424/596/203
f 425/603/203 424/596/203 421/589/203
f 425/844/359 421/842/358 426/841/359
f 422/567/198 428/576/198 426/577/198
f 426/841/359 427/845/367 425/844/359
f 426/577/198 429/621/198 427/622/198
f 429/621/198 426/577/198 428/576/198
f 432/846/369 429/847/370 430/848/369
f 431/849/370 430/848/369 429/847/370
f 429/847/362 428/850/361 431/849/362
f 432/624/198 427/622/198 429/621/198
f 430/848/369 433/851/50 432/846/369
f 434/852/50 432/846/369 433/851/50
f 434/629/198 435/625/198 432/624/198
f 427/622/198 432/624/198 435/625/198
f 427/845/122 435/853/368 436/854/122
f 438/855/368 436/854/122 435/853/368
f 440/635/198 437/760/198 435/625/198
f 435/853/368 437/856/414 438/855/368
f 439/634/198 435/625/198 434/629/198
f 439/634/198 440/635/198 435/625/198
f 440/857/319 444/858/319 441/859/326
f 441/859/324 443/860/324 440/857/376
f 440/635/198 439/634/198 442/636/198
f 444/858/316 440/857/316 442/861/327
f 437/760/198 440/635/198 443/764/198
f 447/651/203 438/649/203 444/648/203
f 444/648/203 438/649/203 445/650/203
f 444/648/203 445/650/203 441/652/203
f 442/861/307 446/862/307 444/858/375
f 447/651/203 444/648/203 446/653/203
f 439/863/372 434/852/371 447/864/372
f 433/851/371 447/864/372 434/852/371
f 438/649/203 447/651/203 433/787/203
f 447/864/372 448/865/373 439/863/372
f 448/774/203 447/651/203 449/779/203
f 447/651/203 446/653/203 449/779/203
f 451/663/339 450/664/343 449/662/339
f 448/774/203 449/779/203 450/776/203
f 442/656/336 449/662/305 446/658/336
f 449/662/305 442/656/336 451/663/305
f 453/638/198 451/637/198 439/634/198
f 442/636/198 439/634/198 451/637/198
f 451/637/198 453/638/198 452/697/198
f 450/664/343 451/663/339 452/665/343
f 454/710/198 457/705/198 453/638/198
f 454/866/390 453/867/374 455/868/390
f 448/865/374 455/868/390 453/867/374
f 453/867/374 439/863/372 448/865/374
f 456/696/198 452/697/198 453/638/198
f 453/638/198 457/705/198 456/696/198
f 457/869/342 458/870/289 459/871/342
f 460/872/287 458/870/287 457/869/342
f 457/769/286 459/768/286 461/674/389
f 457/705/198 454/710/198 460/711/198
f 461/674/339 456/677/339 457/769/340
f 461/674/305 464/673/336 456/677/305
f 448/774/203 461/775/203 459/773/203
f 450/776/203 461/775/203 448/774/203
f 461/775/203 450/776/203 462/777/203
f 461/775/203 462/777/203 463/778/203
f 464/673/303 461/674/427 463/672/303
f 464/873/317 463/874/317 465/875/381
f 466/695/198 456/696/198 464/689/198
f 467/688/198 464/689/198 465/681/198
f 466/695/198 464/689/198 467/688/198
f 468/876/348 467/877/383 470/878/348
f 467/877/384 468/876/385 469/879/384
f 469/879/383 466/880/386 467/877/383
f 465/681/198 470/680/198 467/688/198
f 472/682/198 471/684/198 470/680/198
f 471/783/428 468/781/355 470/782/355
f 470/680/198 465/681/198 472/682/198
f 473/881/324 475/882/324 472/883/376
f 472/883/319 474/884/319 473/881/326
f 474/884/380 472/883/380 465/875/381
f 475/683/198 471/684/198 472/682/198
f 475/683/198 476/729/198 437/760/198
f 476/729/198 475/683/198 478/759/198
f 471/684/198 475/683/198 437/760/198
f 477/701/298 475/703/311 473/704/311
f 475/703/429 477/701/297 478/700/297
f 478/700/309 477/701/309 479/712/355
f 479/719/198 476/729/198 478/759/198
f 479/885/348 480/886/348 460/872/347
f 479/712/355 477/701/309 480/702/355
f 454/710/198 479/719/198 460/711/198
f 454/710/198 481/716/198 479/719/198
f 476/729/198 479/719/198 481/716/198
f 481/887/393 482/888/393 484/889/394
f 482/890/395 481/891/395 483/892/396
f 481/716/198 486/727/198 483/728/198
f 476/893/394 481/887/393 484/889/394
f 485/715/198 481/716/198 454/710/198
f 486/727/198 481/716/198 485/715/198
f 486/727/198 485/715/198 487/730/198
f 486/894/401 487/895/398 489/896/401
f 488/734/198 483/728/198 486/727/198
f 490/897/399 488/898/399 486/899/400
f 486/899/400 489/900/430 490/897/431
f 488/898/412 490/897/413 492/901/410
f 489/739/203 491/741/203 490/743/203
f 490/743/203 491/741/203 492/753/203
f 492/901/410 493/902/411 488/898/412
f 493/903/410 492/904/410 491/905/409
f 483/728/198 488/734/198 493/758/198
f 491/905/409 483/892/409 493/903/410
f 483/892/407 491/905/396 482/890/395
f 489/739/203 482/740/203 491/741/203
f 482/740/203 489/739/203 494/742/203
f 494/742/203 489/739/203 495/744/203
f 487/895/398 495/906/398 489/896/397
f 494/742/203 495/744/203 496/746/203
f 497/907/402 496/908/403 495/906/404
f 495/906/404 487/895/404 497/907/402
f 496/909/405 497/910/405 485/911/406
f 487/730/198 485/715/198 497/751/198
f 485/911/406 494/912/406 496/909/405
f 482/740/203 494/742/203 455/767/203
f 454/866/392 455/868/392 494/912/391
f 485/911/391 454/866/392 494/912/391
f 484/889/394 445/913/414 476/893/394
f 484/675/203 473/668/203 445/650/203
f 473/668/203 484/675/203 477/676/203
f 484/675/203 480/766/203 477/676/203
f 482/740/203 480/766/203 484/675/203
f 480/766/203 482/740/203 455/767/203
f 460/872/347 480/886/348 458/870/347
f 480/766/203 455/767/203 458/772/203
f 437/856/414 476/893/394 445/913/414
f 465/875/382 498/914/382 474/884/380
f 498/785/203 468/667/203 474/666/203
f 499/661/203 474/666/203 468/667/203
f 474/666/203 499/661/203 473/668/203
f 445/650/203 499/661/203 500/660/203
f 499/646/297 501/915/351 500/916/351
f 501/915/379 499/646/196 471/783/196
f 468/781/424 471/783/300 499/646/300
f 499/661/203 445/650/203 473/668/203
f 443/644/429 500/916/351 501/915/351
f 471/684/198 437/760/198 501/765/198
f 501/765/198 437/760/198 443/764/198
f 445/650/203 500/660/203 441/652/203
f 443/644/311 441/645/311 500/916/377
f 465/875/382 463/874/307 498/914/382
f 463/778/203 469/784/203 498/785/203
f 498/785/203 469/784/203 468/667/203
f 466/880/347 469/879/383 462/917/347
f 469/784/203 463/778/203 462/777/203
f 466/880/387 462/917/387 452/918/342
f 452/697/198 456/696/198 466/695/198
f 452/918/342 462/917/387 450/919/342
f 459/773/203 455/767/203 448/774/203
f 455/767/203 459/773/203 458/772/203
f 445/913/414 438/855/368 437/856/414
f 430/786/203 438/649/203 433/787/203
f 438/649/203 430/786/203 436/617/203
f 436/854/367 425/844/359 427/845/367
f 436/617/203 431/604/203 425/603/203
f 431/604/203 436/617/203 430/786/203
f 424/596/203 425/603/203 431/604/203
f 424/920/361 431/849/362 428/850/361
f 502/526/198 428/576/198 503/611/198
f 428/850/361 502/921/360 424/920/361
f 428/576/198 504/612/198 503/611/198
f 422/567/198 419/578/198 428/576/198
f 428/576/198 419/578/198 504/612/198
f 504/587/343 505/585/343 506/558/363
f 504/922/342 420/839/289 505/923/342
f 419/838/289 420/839/289 504/922/342
f 506/558/313 503/586/313 504/587/340
f 424/596/203 506/599/203 505/597/203
f 424/596/203 507/598/203 506/599/203
f 507/598/203 508/608/203 506/599/203
f 503/586/364 506/558/364 508/556/338
f 510/614/203 508/608/203 507/598/203
f 511/924/307 508/925/307 509/926/366
f 508/608/203 510/614/203 509/616/203
f 508/556/336 511/557/336 503/586/365
f 509/926/308 512/927/308 511/924/327
f 512/534/198 513/532/198 511/533/198
f 503/611/198 511/533/198 502/526/198
f 502/526/198 511/533/198 513/532/198
f 513/532/198 512/534/198 515/535/198
f 502/526/198 513/532/198 514/525/198
f 516/500/432 514/502/432 513/570/340
f 515/928/341 510/929/342 513/930/342
f 513/570/343 510/573/343 516/500/344
f 510/614/203 507/598/203 516/832/203
f 516/832/203 517/833/203 518/834/203
f 517/833/203 516/832/203 507/598/203
f 514/502/302 516/500/302 518/503/338
f 520/931/307 518/932/307 519/933/375
f 519/513/203 518/834/203 517/833/203
f 518/503/336 520/501/336 514/502/337
f 521/517/198 514/525/198 520/519/198
f 520/519/198 522/516/198 521/517/198
f 519/933/316 522/934/316 520/931/327
f 525/515/198 521/517/198 522/516/198
f 523/935/324 524/936/324 522/934/325
f 522/934/320 519/933/320 523/935/326
f 524/514/198 525/515/198 522/516/198
f 526/937/36 521/938/335 525/939/36
f 525/939/32 527/940/416 526/937/32
f 525/515/198 528/561/198 527/789/198
f 528/561/198 525/515/198 524/514/198
f 527/789/198 528/561/198 530/790/198
f 528/561/198 524/514/198 529/555/198
f 528/941/352 529/942/353 532/943/352
f 530/944/415 528/941/352 531/945/415
f 532/943/352 531/945/415 528/941/352
f 532/510/203 523/507/203 526/511/203
f 533/798/203 532/510/203 526/511/203
f 423/508/203 523/507/203 532/510/203
f 532/510/203 533/798/203 531/800/203
f 423/843/353 532/943/352 529/942/353
f 533/946/416 526/937/32 527/940/416
f 534/799/203 531/800/203 533/798/203
f 535/805/372 534/811/372 533/946/417
f 527/940/417 535/805/372 533/946/417
f 536/812/198 537/818/198 535/792/198
f 535/792/198 530/790/198 536/812/198
f 530/790/198 535/792/198 527/789/198
f 537/810/297 534/811/418 535/805/418
f 534/811/372 537/810/297 538/817/297
f 537/810/300 539/823/433 538/817/300
f 539/823/355 537/810/300 540/824/355
f 537/818/198 536/812/198 540/815/198
f 540/815/198 536/812/198 541/813/198
f 541/947/347 539/948/348 540/949/348
f 539/948/348 541/947/347 543/950/347
f 541/813/198 536/812/198 542/814/198
f 542/951/342 543/950/387 541/947/387
f 544/801/203 543/807/203 545/808/203
f 543/807/203 544/801/203 539/806/203
f 543/950/387 542/951/342 545/952/342
f 547/804/421 545/827/343 542/828/343
f 544/801/203 545/808/203 546/809/203
f 545/827/343 547/804/421 546/803/434
f 536/797/422 546/803/421 547/804/421
f 542/814/198 536/812/198 547/816/198
f 546/803/423 536/797/422 544/795/422
f 538/802/203 544/801/203 534/799/203
f 531/800/203 534/799/203 544/801/203
f 544/795/419 530/944/420 531/945/420
f 539/806/203 544/801/203 538/802/203
f 530/944/420 544/795/419 536/797/419
f 548/554/198 529/555/198 551/547/198
f 529/555/198 548/554/198 422/567/198
f 549/553/198 551/547/198 529/555/198
f 549/553/198 529/555/198 550/568/198
f 552/569/198 550/568/198 529/555/198
f 529/942/353 422/840/354 423/843/353
f 529/555/198 524/514/198 552/569/198
f 552/530/300 553/953/357 550/954/356
f 552/530/300 554/529/300 553/953/356
f 552/530/297 523/528/311 554/529/297
f 524/527/311 523/528/311 552/530/297
f 523/507/203 423/508/203 554/509/203
f 553/574/203 554/509/203 423/508/203
f 555/531/355 550/954/356 553/953/356
f 423/508/203 555/575/203 553/574/203
f 558/590/203 556/829/203 555/575/203
f 557/955/347 555/956/348 556/957/347
f 550/954/435 555/531/355 549/539/355
f 549/958/348 555/956/348 557/955/347
f 423/508/203 558/590/203 555/575/203
f 558/959/345 551/960/345 560/961/345
f 551/610/351 558/613/351 548/607/281
f 558/590/203 423/508/203 418/588/203
f 548/607/281 558/613/378 418/609/281
f 556/829/203 558/590/203 559/830/203
f 560/961/425 559/962/425 558/959/425
f 551/547/198 557/541/198 560/540/198
f 560/540/198 557/541/198 512/534/198
f 512/927/319 559/962/345 560/961/345
f 509/616/203 556/829/203 559/830/203
f 559/962/345 512/927/319 509/926/319
f 515/535/198 512/534/198 557/541/198
f 557/541/198 551/547/198 549/553/198
f 557/955/289 556/957/289 561/963/341
f 557/955/349 561/963/436 515/928/350
f 556/829/203 509/616/203 561/831/203
f 509/616/203 510/614/203 561/831/203
f 510/929/426 515/928/341 561/963/341
f 422/567/198 548/554/198 417/579/198
f 548/607/294 418/609/294 417/606/355
f 521/938/335 526/937/437 517/964/335
f 517/833/203 526/511/203 519/513/203
f 526/511/203 523/507/203 519/513/203
f 514/525/198 521/517/198 502/526/198
f 517/964/330 502/921/332 521/938/330
f 502/921/328 517/964/329 507/965/328
f 507/965/360 424/920/361 502/921/360
f 424/596/203 505/597/203 420/593/203
f 419/578/198 422/567/198 417/579/198
f 723/1240/198 727/1241/198 722/1242/198
f 722/1243/429 725/1244/351 723/1245/351
f 724/1246/324 722/1247/324 726/1248/376
f 722/1243/311 724/1249/311 725/1244/378
f 727/1241/198 726/1250/198 722/1242/198
f 726/1250/198 727/1241/198 728/1251/198
f 728/1252/368 727/1253/414 729/1254/368
f 730/1255/414 729/1254/368 727/1253/414
f 727/1253/414 731/1256/394 730/1255/414
f 733/1257/198 731/1258/198 727/1241/198
f 732/1259/198 727/1241/198 723/1240/198
f 732/1259/198 733/1257/198 727/1241/198
f 733/1260/311 734/1261/311 736/1262/297
f 734/1263/324 733/1264/324 735/1265/376
f 733/1257/198 732/1259/198 735/1266/198
f 731/1258/198 733/1257/198 736/1267/198
f 736/1262/297 734/1261/311 737/1268/297
f 736/1262/300 737/1268/300 738/1269/355
f 738/1270/198 731/1258/198 736/1267/198
f 738/1269/355 737/1268/300 739/1271/355
f 738/1272/348 739/1273/348 740/1274/347
f 741/1275/198 738/1270/198 740/1276/198
f 741/1275/198 742/1277/198 738/1270/198
f 731/1258/198 738/1270/198 742/1277/198
f 731/1256/394 742/1278/393 745/1279/394
f 742/1278/393 743/1280/393 745/1279/483
f 743/1280/395 742/1278/395 744/1281/484
f 742/1277/198 747/1282/198 744/1283/198
f 746/1284/198 742/1277/198 741/1275/198
f 747/1282/198 742/1277/198 746/1284/198
f 748/1285/399 750/1286/399 747/1287/400
f 747/1287/400 749/1288/400 748/1285/399
f 747/1289/485 751/1290/486 749/1291/485
f 750/1292/198 744/1283/198 747/1282/198
f 747/1282/198 746/1284/198 751/1293/198
f 751/1290/398 752/1294/398 749/1291/487
f 752/1294/404 751/1290/404 753/1295/402
f 751/1293/198 746/1284/198 753/1296/198
f 754/1297/405 753/1298/405 746/1299/406
f 753/1295/402 754/1300/402 752/1294/404
f 746/1299/406 755/1301/406 754/1297/405
f 755/1302/203 752/1303/203 754/1304/203
f 755/1302/203 749/1305/203 752/1303/203
f 743/1306/203 755/1302/203 756/1307/203
f 741/1308/392 756/1309/392 755/1301/488
f 746/1299/391 741/1308/392 755/1301/391
f 743/1306/203 749/1305/203 755/1302/203
f 739/1310/203 756/1307/203 757/1311/203
f 756/1307/203 760/1312/203 757/1311/203
f 741/1308/390 758/1313/374 756/1309/390
f 759/1314/374 756/1309/390 758/1313/374
f 760/1312/203 756/1307/203 759/1315/203
f 739/1310/203 743/1306/203 756/1307/203
f 761/1316/342 757/1317/387 760/1318/342
f 761/1319/343 760/1320/343 762/1321/389
f 759/1315/203 762/1322/203 760/1312/203
f 762/1321/339 766/1323/339 761/1319/340
f 765/1324/203 762/1322/203 759/1315/203
f 762/1322/203 765/1324/203 763/1325/203
f 762/1322/203 763/1325/203 764/1326/203
f 766/1323/305 762/1321/305 764/1327/338
f 767/1328/198 766/1329/198 769/1330/198
f 768/1331/198 766/1329/198 767/1328/198
f 766/1329/198 768/1331/198 758/1332/198
f 764/1327/336 769/1333/336 766/1323/306
f 758/1332/198 761/1334/198 766/1329/198
f 769/1335/307 764/1336/307 770/1337/381
f 771/1338/198 769/1330/198 770/1339/198
f 767/1328/198 769/1330/198 771/1338/198
f 774/1340/489 767/1341/490 771/1342/383
f 770/1339/198 772/1343/198 771/1338/198
f 773/1344/348 771/1342/383 772/1345/348
f 771/1342/489 773/1344/491 774/1340/489
f 767/1341/438 774/1340/489 763/1346/347
f 774/1347/203 764/1326/203 763/1325/203
f 775/1348/203 774/1347/203 773/1349/203
f 764/1326/203 774/1347/203 775/1348/203
f 770/1337/382 775/1350/382 776/1351/316
f 775/1348/203 773/1349/203 776/1352/203
f 770/1337/381 764/1336/307 775/1350/381
f 777/1353/203 776/1352/203 773/1349/203
f 776/1352/203 777/1353/203 734/1354/203
f 735/1265/319 776/1351/319 734/1263/326
f 776/1351/316 735/1265/316 770/1337/381
f 732/1355/323 725/1244/351 777/1356/323
f 732/1355/294 777/1356/294 772/1357/355
f 772/1357/355 777/1356/294 773/1358/355
f 730/1359/203 777/1353/203 725/1360/203
f 777/1353/203 730/1359/203 734/1354/203
f 735/1266/198 732/1259/198 772/1343/198
f 772/1343/198 770/1339/198 735/1266/198
f 767/1341/387 763/1346/387 768/1361/342
f 778/1362/198 758/1332/198 768/1331/198
f 779/1363/339 778/1364/339 768/1365/340
f 768/1361/342 763/1346/387 765/1366/342
f 768/1365/343 765/1367/343 779/1363/344
f 759/1315/203 779/1368/203 765/1324/203
f 759/1315/203 781/1369/203 779/1368/203
f 778/1364/305 779/1363/305 780/1370/338
f 781/1369/203 780/1371/203 779/1368/203
f 781/1369/203 785/1372/203 780/1371/203
f 729/1373/203 781/1369/203 782/1374/203
f 782/1375/371 781/1376/372 783/1377/371
f 784/1378/372 783/1377/371 781/1376/372
f 781/1376/418 759/1314/373 784/1378/418
f 781/1369/203 729/1373/203 785/1372/203
f 786/1379/307 780/1380/307 785/1381/492
f 785/1381/380 726/1248/380 786/1379/327
f 785/1372/203 729/1373/203 730/1359/203
f 785/1372/203 730/1359/203 724/1382/203
f 726/1248/319 785/1381/319 724/1246/326
f 780/1370/336 786/1383/336 778/1364/306
f 786/1384/198 784/1385/198 778/1362/198
f 726/1250/198 784/1385/198 786/1384/198
f 784/1385/198 728/1251/198 783/1386/198
f 758/1313/373 784/1378/418 759/1314/373
f 758/1332/198 778/1362/198 784/1385/198
f 784/1385/198 726/1250/198 728/1251/198
f 783/1386/198 728/1251/198 787/1387/198
f 783/1377/371 787/1388/369 782/1375/371
f 787/1387/198 790/1389/198 788/1390/198
f 787/1388/369 788/1391/370 789/1392/369
f 789/1392/369 782/1375/371 787/1388/369
f 790/1389/198 787/1387/198 728/1251/198
f 791/1393/367 793/1394/359 790/1395/367
f 790/1395/367 728/1252/368 791/1393/367
f 792/1396/198 788/1390/198 790/1389/198
f 792/1397/359 790/1395/367 793/1394/359
f 794/1398/203 793/1399/203 796/1400/203
f 793/1399/203 794/1398/203 795/1401/203
f 793/1394/359 795/1402/358 792/1397/359
f 791/1403/203 796/1400/203 793/1399/203
f 794/1404/361 796/1405/370 797/1406/361
f 788/1391/370 797/1406/361 796/1405/370
f 796/1405/370 789/1392/369 788/1391/370
f 796/1400/203 791/1403/203 789/1407/203
f 798/1408/198 797/1409/198 800/1410/198
f 797/1406/361 798/1411/493 794/1404/361
f 788/1390/198 792/1396/198 797/1409/198
f 797/1409/198 799/1412/198 800/1410/198
f 797/1409/198 802/1413/198 799/1412/198
f 801/1414/198 797/1409/198 792/1396/198
f 801/1414/198 802/1413/198 797/1409/198
f 802/1415/494 803/1416/494 799/1417/342
f 802/1415/347 804/1418/348 803/1416/347
f 805/1419/348 804/1418/348 802/1415/495
f 802/1413/198 801/1414/198 805/1420/198
f 805/1421/355 806/1422/309 804/1423/355
f 807/1424/309 806/1422/309 805/1421/355
f 801/1414/198 807/1425/198 805/1420/198
f 807/1425/198 810/1426/198 808/1427/198
f 808/1428/351 809/1429/351 807/1424/281
f 807/1424/281 809/1429/351 806/1422/281
f 810/1426/198 807/1425/198 801/1414/198
f 813/1430/352 810/1431/353 811/1432/352
f 812/1433/353 811/1432/352 810/1431/353
f 810/1431/353 801/1434/354 812/1433/353
f 813/1435/198 817/1436/198 810/1426/198
f 814/1437/198 808/1427/198 810/1426/198
f 814/1437/198 810/1426/198 815/1438/198
f 816/1439/198 815/1438/198 810/1426/198
f 810/1426/198 817/1436/198 816/1439/198
f 820/1440/324 817/1441/324 818/1442/376
f 817/1436/198 819/1443/198 818/1444/198
f 813/1435/198 819/1443/198 817/1436/198
f 817/1445/311 820/1446/311 816/1447/446
f 821/1448/203 820/1449/203 823/1450/203
f 811/1451/203 820/1449/203 821/1448/203
f 816/1447/446 820/1446/311 822/1452/446
f 820/1449/203 812/1453/203 822/1454/203
f 812/1453/203 820/1449/203 811/1451/203
f 818/1442/319 823/1455/319 820/1440/326
f 826/1456/307 824/1457/307 823/1455/492
f 823/1450/203 824/1458/203 825/1459/203
f 825/1459/203 821/1448/203 823/1450/203
f 823/1455/380 818/1442/380 826/1456/327
f 828/1460/198 827/1461/198 826/1462/198
f 824/1463/336 826/1464/336 827/1465/337
f 826/1462/198 818/1444/198 828/1460/198
f 819/1443/198 828/1460/198 818/1444/198
f 828/1466/335 819/1467/36 825/1468/335
f 828/1466/329 825/1468/329 829/1469/332
f 798/1411/496 828/1466/329 829/1469/332
f 827/1461/198 828/1460/198 798/1408/198
f 794/1398/203 829/1470/203 833/1471/203
f 829/1469/497 794/1404/361 798/1411/493
f 829/1470/203 830/1472/203 833/1471/203
f 832/1473/203 830/1472/203 829/1470/203
f 825/1459/203 831/1474/203 829/1470/203
f 832/1473/203 829/1470/203 831/1474/203
f 794/1398/203 833/1471/203 834/1475/203
f 799/1476/343 834/1477/343 833/1478/344
f 800/1479/302 833/1478/302 830/1480/338
f 833/1478/339 800/1479/339 799/1476/340
f 799/1417/342 803/1416/387 834/1481/342
f 794/1398/203 834/1475/203 803/1482/203
f 837/1483/341 832/1484/342 835/1485/342
f 835/1486/343 832/1487/343 831/1488/344
f 838/1489/203 832/1473/203 836/1490/203
f 832/1484/342 837/1483/341 836/1491/341
f 830/1472/203 832/1473/203 838/1489/203
f 838/1492/380 839/1493/380 842/1494/327
f 840/1495/345 839/1493/320 838/1492/320
f 838/1489/203 841/1496/203 840/1497/203
f 842/1494/307 830/1498/307 838/1492/492
f 841/1496/203 838/1489/203 836/1490/203
f 830/1480/336 842/1499/336 800/1479/337
f 800/1410/198 842/1500/198 798/1408/198
f 839/1501/198 835/1502/198 842/1500/198
f 798/1408/198 842/1500/198 835/1502/198
f 809/1503/203 841/1496/203 843/1504/203
f 844/1505/347 843/1506/348 841/1507/347
f 844/1505/289 841/1507/289 836/1491/436
f 841/1496/203 809/1503/203 840/1497/203
f 844/1508/198 808/1427/198 814/1437/198
f 814/1509/348 843/1506/348 844/1505/347
f 844/1505/387 836/1491/341 837/1483/341
f 837/1510/198 839/1501/198 844/1508/198
f 808/1427/198 844/1508/198 845/1511/198
f 845/1511/198 844/1508/198 839/1501/198
f 839/1493/319 840/1495/345 845/1512/425
f 845/1512/345 840/1495/345 809/1513/345
f 809/1513/345 808/1514/345 845/1512/345
f 812/1453/203 843/1504/203 846/1515/203
f 843/1516/355 815/1517/498 846/1518/498
f 815/1517/357 843/1516/295 814/1519/295
f 812/1453/203 809/1503/203 843/1504/203
f 846/1515/203 822/1454/203 812/1453/203
f 816/1447/300 822/1452/300 846/1518/356
f 816/1447/195 846/1518/356 815/1517/356
f 835/1502/198 839/1501/198 837/1510/198
f 798/1408/198 835/1502/198 827/1461/198
f 831/1488/339 827/1465/339 835/1486/340
f 827/1465/302 831/1488/302 824/1463/338
f 831/1474/203 825/1459/203 824/1458/203
f 819/1467/36 821/1520/36 825/1468/335
f 847/1521/203 811/1451/203 821/1448/203
f 847/1522/416 821/1520/32 848/1523/416
f 819/1467/32 848/1523/416 821/1520/32
f 848/1524/198 813/1435/198 850/1525/198
f 819/1443/198 813/1435/198 848/1524/198
f 850/1525/198 849/1526/198 848/1524/198
f 848/1523/499 849/1527/372 847/1522/499
f 851/1528/419 850/1529/500 853/1530/500
f 850/1529/500 851/1528/419 852/1531/419
f 849/1526/198 850/1525/198 852/1532/198
f 850/1529/415 813/1430/352 853/1530/415
f 811/1451/203 847/1521/203 853/1533/203
f 854/1534/203 853/1533/203 847/1521/203
f 853/1533/203 854/1534/203 851/1535/203
f 811/1432/352 853/1530/415 813/1430/352
f 855/1536/203 851/1535/203 854/1534/203
f 854/1537/372 856/1538/297 855/1539/297
f 849/1527/372 854/1537/372 847/1522/499
f 856/1538/297 854/1537/372 849/1527/372
f 852/1532/198 856/1540/198 849/1526/198
f 856/1540/198 852/1532/198 857/1541/198
f 857/1542/355 855/1539/300 856/1538/300
f 857/1541/198 852/1532/198 858/1543/198
f 858/1544/347 859/1545/348 857/1546/348
f 855/1539/300 857/1542/355 859/1547/355
f 859/1548/203 851/1535/203 855/1536/203
f 859/1545/348 858/1544/347 860/1549/501
f 860/1550/203 851/1535/203 859/1548/203
f 861/1551/342 860/1549/387 858/1544/387
f 860/1549/387 861/1551/342 862/1552/342
f 851/1535/203 860/1550/203 862/1553/203
f 864/1554/421 862/1555/343 861/1556/343
f 851/1535/203 862/1553/203 863/1557/203
f 862/1555/343 864/1554/421 863/1558/421
f 861/1559/198 852/1532/198 864/1560/198
f 852/1531/422 863/1558/423 864/1554/502
f 863/1558/421 852/1531/422 851/1528/422
f 858/1543/198 852/1532/198 861/1559/198
f 795/1402/354 812/1433/353 801/1434/354
f 806/1561/203 812/1453/203 795/1401/203
f 809/1503/203 812/1453/203 806/1561/203
f 795/1401/203 804/1562/203 806/1561/203
f 795/1401/203 803/1482/203 804/1562/203
f 803/1482/203 795/1401/203 794/1398/203
f 801/1434/358 792/1397/359 795/1402/358
f 729/1254/503 791/1393/367 728/1252/503
f 729/1373/203 789/1407/203 791/1403/203
f 789/1407/203 729/1373/203 782/1374/203
f 740/1274/387 757/1317/387 761/1316/342
f 761/1334/198 741/1275/198 740/1276/198
f 741/1275/198 761/1334/198 758/1332/198
f 740/1274/347 739/1273/348 757/1317/347
f 744/1283/198 750/1292/198 865/1563/198
f 866/1564/410 865/1565/410 750/1286/504
f 750/1286/505 748/1285/506 866/1564/507
f 748/1566/203 867/1567/203 866/1568/203
f 865/1569/410 866/1570/410 867/1571/508
f 749/1305/203 743/1306/203 867/1567/203
f 744/1572/484 867/1571/484 743/1573/509
f 867/1571/508 744/1572/508 865/1569/410
f 749/1305/203 867/1567/203 748/1566/203
f 745/1279/394 730/1255/414 731/1256/394
f 745/1574/203 734/1354/203 730/1359/203
f 734/1354/203 745/1574/203 737/1575/203
f 745/1574/203 739/1310/203 737/1575/203
f 743/1306/203 739/1310/203 745/1574/203
f 725/1244/377 732/1355/297 723/1245/377
f 730/1359/203 725/1360/203 724/1382/203
f 869/1478/281 872/1499/351 868/1479/281
f 869/1478/309 868/1479/309 871/1477/355
f 874/1401/203 870/1562/203 868/1561/203
f 871/1477/355 868/1479/309 870/1476/355
f 872/1503/203 873/1453/203 868/1561/203
f 868/1561/203 873/1453/203 874/1401/203
f 875/1576/358 876/1577/359 874/1578/358
f 874/1578/354 873/1579/353 875/1576/354
f 879/1580/359 874/1578/358 876/1577/359
f 874/1401/203 877/1482/203 870/1562/203
f 877/1482/203 874/1401/203 878/1398/203
f 879/1399/203 878/1398/203 874/1401/203
f 878/1398/203 879/1399/203 880/1400/203
f 881/1403/203 880/1400/203 879/1399/203
f 881/1581/367 879/1580/359 882/1582/367
f 876/1577/359 882/1582/367 879/1580/359
f 876/1396/198 883/1390/198 882/1389/198
f 884/1387/198 882/1389/198 883/1390/198
f 882/1389/198 884/1387/198 885/1251/198
f 882/1582/367 885/1583/503 881/1581/367
f 889/1386/198 885/1251/198 884/1387/198
f 885/1583/368 886/1584/414 888/1585/368
f 887/1250/198 886/1241/198 885/1251/198
f 890/1385/198 887/1250/198 885/1251/198
f 888/1585/503 881/1581/367 885/1583/503
f 890/1385/198 885/1251/198 889/1386/198
f 890/1586/372 889/1587/371 892/1588/372
f 891/1332/198 895/1362/198 890/1385/198
f 891/1589/373 890/1586/418 893/1590/373
f 892/1588/418 893/1590/373 890/1586/418
f 887/1250/198 890/1385/198 894/1384/198
f 894/1384/198 890/1385/198 895/1362/198
f 896/1591/336 894/1249/336 895/1356/306
f 895/1356/305 897/1592/305 896/1591/338
f 895/1356/339 898/1593/343 897/1592/339
f 898/1593/343 895/1356/339 899/1358/343
f 895/1362/198 891/1332/198 899/1331/198
f 899/1331/198 902/1329/198 900/1328/198
f 900/1594/387 901/1595/387 899/1596/342
f 899/1596/342 901/1595/387 898/1597/342
f 902/1329/198 899/1331/198 891/1332/198
f 902/1268/339 905/1598/343 903/1599/339
f 902/1268/305 903/1599/305 904/1600/338
f 904/1600/336 907/1261/336 902/1268/388
f 905/1598/343 902/1268/432 906/1271/343
f 891/1332/198 906/1334/198 902/1329/198
f 900/1328/198 902/1329/198 907/1330/198
f 909/1338/198 907/1330/198 908/1339/198
f 907/1601/307 904/1602/307 908/1603/381
f 900/1328/198 907/1330/198 909/1338/198
f 911/1604/489 900/1594/490 909/1605/489
f 909/1605/489 910/1606/491 911/1604/489
f 910/1606/348 909/1605/383 912/1607/348
f 908/1339/198 912/1343/198 909/1338/198
f 914/1266/198 913/1259/198 912/1343/198
f 913/1363/310 910/1365/355 912/1367/355
f 912/1343/198 908/1339/198 914/1266/198
f 914/1608/319 915/1609/319 916/1610/326
f 915/1609/316 914/1608/316 908/1603/381
f 916/1610/324 917/1611/324 914/1608/376
f 917/1257/198 913/1259/198 914/1266/198
f 913/1259/198 917/1257/198 886/1241/198
f 917/1257/198 919/1258/198 886/1241/198
f 919/1258/198 917/1257/198 918/1267/198
f 917/1327/311 916/1333/311 918/1321/297
f 919/1612/394 922/1613/393 920/1614/394
f 920/1614/394 921/1615/414 919/1612/394
f 886/1584/414 919/1612/394 921/1615/414
f 919/1258/198 923/1270/198 922/1277/198
f 923/1270/198 919/1258/198 918/1267/198
f 918/1321/428 924/1319/355 923/1320/355
f 923/1616/348 924/1617/348 925/1618/347
f 926/1275/198 923/1270/198 925/1276/198
f 926/1275/198 922/1277/198 923/1270/198
f 906/1334/198 926/1275/198 925/1276/198
f 926/1275/198 906/1334/198 891/1332/198
f 927/1284/198 922/1277/198 926/1275/198
f 927/1619/488 926/1620/392 929/1621/488
f 926/1620/390 891/1589/374 928/1622/390
f 926/1620/392 928/1622/392 929/1621/510
f 930/1306/203 932/1305/203 929/1302/203
f 930/1306/203 929/1302/203 928/1307/203
f 927/1619/406 929/1621/406 931/1623/405
f 929/1302/203 933/1303/203 931/1304/203
f 929/1302/203 932/1305/203 933/1303/203
f 933/1624/404 934/1625/404 935/1626/402
f 934/1625/398 933/1624/398 932/1627/487
f 935/1626/402 931/1628/402 933/1624/404
f 934/1293/198 927/1284/198 935/1296/198
f 931/1623/405 935/1629/405 927/1619/406
f 936/1282/198 927/1284/198 934/1293/198
f 936/1630/485 934/1625/398 932/1627/485
f 936/1631/400 932/1632/400 937/1633/399
f 937/1633/399 938/1634/399 936/1631/400
f 938/1292/198 939/1635/198 936/1282/198
f 936/1282/198 922/1277/198 927/1284/198
f 922/1277/198 936/1282/198 939/1635/198
f 941/1636/484 922/1637/509 939/1638/484
f 939/1635/198 938/1292/198 940/1563/198
f 942/1639/410 939/1638/508 940/1640/410
f 939/1638/508 942/1639/410 941/1636/508
f 938/1634/505 937/1633/505 942/1641/507
f 937/1566/203 941/1567/203 942/1568/203
f 942/1641/507 940/1642/507 938/1634/504
f 922/1613/395 941/1643/484 930/1644/395
f 932/1305/203 930/1306/203 941/1567/203
f 932/1305/203 941/1567/203 937/1566/203
f 922/1613/393 930/1644/393 920/1614/483
f 930/1306/203 924/1310/203 920/1574/203
f 924/1310/203 930/1306/203 928/1307/203
f 893/1590/374 928/1622/390 891/1589/374
f 905/1312/203 928/1307/203 893/1315/203
f 928/1307/203 905/1312/203 943/1311/203
f 924/1310/203 928/1307/203 943/1311/203
f 925/1618/347 924/1617/348 943/1645/347
f 925/1618/387 943/1645/387 906/1646/342
f 906/1646/342 943/1645/387 905/1647/342
f 920/1574/203 924/1310/203 944/1575/203
f 924/1319/424 918/1321/300 944/1323/300
f 916/1354/203 920/1574/203 944/1575/203
f 918/1321/297 916/1333/311 944/1323/297
f 945/1372/203 921/1359/203 947/1382/203
f 945/1372/203 888/1373/203 921/1359/203
f 921/1359/203 948/1353/203 946/1360/203
f 921/1359/203 946/1360/203 947/1382/203
f 921/1615/414 888/1585/368 886/1584/414
f 948/1353/203 921/1359/203 916/1354/203
f 920/1574/203 916/1354/203 921/1359/203
f 910/1365/424 913/1363/294 948/1364/294
f 913/1363/323 946/1648/351 948/1364/323
f 948/1353/203 915/1352/203 910/1349/203
f 915/1352/203 948/1353/203 916/1354/203
f 947/1649/324 949/1650/324 887/1651/376
f 949/1370/311 947/1383/311 946/1648/351
f 887/1651/319 945/1652/319 947/1649/326
f 949/1370/429 946/1648/378 950/1653/378
f 950/1240/198 886/1241/198 949/1242/198
f 886/1241/198 887/1250/198 949/1242/198
f 913/1259/198 886/1241/198 950/1240/198
f 946/1648/377 913/1363/281 950/1653/377
f 892/1369/203 945/1372/203 896/1371/203
f 892/1369/203 888/1373/203 945/1372/203
f 894/1654/307 896/1655/307 945/1652/492
f 945/1652/380 887/1651/380 894/1654/327
f 908/1603/382 951/1656/382 915/1609/316
f 951/1348/203 910/1349/203 915/1352/203
f 908/1603/381 904/1602/307 951/1656/381
f 904/1326/203 911/1347/203 951/1348/203
f 951/1348/203 911/1347/203 910/1349/203
f 911/1347/203 904/1326/203 901/1325/203
f 900/1594/511 911/1604/489 901/1595/511
f 893/1315/203 903/1322/203 905/1312/203
f 903/1322/203 901/1325/203 904/1326/203
f 898/1324/203 903/1322/203 893/1315/203
f 903/1322/203 898/1324/203 901/1325/203
f 893/1315/203 897/1368/203 898/1324/203
f 893/1315/203 892/1369/203 897/1368/203
f 892/1369/203 896/1371/203 897/1368/203
f 888/1373/203 892/1369/203 952/1374/203
f 952/1657/371 892/1588/372 889/1587/371
f 889/1587/371 884/1658/369 952/1657/371
f 953/1659/369 952/1657/371 884/1658/369
f 953/1407/203 888/1373/203 952/1374/203
f 880/1400/203 881/1403/203 953/1407/203
f 880/1660/370 953/1659/369 883/1661/370
f 884/1658/369 883/1661/370 953/1659/369
f 888/1373/203 953/1407/203 881/1403/203
f 883/1390/198 876/1396/198 954/1409/198
f 883/1661/370 954/1662/361 880/1660/370
f 954/1662/361 956/1663/493 878/1664/361
f 878/1664/361 880/1660/370 954/1662/361
f 955/1408/198 954/1409/198 957/1410/198
f 956/1663/493 954/1662/361 955/1665/493
f 954/1409/198 959/1412/198 957/1410/198
f 875/1414/198 958/1413/198 954/1409/198
f 875/1414/198 954/1409/198 876/1396/198
f 954/1409/198 958/1413/198 959/1412/198
f 961/1666/339 957/1422/339 959/1423/340
f 958/1667/387 877/1668/387 959/1669/342
f 959/1423/343 960/1670/343 961/1666/344
f 959/1669/342 877/1668/387 960/1671/342
f 956/1470/203 962/1472/203 961/1471/203
f 878/1398/203 956/1470/203 961/1471/203
f 878/1398/203 961/1471/203 960/1475/203
f 957/1422/302 961/1666/302 962/1672/338
f 964/1473/203 962/1472/203 956/1470/203
f 965/1673/307 962/1674/307 963/1675/492
f 962/1472/203 964/1473/203 963/1489/203
f 962/1672/336 965/1429/336 957/1422/337
f 955/1408/198 965/1500/198 967/1502/198
f 957/1410/198 965/1500/198 955/1408/198
f 966/1501/198 967/1502/198 965/1500/198
f 963/1675/380 966/1676/380 965/1673/327
f 967/1516/343 964/1677/343 970/1678/344
f 968/1679/341 964/1680/342 967/1681/342
f 967/1502/198 966/1501/198 968/1510/198
f 955/1408/198 967/1502/198 969/1461/198
f 970/1678/339 969/1452/339 967/1516/340
f 969/1452/302 970/1678/302 971/1682/338
f 970/1474/203 972/1459/203 971/1458/203
f 964/1473/203 956/1470/203 970/1474/203
f 972/1459/203 970/1474/203 956/1470/203
f 955/1665/332 972/1683/330 956/1663/332
f 972/1459/203 976/1448/203 973/1450/203
f 973/1450/203 971/1458/203 972/1459/203
f 975/1684/335 974/1685/36 972/1683/335
f 974/1685/36 976/1686/36 972/1683/335
f 972/1683/329 955/1665/512 975/1684/329
f 978/1687/416 976/1686/32 977/1688/416
f 974/1685/32 977/1688/416 976/1686/32
f 978/1521/203 979/1451/203 976/1448/203
f 979/1451/203 980/1449/203 976/1448/203
f 976/1448/203 980/1449/203 973/1450/203
f 980/1689/324 981/1690/324 984/1691/376
f 981/1463/311 980/1464/311 982/1488/446
f 982/1488/446 980/1464/311 983/1465/446
f 980/1449/203 873/1453/203 983/1454/203
f 873/1453/203 980/1449/203 979/1451/203
f 984/1691/319 973/1692/319 980/1689/326
f 974/1443/198 975/1460/198 984/1444/198
f 985/1462/198 984/1444/198 975/1460/198
f 981/1436/198 974/1443/198 984/1444/198
f 973/1692/380 984/1691/380 985/1693/327
f 985/1693/307 971/1694/307 973/1692/492
f 971/1682/336 985/1446/336 969/1452/337
f 975/1460/198 969/1461/198 985/1462/198
f 982/1488/300 983/1465/300 986/1695/356
f 986/1515/203 983/1454/203 873/1453/203
f 873/1453/203 987/1504/203 986/1515/203
f 987/1486/355 988/1696/498 986/1695/498
f 982/1488/195 986/1695/356 988/1696/356
f 988/1696/357 987/1486/295 989/1487/295
f 989/1437/198 990/1426/198 988/1438/198
f 982/1439/198 988/1438/198 990/1426/198
f 991/1435/198 981/1436/198 990/1426/198
f 991/1697/352 990/1698/353 979/1699/352
f 873/1579/353 979/1699/352 990/1698/353
f 990/1698/353 875/1576/354 873/1579/353
f 990/1426/198 869/1425/198 875/1414/198
f 869/1425/198 990/1426/198 992/1427/198
f 989/1437/198 992/1427/198 990/1426/198
f 990/1426/198 981/1436/198 982/1439/198
f 992/1480/378 872/1499/378 869/1478/281
f 872/1700/345 992/1701/345 993/1702/345
f 992/1427/198 994/1508/198 993/1511/198
f 994/1508/198 992/1427/198 989/1437/198
f 994/1703/347 987/1704/348 995/1705/347
f 994/1703/494 995/1705/494 996/1706/436
f 994/1703/387 996/1706/341 968/1679/341
f 989/1707/348 987/1704/348 994/1703/347
f 968/1510/198 966/1501/198 994/1508/198
f 993/1511/198 994/1508/198 966/1501/198
f 995/1496/203 963/1489/203 996/1490/203
f 964/1680/342 968/1679/341 996/1706/341
f 963/1489/203 964/1473/203 996/1490/203
f 872/1503/203 995/1496/203 987/1504/203
f 963/1489/203 995/1496/203 997/1497/203
f 995/1496/203 872/1503/203 997/1497/203
f 997/1708/345 966/1676/320 963/1675/320
f 993/1702/345 997/1708/345 872/1700/345
f 966/1676/319 997/1708/345 993/1702/425
f 999/1709/415 991/1697/352 998/1710/415
f 979/1699/352 998/1710/415 991/1697/352
f 977/1524/198 991/1435/198 999/1525/198
f 991/1435/198 974/1443/198 981/1436/198
f 974/1443/198 991/1435/198 977/1524/198
f 1002/1526/198 999/1525/198 1000/1532/198
f 999/1709/500 1001/1711/419 1000/1537/419
f 1001/1711/419 999/1709/500 998/1710/500
f 999/1525/198 1002/1526/198 977/1524/198
f 1000/1532/198 1003/1540/198 1002/1526/198
f 1003/1558/297 1004/1531/372 1002/1528/372
f 977/1688/499 1002/1528/372 978/1687/499
f 1002/1528/372 1004/1531/372 978/1687/499
f 1004/1534/203 998/1533/203 978/1521/203
f 1004/1531/372 1003/1558/297 1005/1554/297
f 1005/1536/203 1001/1535/203 1004/1534/203
f 998/1533/203 1004/1534/203 1001/1535/203
f 1007/1555/355 1005/1554/300 1003/1558/300
f 1006/1548/203 1001/1535/203 1005/1536/203
f 1005/1554/300 1007/1555/355 1006/1556/355
f 1007/1541/198 1000/1532/198 1008/1543/198
f 1003/1540/198 1000/1532/198 1007/1541/198
f 1008/1712/347 1006/1713/348 1007/1714/348
f 1006/1713/348 1008/1712/347 1009/1715/347
f 1010/1716/342 1009/1715/387 1008/1712/513
f 1008/1543/198 1000/1532/198 1010/1559/198
f 1010/1559/198 1000/1532/198 1011/1560/198
f 1011/1539/421 1012/1717/343 1010/1547/340
f 1009/1715/387 1010/1716/342 1012/1718/342
f 1001/1535/203 1009/1550/203 1012/1553/203
f 1001/1535/203 1012/1553/203 1013/1557/203
f 1012/1717/343 1011/1539/421 1013/1719/421
f 1013/1719/423 1000/1537/422 1001/1711/422
f 1000/1537/422 1013/1719/421 1011/1539/421
f 1009/1550/203 1001/1535/203 1006/1548/203
f 979/1451/203 978/1521/203 998/1533/203
f 873/1453/203 872/1503/203 987/1504/203
f 969/1461/198 975/1460/198 955/1408/198
f 878/1398/203 960/1475/203 877/1482/203
f 958/1413/198 875/1414/198 871/1420/198
f 871/1720/348 870/1721/348 958/1667/347
f 958/1667/347 870/1721/348 877/1668/347
f 875/1414/198 869/1425/198 871/1420/198
