# Blender 4.2.16 LTS
# www.blender.org
o RenderMesh_110420590035310
v 0.178591 -1.081807 0.035013
v 0.215556 -1.175588 0.035013
v 0.215437 -1.071042 0.035013
v 0.102655 -1.004459 0.035013
v 0.178591 -1.169489 0.035013
v 0.102655 -1.037965 0.035013
v 0.026721 -1.081807 0.035013
v -0.013200 -1.073219 0.035013
v -0.013200 -1.171350 0.035013
v 0.026721 -1.169489 0.035013
v 0.181557 -1.224318 0.035013
v 0.023749 -1.224318 0.035013
v 0.102655 -1.213332 0.035013
v 0.102655 -1.319970 0.035013
v 0.150033 -1.352205 0.035013
v 0.055278 -1.352205 0.035013
v 0.150033 -1.567107 0.035013
v 0.055278 -1.567107 0.035013
v 0.181557 -1.704120 0.035013
v 0.023749 -1.717009 0.035013
v 0.102655 -1.599343 0.035013
v 0.049517 -1.725845 0.035013
v 0.155239 -1.745230 0.035013
v 0.109557 -1.799288 0.035013
v 0.109557 -1.875376 0.035013
v 0.139434 -2.168381 0.035013
v 0.072206 -1.936853 0.035013
v 0.155239 -2.217637 0.035013
v 0.074782 -2.238677 0.035013
v 0.181799 -2.266077 0.035013
v 0.102655 -2.391893 0.035013
v 0.018748 -2.238646 0.035013
v 0.150033 -2.437943 0.035013
v 0.055278 -2.437943 0.035013
v 0.150033 -2.744948 0.035013
v 0.055278 -2.744948 0.035013
v 0.182146 -2.954789 0.035013
v 0.018748 -2.958727 0.035013
v 0.102655 -2.790998 0.035013
v 0.102655 -2.955887 0.035013
v 0.026721 -2.999729 0.035013
v 0.178591 -2.999729 0.035013
v -0.015369 -2.991009 0.035013
v 0.220680 -2.993594 0.035013
v -0.015369 -3.057240 0.035013
v 0.220680 -3.057240 0.035013
v 0.026721 -3.087411 0.035013
v 0.178591 -3.087411 0.035013
v 0.077827 -3.177915 0.035013
v 0.127484 -3.177915 0.035013
v 0.102655 -3.131254 0.035013
v 0.215556 -1.175588 -0.234248
v 0.178591 -1.081807 -0.234248
v 0.215437 -1.071042 -0.234248
v 0.102655 -1.004459 -0.234248
v 0.178591 -1.169489 -0.234248
v 0.102655 -1.037965 -0.234248
v 0.026721 -1.081807 -0.234248
v -0.013200 -1.073219 -0.234248
v -0.013200 -1.171350 -0.234248
v 0.026721 -1.169489 -0.234248
v 0.181557 -1.224318 -0.234248
v 0.023749 -1.224318 -0.234248
v 0.102655 -1.213332 -0.234248
v 0.102655 -1.319970 -0.234248
v 0.150033 -1.352205 -0.234248
v 0.055278 -1.352205 -0.234248
v 0.150033 -1.567107 -0.234248
v 0.055278 -1.567107 -0.234248
v 0.181557 -1.704120 -0.234248
v 0.023749 -1.717009 -0.234248
v 0.102655 -1.599343 -0.234248
v 0.049517 -1.725845 -0.234248
v 0.155239 -1.745230 -0.234248
v 0.109557 -1.799288 -0.234248
v 0.109557 -1.875376 -0.234248
v 0.139434 -2.168380 -0.234248
v 0.072206 -1.936853 -0.234248
v 0.155239 -2.217637 -0.234248
v 0.074782 -2.238677 -0.234248
v 0.181799 -2.266077 -0.234248
v 0.102655 -2.391893 -0.234248
v 0.018748 -2.238646 -0.234248
v 0.150033 -2.437943 -0.234248
v 0.055278 -2.437943 -0.234248
v 0.150033 -2.744948 -0.234248
v 0.055278 -2.744948 -0.234248
v 0.182146 -2.954789 -0.234248
v 0.018748 -2.958727 -0.234248
v 0.102655 -2.790998 -0.234248
v 0.102655 -2.955887 -0.234248
v 0.026721 -2.999729 -0.234248
v -0.015369 -2.991009 -0.234248
v 0.178591 -2.999729 -0.234248
v -0.015369 -3.057240 -0.234248
v 0.220680 -2.993594 -0.234248
v 0.026721 -3.087411 -0.234248
v 0.220680 -3.057240 -0.234248
v 0.077827 -3.177915 -0.234247
v 0.178591 -3.087411 -0.234248
v 0.102655 -3.131254 -0.234248
v 0.127483 -3.177915 -0.234247
v -0.013200 -1.073219 0.035013
v -0.058685 -1.185585 0.004478
v -0.013200 -1.171350 0.035013
v -0.056358 -1.050854 0.004407
v -0.021188 -1.238447 0.005610
v 0.102655 -0.956768 0.004165
v 0.023749 -1.224318 0.035013
v 0.102655 -1.004459 0.035013
v 0.023749 -1.717009 0.035013
v 0.215437 -1.071042 0.035013
v -0.017877 -1.746428 0.004831
v 0.261662 -1.051075 0.004752
v 0.022427 -1.764284 0.005462
v 0.263936 -1.185358 0.004838
v 0.049517 -1.725845 0.035013
v 0.215556 -1.175588 0.035013
v 0.065060 -1.815154 0.005839
v 0.226476 -1.238431 0.005655
v 0.109557 -1.799288 0.035013
v 0.181557 -1.224318 0.035013
v 0.109557 -1.875376 0.035013
v 0.181557 -1.704120 0.035013
v 0.064317 -1.862731 0.005504
v 0.227169 -1.717468 0.004512
v 0.072206 -1.936853 0.035013
v 0.200339 -1.758428 0.005592
v 0.024131 -1.930555 0.004534
v 0.155239 -1.745230 0.035013
v 0.092580 -2.158246 0.006560
v 0.155239 -2.217637 0.035013
v 0.139434 -2.168381 0.035013
v 0.200319 -2.204721 0.005828
v 0.074782 -2.238677 0.035013
v 0.181799 -2.266077 0.035013
v 0.057355 -2.194264 0.005973
v 0.227090 -2.245334 0.004684
v 0.018748 -2.238646 0.035013
v 0.225337 -2.932944 0.006447
v -0.014711 -2.199241 0.004796
v 0.182146 -2.954789 0.035013
v -0.020615 -2.933111 0.005363
v 0.220680 -2.993594 0.035013
v 0.018748 -2.958727 0.035013
v 0.264978 -2.969179 0.004855
v -0.015369 -2.991009 0.035013
v 0.265936 -3.072680 0.004481
v -0.059716 -2.969192 0.004741
v 0.220680 -3.057240 0.035013
v -0.060627 -3.072680 0.004481
v 0.127484 -3.177915 0.035013
v -0.015369 -3.057240 0.035013
v 0.149015 -3.221810 0.004557
v 0.077827 -3.177915 0.035013
v 0.056295 -3.221810 0.004557
v -0.058685 -1.185585 -0.203713
v -0.013200 -1.073219 -0.234248
v -0.013200 -1.171350 -0.234248
v -0.056358 -1.050854 -0.203642
v -0.021188 -1.238447 -0.204845
v 0.102655 -0.956768 -0.203400
v 0.023749 -1.224318 -0.234248
v 0.102655 -1.004459 -0.234248
v 0.023749 -1.717009 -0.234248
v 0.215437 -1.071042 -0.234248
v -0.017877 -1.746428 -0.204066
v 0.261662 -1.051075 -0.203987
v 0.022427 -1.764284 -0.204697
v 0.263936 -1.185358 -0.204074
v 0.049517 -1.725845 -0.234248
v 0.215556 -1.175588 -0.234248
v 0.065060 -1.815154 -0.205074
v 0.226476 -1.238431 -0.204889
v 0.109557 -1.799288 -0.234248
v 0.181557 -1.224318 -0.234248
v 0.109557 -1.875376 -0.234248
v 0.181557 -1.704120 -0.234248
v 0.064317 -1.862731 -0.204739
v 0.227169 -1.717468 -0.203747
v 0.072206 -1.936853 -0.234248
v 0.200339 -1.758428 -0.204827
v 0.024131 -1.930555 -0.203768
v 0.155239 -1.745230 -0.234248
v 0.092580 -2.158246 -0.205795
v 0.155239 -2.217637 -0.234248
v 0.139434 -2.168380 -0.234248
v 0.200319 -2.204721 -0.205063
v 0.074782 -2.238677 -0.234248
v 0.181799 -2.266077 -0.234248
v 0.057355 -2.194264 -0.205209
v 0.227090 -2.245334 -0.203919
v 0.018748 -2.238646 -0.234248
v 0.225336 -2.932944 -0.205682
v -0.014711 -2.199241 -0.204032
v 0.182146 -2.954789 -0.234248
v -0.020615 -2.933111 -0.204598
v 0.220680 -2.993594 -0.234248
v 0.018748 -2.958727 -0.234248
v 0.264978 -2.969179 -0.204089
v -0.015369 -2.991009 -0.234248
v 0.265936 -3.072680 -0.203716
v -0.059716 -2.969192 -0.203977
v 0.220680 -3.057240 -0.234248
v -0.060627 -3.072680 -0.203716
v 0.127483 -3.177915 -0.234247
v -0.015369 -3.057240 -0.234248
v 0.149014 -3.221810 -0.203792
v 0.077827 -3.177915 -0.234247
v 0.056295 -3.221810 -0.203792
v 0.263936 -1.185358 -0.062700
v 0.261662 -1.051075 -0.062613
v 0.263936 -1.185358 0.004838
v 0.226476 -1.238431 -0.063513
v 0.261662 -1.051075 0.004752
v 0.226476 -1.238431 0.005655
v 0.102655 -0.956768 -0.062024
v 0.227169 -1.717468 -0.062371
v 0.102655 -0.956768 0.004165
v 0.227169 -1.717468 0.004512
v -0.056358 -1.050854 -0.062266
v 0.200339 -1.758428 0.005592
v -0.056358 -1.050854 0.004407
v 0.200339 -1.758428 -0.063453
v -0.058685 -1.185585 0.004478
v 0.200319 -2.204721 -0.063690
v -0.058685 -1.185585 -0.062339
v 0.200319 -2.204721 0.005828
v -0.021188 -1.238447 -0.063469
v 0.227090 -2.245334 -0.062545
v -0.021188 -1.238447 0.005610
v 0.227090 -2.245334 0.004684
v -0.017877 -1.746428 -0.062690
v 0.225337 -2.932937 -0.064303
v -0.017877 -1.746428 0.004831
v 0.225337 -2.932944 0.006447
v 0.022427 -1.764284 0.005462
v 0.264978 -2.969179 0.004855
v 0.022430 -1.764284 -0.063322
v 0.264981 -2.969179 -0.062714
v 0.065060 -1.815154 0.005839
v 0.265936 -3.072680 0.004481
v 0.065060 -1.815154 -0.063700
v 0.265936 -3.072680 -0.062342
v 0.064319 -1.862731 -0.063364
v 0.149015 -3.221810 -0.062418
v 0.064317 -1.862731 0.005504
v 0.149015 -3.221810 0.004557
v 0.024131 -1.930555 0.004534
v 0.056295 -3.221810 -0.062418
v 0.024131 -1.930555 -0.062392
v 0.056295 -3.221810 0.004557
v 0.092580 -2.158246 -0.064419
v -0.060627 -3.072680 0.004481
v 0.092580 -2.158246 0.006560
v -0.060624 -3.072680 -0.062342
v 0.057355 -2.194264 -0.063832
v -0.059716 -2.969192 -0.062600
v 0.057355 -2.194264 0.005973
v -0.059716 -2.969192 0.004741
v -0.014711 -2.199241 0.004796
v -0.020615 -2.933111 0.005363
v -0.014711 -2.199241 -0.062658
v -0.020615 -2.933111 -0.063221
v 0.261662 -1.051075 -0.136622
v 0.263936 -1.185358 -0.136535
v 0.263936 -1.185358 -0.204074
v 0.226476 -1.238431 -0.135722
v 0.261662 -1.051075 -0.203987
v 0.226476 -1.238431 -0.204889
v 0.102655 -0.956768 -0.137212
v 0.227169 -1.717468 -0.136863
v 0.102655 -0.956768 -0.203400
v 0.227169 -1.717468 -0.203747
v -0.056358 -1.050854 -0.136969
v 0.200339 -1.758428 -0.204827
v -0.056358 -1.050854 -0.203642
v 0.200339 -1.758428 -0.135782
v -0.058685 -1.185585 -0.203713
v 0.200319 -2.204721 -0.135545
v -0.058685 -1.185585 -0.136896
v 0.200319 -2.204721 -0.205063
v -0.021188 -1.238447 -0.135767
v 0.227090 -2.245334 -0.136690
v -0.021188 -1.238447 -0.204845
v 0.227090 -2.245334 -0.203919
v -0.017877 -1.746428 -0.136545
v 0.225337 -2.932937 -0.134932
v -0.017877 -1.746428 -0.204066
v 0.225336 -2.932944 -0.205682
v 0.022427 -1.764284 -0.204697
v 0.264978 -2.969179 -0.204089
v 0.022430 -1.764284 -0.135913
v 0.264981 -2.969179 -0.136522
v 0.065060 -1.815154 -0.205074
v 0.265936 -3.072680 -0.203716
v 0.065060 -1.815154 -0.135535
v 0.265936 -3.072680 -0.136892
v 0.064319 -1.862731 -0.135872
v 0.149014 -3.221810 -0.136817
v 0.064317 -1.862731 -0.204739
v 0.149014 -3.221810 -0.203792
v 0.024131 -1.930555 -0.203768
v 0.056295 -3.221810 -0.136817
v 0.024131 -1.930555 -0.136843
v 0.056295 -3.221810 -0.203792
v 0.092580 -2.158246 -0.134816
v -0.060627 -3.072680 -0.203716
v 0.092580 -2.158246 -0.205795
v -0.060625 -3.072680 -0.136892
v 0.057355 -2.194264 -0.135403
v -0.059716 -2.969192 -0.136634
v 0.057355 -2.194264 -0.205209
v -0.059716 -2.969192 -0.203977
v -0.014711 -2.199241 -0.204032
v -0.020615 -2.933111 -0.204598
v -0.014711 -2.199241 -0.136576
v -0.020615 -2.933111 -0.136013
v 0.102655 -1.037965 0.035013
v 0.102655 -1.037965 -0.092872
v 0.178591 -1.081807 0.035013
v 0.178591 -1.081807 -0.092872
v 0.026721 -1.081807 -0.092872
v 0.178591 -1.169489 -0.092872
v 0.026721 -1.081807 0.035013
v 0.178591 -1.169489 0.035013
v 0.026721 -1.169489 -0.092872
v 0.102655 -1.213332 -0.092872
v 0.026721 -1.169489 0.035013
v 0.102655 -1.213332 0.035013
v 0.102655 -2.955887 0.035013
v 0.178591 -2.999729 -0.092871
v 0.178591 -2.999729 0.035013
v 0.178591 -3.087411 -0.092871
v 0.102655 -2.955887 -0.092871
v 0.026721 -2.999729 0.035013
v 0.026721 -2.999729 -0.092871
v 0.178591 -3.087411 0.035013
v 0.102655 -3.131254 -0.092871
v 0.102655 -3.131254 0.035013
v 0.026721 -3.087411 -0.092871
v 0.026721 -3.087411 0.035013
v 0.026721 -2.999729 -0.092871
v 0.026721 -2.999729 0.035013
v 0.102655 -1.037965 -0.106364
v 0.178591 -1.081807 -0.234248
v 0.178591 -1.081807 -0.106364
v 0.178591 -1.169489 -0.106364
v 0.102655 -1.037965 -0.234248
v 0.178591 -1.169489 -0.234248
v 0.026721 -1.081807 -0.106364
v 0.102655 -1.213332 -0.106364
v 0.026721 -1.081807 -0.234248
v 0.102655 -1.213332 -0.234248
v 0.026721 -1.169489 -0.106364
v 0.026721 -1.169489 -0.234248
v 0.055278 -2.744948 -0.092871
v 0.055278 -2.437943 0.035013
v 0.055278 -2.744948 0.035013
v 0.102655 -2.790998 0.035013
v 0.055278 -2.437943 -0.092872
v 0.102655 -2.790998 -0.092871
v 0.102655 -2.391893 0.035013
v 0.150033 -2.744948 0.035013
v 0.102655 -2.391893 -0.092872
v 0.150033 -2.744948 -0.092871
v 0.150033 -2.437943 0.035013
v 0.150033 -2.437943 -0.092872
v 0.055278 -2.744948 -0.106364
v 0.055278 -2.437943 -0.234248
v 0.055278 -2.437943 -0.106364
v 0.102655 -2.391893 -0.234248
v 0.055278 -2.744948 -0.234248
v 0.102655 -2.391893 -0.106364
v 0.102655 -2.790998 -0.234248
v 0.150033 -2.437943 -0.234248
v 0.102655 -2.790998 -0.106364
v 0.150033 -2.437943 -0.106364
v 0.150033 -2.744948 -0.234248
v 0.150033 -2.744948 -0.106364
v 0.102655 -2.955887 -0.106364
v 0.102655 -2.955887 -0.234248
v 0.178591 -2.999729 -0.106364
v 0.026721 -2.999729 -0.234248
v 0.026721 -2.999729 -0.106364
v 0.178591 -2.999729 -0.234248
v 0.178591 -3.087411 -0.106364
v 0.178591 -3.087411 -0.234248
v 0.102655 -3.131254 -0.106364
v 0.102655 -3.131254 -0.234248
v 0.026721 -3.087411 -0.106364
v 0.026721 -3.087411 -0.234248
v 0.026721 -2.999729 -0.106364
v 0.026721 -2.999729 -0.234248
v 0.055278 -1.567107 0.035013
v 0.055278 -1.567107 -0.092872
v 0.055278 -1.352205 0.035013
v 0.102655 -1.599343 0.035013
v 0.055278 -1.352205 -0.092872
v 0.102655 -1.599343 -0.092872
v 0.102655 -1.319970 0.035013
v 0.150033 -1.567107 0.035013
v 0.102655 -1.319970 -0.092872
v 0.150033 -1.567107 -0.092872
v 0.150033 -1.352205 0.035013
v 0.150033 -1.352205 -0.092872
v 0.055278 -1.567107 -0.106364
v 0.055278 -1.352205 -0.234248
v 0.055278 -1.352205 -0.106364
v 0.102655 -1.319970 -0.234248
v 0.055278 -1.567107 -0.234248
v 0.102655 -1.319970 -0.106364
v 0.102655 -1.599343 -0.234248
v 0.150033 -1.352205 -0.234248
v 0.102655 -1.599343 -0.106364
v 0.150033 -1.352205 -0.106364
v 0.150033 -1.567107 -0.234248
v 0.150033 -1.567107 -0.106364
v 0.102655 -1.004459 -0.092872
v 0.178591 -1.081807 -0.092872
v 0.102655 -1.037965 -0.092872
v 0.026721 -1.081807 -0.092872
v 0.215437 -1.071042 -0.092872
v -0.013200 -1.073219 -0.092872
v 0.215556 -1.175588 -0.092872
v -0.013200 -1.171350 -0.092872
v 0.178591 -1.169489 -0.092872
v 0.026721 -1.169489 -0.092872
v 0.181557 -1.224318 -0.092872
v 0.023749 -1.224318 -0.092872
v 0.102655 -1.213332 -0.092872
v 0.102655 -1.319970 -0.092872
v 0.150033 -1.352205 -0.092872
v 0.055278 -1.352205 -0.092872
v 0.150033 -1.567107 -0.092872
v 0.055278 -1.567107 -0.092872
v 0.181557 -1.704120 -0.092872
v 0.023749 -1.717009 -0.092872
v 0.102655 -1.599343 -0.092872
v 0.049517 -1.725845 -0.092872
v 0.155239 -1.745230 -0.092872
v 0.109557 -1.799288 -0.092872
v 0.109557 -1.875376 -0.092872
v 0.139434 -2.168380 -0.092872
v 0.072206 -1.936853 -0.092872
v 0.155239 -2.217637 -0.092872
v 0.074782 -2.238677 -0.092872
v 0.181799 -2.266077 -0.092872
v 0.102655 -2.391893 -0.092872
v 0.018748 -2.238646 -0.092872
v 0.150033 -2.437943 -0.092872
v 0.055278 -2.437943 -0.092872
v 0.150033 -2.744948 -0.092871
v 0.055278 -2.744948 -0.092871
v 0.182146 -2.954789 -0.092871
v 0.018748 -2.958727 -0.092871
v 0.102655 -2.790998 -0.092871
v 0.102655 -2.955887 -0.092871
v 0.178591 -2.999729 -0.092871
v 0.026721 -2.999729 -0.092871
v 0.220680 -2.993504 -0.092871
v -0.015369 -2.991009 -0.092871
v 0.220680 -3.057240 -0.092871
v -0.015369 -3.057240 -0.092871
v 0.178591 -3.087411 -0.092871
v 0.026721 -3.087411 -0.092871
v 0.127484 -3.177915 -0.092871
v 0.077827 -3.177915 -0.092871
v 0.102655 -3.131254 -0.092871
v 0.178591 -1.081807 -0.106364
v 0.102655 -1.004459 -0.106364
v 0.102655 -1.037965 -0.106364
v 0.026721 -1.081807 -0.106364
v 0.215437 -1.071042 -0.106364
v -0.013200 -1.073219 -0.106364
v 0.215556 -1.175588 -0.106364
v -0.013200 -1.171350 -0.106364
v 0.178591 -1.169489 -0.106364
v 0.026721 -1.169489 -0.106364
v 0.181557 -1.224318 -0.106364
v 0.023749 -1.224318 -0.106364
v 0.102655 -1.213332 -0.106364
v 0.102655 -1.319970 -0.106364
v 0.150033 -1.352205 -0.106364
v 0.055278 -1.352205 -0.106364
v 0.150033 -1.567107 -0.106364
v 0.055278 -1.567107 -0.106364
v 0.181557 -1.704120 -0.106364
v 0.023749 -1.717009 -0.106364
v 0.102655 -1.599343 -0.106364
v 0.049517 -1.725845 -0.106364
v 0.155239 -1.745230 -0.106364
v 0.109557 -1.799288 -0.106364
v 0.109557 -1.875376 -0.106364
v 0.139434 -2.168380 -0.106364
v 0.072206 -1.936853 -0.106364
v 0.155239 -2.217637 -0.106364
v 0.074782 -2.238677 -0.106364
v 0.181799 -2.266077 -0.106364
v 0.102655 -2.391893 -0.106364
v 0.018748 -2.238646 -0.106364
v 0.150033 -2.437943 -0.106364
v 0.055278 -2.437943 -0.106364
v 0.150033 -2.744948 -0.106364
v 0.055278 -2.744948 -0.106364
v 0.182146 -2.954789 -0.106364
v 0.018748 -2.958727 -0.106364
v 0.102655 -2.790998 -0.106364
v 0.102655 -2.955887 -0.106364
v 0.178591 -2.999729 -0.106364
v 0.026721 -2.999729 -0.106364
v 0.220680 -2.993504 -0.106364
v -0.015369 -2.991009 -0.106364
v 0.220680 -3.057240 -0.106364
v -0.015369 -3.057240 -0.106364
v 0.178591 -3.087411 -0.106364
v 0.026721 -3.087411 -0.106364
v 0.127484 -3.177915 -0.106364
v 0.077827 -3.177915 -0.106364
v 0.102655 -3.131254 -0.106364
v 0.263936 -1.185358 -0.062700
v 0.215437 -1.071042 -0.092872
v 0.261662 -1.051075 -0.062613
v 0.102655 -0.956768 -0.062024
v 0.215556 -1.175588 -0.092872
v 0.102655 -1.004459 -0.092872
v 0.226476 -1.238431 -0.063513
v -0.013200 -1.073219 -0.092872
v 0.181557 -1.224318 -0.092872
v -0.056358 -1.050854 -0.062266
v 0.181557 -1.704120 -0.092872
v -0.058685 -1.185585 -0.062339
v 0.227169 -1.717468 -0.062371
v -0.013200 -1.171350 -0.092872
v 0.200339 -1.758428 -0.063453
v -0.021188 -1.238447 -0.063469
v 0.155239 -1.745230 -0.092872
v 0.023749 -1.224318 -0.092872
v 0.155239 -2.217637 -0.092872
v 0.023749 -1.717009 -0.092872
v 0.200319 -2.204721 -0.063690
v -0.017877 -1.746428 -0.062690
v 0.181799 -2.266077 -0.092872
v 0.022430 -1.764284 -0.063322
v 0.227090 -2.245334 -0.062545
v 0.049517 -1.725845 -0.092872
v 0.225337 -2.932937 -0.064303
v 0.065060 -1.815154 -0.063700
v 0.182146 -2.954789 -0.092871
v 0.109557 -1.799288 -0.092872
v 0.220680 -2.993504 -0.092871
v 0.109557 -1.875376 -0.092872
v 0.264981 -2.969179 -0.062714
v 0.064319 -1.862731 -0.063364
v 0.265936 -3.072680 -0.062342
v 0.072206 -1.936853 -0.092872
v 0.220680 -3.057240 -0.092871
v 0.024131 -1.930555 -0.062392
v 0.127484 -3.177915 -0.092871
v 0.092580 -2.158246 -0.064419
v 0.149015 -3.221810 -0.062418
v 0.139434 -2.168380 -0.092872
v 0.077827 -3.177915 -0.092871
v 0.074782 -2.238677 -0.092872
v 0.056295 -3.221810 -0.062418
v 0.057355 -2.194264 -0.063832
v -0.060624 -3.072680 -0.062342
v 0.018748 -2.238646 -0.092872
v -0.015369 -3.057240 -0.092871
v -0.014711 -2.199241 -0.062658
v -0.015369 -2.991009 -0.092871
v -0.020615 -2.933111 -0.063221
v -0.059716 -2.969192 -0.062600
v 0.018748 -2.958727 -0.092871
v 0.215437 -1.071042 -0.106364
v 0.263936 -1.185358 -0.136535
v 0.261662 -1.051075 -0.136622
v 0.102655 -0.956768 -0.137212
v 0.215556 -1.175588 -0.106364
v 0.102655 -1.004459 -0.106364
v 0.226476 -1.238431 -0.135722
v -0.013200 -1.073219 -0.106364
v 0.181557 -1.224318 -0.106364
v -0.056358 -1.050854 -0.136969
v 0.181557 -1.704120 -0.106364
v -0.058685 -1.185585 -0.136896
v 0.227169 -1.717468 -0.136863
v -0.013200 -1.171350 -0.106364
v 0.200339 -1.758428 -0.135782
v -0.021188 -1.238447 -0.135767
v 0.155239 -1.745230 -0.106364
v 0.023749 -1.224318 -0.106364
v 0.155239 -2.217637 -0.106364
v 0.023749 -1.717009 -0.106364
v 0.200319 -2.204721 -0.135545
v -0.017877 -1.746428 -0.136545
v 0.181799 -2.266077 -0.106364
v 0.022430 -1.764284 -0.135913
v 0.227090 -2.245334 -0.136690
v 0.049517 -1.725845 -0.106364
v 0.225337 -2.932937 -0.134932
v 0.065060 -1.815154 -0.135535
v 0.182146 -2.954789 -0.106364
v 0.109557 -1.799288 -0.106364
v 0.220680 -2.993504 -0.106364
v 0.109557 -1.875376 -0.106364
v 0.264981 -2.969179 -0.136522
v 0.064319 -1.862731 -0.135872
v 0.265936 -3.072680 -0.136892
v 0.072206 -1.936853 -0.106364
v 0.220680 -3.057240 -0.106364
v 0.024131 -1.930555 -0.136843
v 0.127484 -3.177915 -0.106364
v 0.092580 -2.158246 -0.134816
v 0.149014 -3.221810 -0.136817
v 0.139434 -2.168380 -0.106364
v 0.077827 -3.177915 -0.106364
v 0.074782 -2.238677 -0.106364
v 0.056295 -3.221810 -0.136817
v 0.057355 -2.194264 -0.135403
v -0.060625 -3.072680 -0.136892
v 0.018748 -2.238646 -0.106364
v -0.015369 -3.057240 -0.106364
v -0.014711 -2.199241 -0.136576
v -0.015369 -2.991009 -0.106364
v -0.020615 -2.933111 -0.136013
v -0.059716 -2.969192 -0.136634
v 0.018748 -2.958727 -0.106364
vn -0.0005 0.0005 1.0000
vn -0.0005 0.0005 -1.0000
vn -0.4529 0.2760 0.8478
vn -0.5185 -0.1549 0.8409
vn -0.5185 -0.1546 0.8410
vn -0.4530 0.2760 0.8477
vn -0.4596 0.2631 0.8482
vn -0.5173 -0.1598 0.8407
vn -0.5184 -0.1550 0.8410
vn -0.0007 0.5410 0.8410
vn -0.4595 0.2632 0.8483
vn -0.4529 0.2764 0.8477
vn -0.5184 -0.1549 0.8410
vn -0.5173 -0.1599 0.8407
vn -0.5174 -0.1590 0.8408
vn -0.0005 0.5410 0.8410
vn -0.4529 0.2763 0.8477
vn -0.4109 -0.2721 0.8701
vn -0.5174 -0.1587 0.8409
vn -0.5174 -0.1597 0.8407
vn 0.4333 0.2839 0.8554
vn -0.0002 0.5410 0.8410
vn -0.5173 -0.1597 0.8408
vn -0.4071 -0.2780 0.8701
vn -0.4110 -0.2721 0.8701
vn -0.0005 0.5409 0.8411
vn 0.4488 0.2496 0.8581
vn -0.3228 -0.4332 0.8415
vn -0.4109 -0.2723 0.8701
vn -0.4070 -0.2780 0.8701
vn 0.4333 0.2838 0.8554
vn 0.5057 -0.1441 0.8506
vn 0.4489 0.2493 0.8581
vn -0.4109 -0.2722 0.8701
vn 0.4334 0.2835 0.8554
vn 0.5006 -0.1626 0.8503
vn -0.4939 -0.1764 0.8515
vn -0.3229 -0.4332 0.8415
vn 0.5056 -0.1442 0.8506
vn 0.5006 -0.1627 0.8503
vn 0.5088 -0.1589 0.8461
vn -0.4938 -0.1764 0.8515
vn 0.5006 -0.1628 0.8502
vn 0.5096 -0.1578 0.8458
vn -0.4939 -0.1761 0.8515
vn -0.5182 0.1421 0.8434
vn -0.4939 -0.1760 0.8515
vn 0.5152 -0.1479 0.8442
vn 0.5088 -0.1588 0.8461
vn -0.5181 0.1430 0.8433
vn 0.5089 -0.1588 0.8461
vn 0.5153 -0.1460 0.8445
vn -0.5181 0.1424 0.8434
vn -0.5181 0.1431 0.8433
vn -0.5222 0.0640 0.8504
vn 0.5114 -0.1481 0.8465
vn 0.5153 -0.1461 0.8445
vn 0.5151 -0.1481 0.8442
vn -0.5221 0.0650 0.8504
vn 0.5151 -0.1482 0.8442
vn 0.5115 -0.1471 0.8466
vn 0.5114 -0.1480 0.8465
vn -0.4957 0.1213 0.8599
vn -0.5222 0.0639 0.8504
vn -0.5222 0.0649 0.8504
vn 0.5065 0.1363 0.8514
vn 0.5115 -0.1468 0.8466
vn -0.5222 0.0636 0.8504
vn -0.4957 0.1216 0.8600
vn -0.4968 0.1148 0.8602
vn 0.5067 0.1343 0.8516
vn -0.2213 0.4879 0.8444
vn -0.4956 0.1216 0.8600
vn 0.5163 0.1226 0.8476
vn 0.5067 0.1345 0.8516
vn -0.2213 0.4878 0.8444
vn -0.2311 0.4831 0.8445
vn 0.5163 0.1227 0.8476
vn 0.5074 0.1452 0.8494
vn -0.3736 0.3033 0.8766
vn -0.2210 0.4879 0.8444
vn -0.2309 0.4831 0.8445
vn 0.5164 0.1226 0.8475
vn 0.4764 0.1861 0.8593
vn 0.5075 0.1450 0.8494
vn -0.2310 0.4831 0.8445
vn -0.3345 0.3385 0.8795
vn 0.4694 0.1997 0.8601
vn 0.4764 0.1860 0.8593
vn -0.5283 0.1910 0.8273
vn -0.3345 0.3384 0.8795
vn 0.4821 0.1812 0.8572
vn 0.4763 0.1862 0.8593
vn 0.4694 0.1998 0.8601
vn -0.3736 0.3032 0.8766
vn -0.5283 0.1907 0.8273
vn -0.5045 0.2281 0.8327
vn 0.4821 0.1813 0.8572
vn 0.4732 0.1999 0.8580
vn -0.4821 0.1989 0.8532
vn -0.5045 0.2282 0.8327
vn -0.5282 0.1911 0.8273
vn 0.5116 -0.1762 0.8409
vn 0.4732 0.1997 0.8580
vn -0.4821 0.1988 0.8533
vn -0.5282 0.1912 0.8273
vn -0.4780 0.2087 0.8532
vn 0.4821 0.1810 0.8572
vn 0.5117 -0.1754 0.8411
vn 0.5116 -0.1760 0.8410
vn -0.5124 -0.1753 0.8407
vn -0.4781 0.2085 0.8532
vn 0.2301 -0.4733 0.8503
vn 0.5116 -0.1764 0.8409
vn 0.5117 -0.1755 0.8411
vn -0.5124 -0.1753 0.8406
vn -0.5125 -0.1753 0.8406
vn 0.2310 -0.4732 0.8501
vn -0.5124 -0.1754 0.8406
vn -0.2301 -0.4733 0.8503
vn -0.5124 -0.1754 0.8407
vn -0.2299 -0.4733 0.8504
vn 0.2307 -0.4732 0.8502
vn 0.2300 -0.4734 0.8503
vn -0.2301 -0.4732 0.8503
vn -0.2310 -0.4732 0.8501
vn 0.2307 -0.4733 0.8502
vn -0.2300 -0.4734 0.8503
vn -0.2306 -0.4732 0.8502
vn -0.5185 -0.1549 -0.8409
vn -0.4530 0.2760 -0.8477
vn -0.4596 0.2631 -0.8482
vn -0.5184 -0.1552 -0.8410
vn -0.5173 -0.1599 -0.8407
vn -0.5184 -0.1551 -0.8410
vn -0.0007 0.5410 -0.8410
vn -0.4529 0.2763 -0.8477
vn -0.4595 0.2632 -0.8483
vn -0.5184 -0.1549 -0.8410
vn -0.5174 -0.1588 -0.8409
vn -0.0005 0.5410 -0.8410
vn -0.4529 0.2764 -0.8477
vn -0.4109 -0.2721 -0.8701
vn -0.5173 -0.1595 -0.8408
vn -0.5174 -0.1587 -0.8409
vn -0.0002 0.5410 -0.8410
vn 0.4333 0.2839 -0.8554
vn -0.4070 -0.2780 -0.8701
vn -0.5174 -0.1597 -0.8407
vn -0.4110 -0.2721 -0.8701
vn 0.4488 0.2496 -0.8581
vn -0.4109 -0.2723 -0.8701
vn -0.3228 -0.4332 -0.8415
vn 0.4488 0.2495 -0.8581
vn 0.5057 -0.1441 -0.8506
vn 0.4333 0.2838 -0.8554
vn -0.4109 -0.2722 -0.8701
vn 0.5006 -0.1626 -0.8503
vn -0.4939 -0.1764 -0.8515
vn 0.5088 -0.1590 -0.8461
vn 0.5006 -0.1627 -0.8503
vn 0.5057 -0.1444 -0.8506
vn -0.4938 -0.1764 -0.8515
vn -0.3229 -0.4332 -0.8415
vn -0.4939 -0.1764 -0.8514
vn 0.5006 -0.1628 -0.8503
vn 0.5088 -0.1589 -0.8461
vn 0.5096 -0.1579 -0.8458
vn -0.5181 0.1421 -0.8434
vn -0.4939 -0.1761 -0.8515
vn -0.4939 -0.1760 -0.8515
vn 0.5088 -0.1588 -0.8461
vn 0.5152 -0.1479 -0.8442
vn 0.5096 -0.1578 -0.8458
vn -0.5182 0.1421 -0.8434
vn -0.5181 0.1430 -0.8433
vn 0.5151 -0.1479 -0.8443
vn 0.5153 -0.1460 -0.8445
vn -0.5222 0.0640 -0.8504
vn -0.5181 0.1431 -0.8433
vn -0.5181 0.1424 -0.8434
vn 0.5151 -0.1482 -0.8442
vn 0.5153 -0.1461 -0.8445
vn 0.5114 -0.1480 -0.8465
vn -0.5181 0.1432 -0.8433
vn -0.5222 0.0652 -0.8503
vn 0.5115 -0.1471 -0.8466
vn -0.5222 0.0638 -0.8504
vn -0.4957 0.1213 -0.8600
vn -0.5222 0.0649 -0.8504
vn 0.5065 0.1363 -0.8514
vn 0.5115 -0.1467 -0.8466
vn -0.4957 0.1216 -0.8599
vn -0.5222 0.0637 -0.8504
vn -0.4968 0.1148 -0.8602
vn 0.5067 0.1343 -0.8516
vn -0.2213 0.4879 -0.8444
vn -0.4956 0.1216 -0.8600
vn 0.5067 0.1344 -0.8516
vn 0.5164 0.1227 -0.8475
vn -0.4956 0.1219 -0.8600
vn -0.2312 0.4831 -0.8445
vn 0.5163 0.1228 -0.8476
vn 0.5074 0.1452 -0.8494
vn -0.2212 0.4879 -0.8444
vn -0.3736 0.3033 -0.8766
vn -0.2307 0.4831 -0.8446
vn 0.5075 0.1450 -0.8494
vn 0.4763 0.1861 -0.8593
vn 0.5164 0.1226 -0.8475
vn -0.3345 0.3384 -0.8795
vn -0.2310 0.4831 -0.8445
vn 0.4694 0.1997 -0.8601
vn 0.4764 0.1860 -0.8593
vn -0.3736 0.3032 -0.8766
vn -0.5283 0.1910 -0.8273
vn 0.4763 0.1865 -0.8593
vn 0.4821 0.1813 -0.8572
vn 0.4694 0.1998 -0.8601
vn -0.5045 0.2281 -0.8327
vn 0.4763 0.1862 -0.8593
vn 0.4732 0.1999 -0.8580
vn -0.5282 0.1911 -0.8273
vn -0.5045 0.2282 -0.8327
vn -0.4820 0.1989 -0.8533
vn 0.5116 -0.1762 -0.8409
vn 0.4821 0.1812 -0.8572
vn 0.4732 0.1997 -0.8580
vn -0.4781 0.2086 -0.8532
vn -0.4821 0.1988 -0.8533
vn 0.5116 -0.1763 -0.8409
vn 0.5117 -0.1754 -0.8411
vn 0.4821 0.1810 -0.8572
vn -0.5124 -0.1750 -0.8407
vn -0.4781 0.2085 -0.8532
vn 0.5116 -0.1764 -0.8409
vn 0.2301 -0.4733 -0.8503
vn 0.5117 -0.1755 -0.8411
vn 0.2310 -0.4732 -0.8501
vn -0.2301 -0.4733 -0.8503
vn -0.5124 -0.1754 -0.8406
vn 0.2308 -0.4732 -0.8502
vn -0.2300 -0.4733 -0.8503
vn 0.2300 -0.4733 -0.8503
vn -0.5124 -0.1755 -0.8406
vn -0.2302 -0.4733 -0.8503
vn -0.2310 -0.4731 -0.8502
vn -0.2298 -0.4733 -0.8504
vn -0.2309 -0.4733 -0.8501
vn 0.9553 -0.2956 -0.0005
vn 0.8651 0.5017 -0.0005
vn 0.9552 -0.2958 -0.0005
vn 0.9538 -0.3004 0.0038
vn 0.9537 -0.3006 -0.0005
vn 0.0005 1.0000 -0.0005
vn 0.8651 0.5016 -0.0005
vn 0.9539 -0.3001 -0.0005
vn 0.9580 -0.2867 -0.0005
vn 0.0005 1.0000 -0.0006
vn 0.9539 -0.3001 -0.0007
vn -0.8644 0.5028 -0.0006
vn 0.9588 -0.2839 -0.0005
vn 0.9580 -0.2868 -0.0005
vn -0.8644 0.5028 -0.0005
vn -0.9548 -0.2972 -0.0005
vn 0.9589 -0.2838 -0.0005
vn 0.9587 0.2846 0.0002
vn 0.9589 -0.2838 0.0002
vn 0.9587 0.2846 -0.0005
vn -0.9522 -0.3054 -0.0005
vn -0.9547 -0.2975 -0.0005
vn 0.9586 0.2847 -0.0005
vn 0.9577 0.2877 -0.0005
vn -0.8348 -0.5506 -0.0005
vn -0.9523 -0.3053 -0.0005
vn -0.9523 -0.3053 0.0005
vn 0.9578 0.2874 -0.0005
vn 0.9173 0.3983 0.0010
vn 0.9173 0.3983 -0.0005
vn -0.6025 -0.7981 -0.0033
vn -0.8348 -0.5505 -0.0005
vn 0.9112 0.4120 -0.0005
vn 0.9172 0.3984 -0.0005
vn -0.6025 -0.7981 -0.0005
vn -0.6026 -0.7980 -0.0005
vn -0.9423 -0.3349 -0.0020
vn 0.9468 -0.3217 -0.0005
vn 0.9112 0.4119 -0.0005
vn -0.9423 -0.3348 -0.0005
vn -0.6027 -0.7980 -0.0013
vn 0.9468 -0.3218 -0.0005
vn -0.9424 -0.3345 -0.0005
vn -0.9424 -0.3345 0.0025
vn -0.9628 0.2701 -0.0005
vn 0.4372 -0.8993 -0.0004
vn -0.9628 0.2701 0.0018
vn 0.4372 -0.8993 -0.0005
vn 0.9468 -0.3218 -0.0003
vn -0.9628 0.2702 -0.0005
vn -0.9926 0.1217 -0.0005
vn 0.4372 -0.8994 -0.0005
vn -0.4372 -0.8994 -0.0005
vn -0.9627 0.2704 -0.0005
vn 0.4372 -0.8994 -0.0004
vn -0.9713 0.2378 -0.0005
vn -0.4372 -0.8993 -0.0005
vn -0.9467 -0.3222 -0.0005
vn -0.9713 0.2378 -0.0043
vn -0.9926 0.1217 -0.0004
vn -0.9467 -0.3222 -0.0004
vn -0.4226 0.9063 -0.0005
vn -0.9713 0.2378 0.0059
vn -0.9467 -0.3221 -0.0005
vn -0.9134 0.4070 -0.0005
vn -0.9713 0.2378 -0.0004
vn -0.4227 0.9063 0.0041
vn -0.9134 0.4071 -0.0005
vn -0.9467 -0.3220 -0.0005
vn -0.7255 0.6882 -0.0005
vn -0.9151 0.4032 -0.0004
vn -0.9151 0.4032 -0.0005
vn -0.9151 0.4031 0.0047
vn -0.9152 0.4031 -0.0005
vn -0.7254 0.6883 -0.0005
vn -0.9152 0.4031 -0.0003
vn 0.8651 0.5017 -0.0006
vn 0.9538 -0.3006 -0.0005
vn -0.8644 0.5028 -0.0004
vn 0.9588 -0.2840 -0.0005
vn 0.9586 0.2848 -0.0005
vn -0.8348 -0.5506 -0.0006
vn -0.6024 -0.7982 -0.0005
vn 0.9172 0.3983 -0.0004
vn 0.9172 0.3983 -0.0005
vn -0.6025 -0.7981 -0.0032
vn -0.9423 -0.3349 -0.0005
vn -0.6026 -0.7980 -0.0012
vn -0.6027 -0.7980 -0.0005
vn -0.9423 -0.3347 -0.0020
vn -0.9424 -0.3346 0.0025
vn -0.9468 -0.3220 -0.0005
vn -0.7254 0.6883 -0.0004
vn -0.0005 -1.0000 -0.0005
vn -0.8661 -0.4998 -0.0000
vn -0.8661 -0.4998 -0.0005
vn -0.0005 -1.0000 -0.0000
vn 0.8661 -0.4998 -0.0000
vn -0.8662 -0.4998 -0.0005
vn -0.8662 -0.4998 -0.0000
vn -0.8662 0.4998 -0.0005
vn 0.8661 -0.4998 -0.0005
vn -0.8662 0.4998 -0.0000
vn 0.8662 -0.4998 -0.0005
vn 0.8662 0.4998 -0.0000
vn -0.0005 1.0000 -0.0005
vn 0.8662 0.4998 -0.0005
vn 0.8662 -0.4998 -0.0000
vn -0.0005 1.0000 -0.0000
vn 0.8661 0.4998 -0.0005
vn 0.8661 0.4998 -0.0000
vn 0.4999 -0.8661 -0.0003
vn 0.5000 -0.8660 -0.0000
vn 1.0000 0.0005 -0.0005
vn 0.9211 0.3894 -0.0005
vn 0.9211 -0.3894 -0.0000
vn -0.0008 1.0000 -0.0005
vn 0.9210 0.3894 -0.0005
vn 0.9210 0.3894 -0.0000
vn 0.9211 -0.3894 -0.0005
vn 0.9211 0.3894 -0.0000
vn -0.0008 1.0000 -0.0006
vn -0.0008 1.0000 -0.0000
vn -0.0008 -1.0000 -0.0000
vn -0.9210 0.3895 -0.0005
vn -0.0002 1.0000 -0.0004
vn -0.0002 1.0000 -0.0000
vn -0.0008 -1.0000 -0.0005
vn -0.9210 0.3895 -0.0000
vn -0.0002 -1.0000 -0.0005
vn -0.0002 -1.0000 -0.0003
vn -0.9210 -0.3895 -0.0000
vn -0.9211 -0.3894 -0.0005
vn -0.9211 0.3894 -0.0005
vn -0.9211 0.3894 -0.0000
vn -0.9210 -0.3895 -0.0005
vn -0.0002 -1.0000 -0.0000
vn -0.9211 -0.3894 -0.0000
vn -0.0008 -1.0000 -0.0004
vn -0.0008 1.0000 -0.0003
vn -0.0002 1.0000 -0.0005
vn 0.8839 0.4676 -0.0005
vn 0.8839 -0.4676 -0.0000
vn 0.8839 0.4676 -0.0000
vn 0.8839 -0.4676 -0.0005
vn 0.8839 -0.4676 -0.0004
vn -0.8839 0.4676 -0.0005
vn -0.0005 -1.0000 -0.0008
vn -0.8839 0.4676 -0.0000
vn -0.0005 -1.0000 -0.0001
vn -0.8839 -0.4676 -0.0000
vn -0.8839 -0.4676 -0.0005
vn -0.8839 -0.4676 -0.0006
vn 0.8839 0.4676 -0.0006
vn -0.0005 1.0000 -0.0001
vn -0.0005 1.0000 -0.0008
vn -0.8839 0.4676 -0.0004
vn 0.5057 -0.1438 -0.8506
vn 0.4333 0.2840 -0.8553
vn 0.5057 -0.1440 -0.8506
vn 0.5057 -0.1442 -0.8506
vn -0.5185 -0.1548 -0.8409
vn -0.4597 0.2631 -0.8482
vn -0.4530 0.2759 -0.8477
vn -0.5185 -0.1547 -0.8410
vn 0.5114 -0.1481 -0.8465
vn 0.5151 -0.1480 -0.8442
vn -0.5173 -0.1598 -0.8407
vn 0.5065 0.1362 -0.8514
vn 0.5115 -0.1470 -0.8466
vn 0.5066 0.1361 -0.8514
vn -0.4071 -0.2780 -0.8701
vn -0.4070 -0.2781 -0.8701
vn 0.5067 0.1345 -0.8516
vn 0.5074 0.1451 -0.8494
vn 0.5163 0.1227 -0.8476
vn -0.4108 -0.2723 -0.8701
vn -0.3227 -0.4332 -0.8415
vn 0.4764 0.1861 -0.8593
vn -0.3229 -0.4331 -0.8415
vn 0.4763 0.1864 -0.8593
vn 0.4821 0.1814 -0.8572
vn 0.4693 0.1998 -0.8601
vn -0.5182 0.1418 -0.8434
vn 0.4820 0.1813 -0.8572
vn -0.4939 -0.1762 -0.8515
vn -0.5182 0.1420 -0.8434
vn 0.4821 0.1811 -0.8572
vn -0.5181 0.1422 -0.8434
vn -0.5222 0.0642 -0.8504
vn -0.5222 0.0651 -0.8503
vn 0.5116 -0.1767 -0.8409
vn 0.2302 -0.4733 -0.8503
vn 0.2309 -0.4732 -0.8501
vn -0.2299 -0.4734 -0.8503
vn 0.2309 -0.4733 -0.8501
vn -0.2309 -0.4732 -0.8501
vn -0.2213 0.4878 -0.8444
vn -0.2311 0.4831 -0.8445
vn -0.5124 -0.1754 -0.8407
vn -0.2310 -0.4732 -0.8501
vn -0.3736 0.3034 -0.8766
vn -0.3345 0.3385 -0.8795
vn -0.5283 0.1909 -0.8273
vn -0.5124 -0.1753 -0.8406
vn -0.4782 0.2083 -0.8532
vn -0.4781 0.2087 -0.8532
vn 0.5057 -0.1439 0.8506
vn 0.4488 0.2495 0.8581
vn -0.0003 0.5410 0.8410
vn 0.4333 0.2840 0.8553
vn 0.5057 -0.1438 0.8506
vn 0.5057 -0.1442 0.8506
vn -0.4529 0.2762 0.8477
vn -0.0006 0.5410 0.8410
vn -0.4597 0.2632 0.8482
vn -0.4531 0.2759 0.8477
vn 0.5151 -0.1479 0.8443
vn -0.4530 0.2759 0.8477
vn 0.5151 -0.1480 0.8442
vn 0.5114 -0.1483 0.8465
vn 0.5153 -0.1462 0.8445
vn -0.5174 -0.1590 0.8409
vn 0.5115 -0.1470 0.8466
vn 0.5065 0.1362 0.8514
vn 0.5066 0.1362 0.8514
vn -0.5174 -0.1596 0.8407
vn -0.4071 -0.2778 0.8701
vn 0.5163 0.1228 0.8476
vn 0.5067 0.1344 0.8516
vn -0.4069 -0.2780 0.8701
vn 0.5075 0.1451 0.8494
vn -0.3227 -0.4332 0.8415
vn -0.4939 -0.1764 0.8514
vn -0.4939 -0.1766 0.8514
vn 0.4821 0.1814 0.8572
vn 0.4763 0.1864 0.8593
vn -0.4939 -0.1762 0.8515
vn -0.5182 0.1420 0.8434
vn 0.4732 0.2000 0.8580
vn -0.5181 0.1429 0.8433
vn 0.4821 0.1809 0.8572
vn 0.4732 0.1996 0.8580
vn -0.5181 0.1422 0.8434
vn 0.5116 -0.1763 0.8409
vn -0.5222 0.0642 0.8504
vn -0.5221 0.0652 0.8504
vn 0.5116 -0.1766 0.8409
vn -0.4958 0.1215 0.8599
vn 0.2311 -0.4732 0.8501
vn 0.2302 -0.4732 0.8503
vn -0.5222 0.0638 0.8504
vn -0.4957 0.1214 0.8600
vn -0.2300 -0.4733 0.8503
vn 0.2309 -0.4733 0.8501
vn -0.2309 -0.4732 0.8502
vn 0.2309 -0.4732 0.8502
vn -0.2214 0.4879 0.8444
vn -0.2312 0.4831 0.8445
vn -0.2302 -0.4731 0.8504
vn -0.5124 -0.1757 0.8406
vn -0.2311 -0.4732 0.8501
vn -0.2310 0.4832 0.8445
vn -0.2211 0.4879 0.8444
vn -0.3345 0.3386 0.8795
vn -0.5124 -0.1752 0.8407
vn -0.5124 -0.1751 0.8407
vn -0.3737 0.3033 0.8766
vn -0.4821 0.1987 0.8533
vn -0.4781 0.2087 0.8532
vn -0.4821 0.1990 0.8532
vn -0.5283 0.1909 0.8273
vn -0.5046 0.2281 0.8327
vt 0.000000 0.000000
s 0
f 1/1/1 2/1/1 3/1/1
f 3/1/1 4/1/1 1/1/1
f 2/1/1 1/1/1 5/1/1
f 1/1/1 4/1/1 6/1/1
f 4/1/1 7/1/1 6/1/1
f 7/1/1 4/1/1 8/1/1
f 9/1/1 7/1/1 8/1/1
f 7/1/1 9/1/1 10/1/1
f 11/1/1 2/1/1 5/1/1
f 10/1/1 9/1/1 12/1/1
f 13/1/1 11/1/1 5/1/1
f 10/1/1 12/1/1 13/1/1
f 14/1/1 11/1/1 13/1/1
f 14/1/1 13/1/1 12/1/1
f 11/1/1 14/1/1 15/1/1
f 14/1/1 12/1/1 16/1/1
f 17/1/1 11/1/1 15/1/1
f 12/1/1 18/1/1 16/1/1
f 11/1/1 17/1/1 19/1/1
f 18/1/1 12/1/1 20/1/1
f 20/1/1 21/1/1 18/1/1
f 21/1/1 19/1/1 17/1/1
f 22/1/1 21/1/1 20/1/1
f 22/1/1 19/1/1 21/1/1
f 19/1/1 22/1/1 23/1/1
f 23/1/1 22/1/1 24/1/1
f 25/1/1 23/1/1 24/1/1
f 26/1/1 23/1/1 25/1/1
f 25/1/1 27/1/1 26/1/1
f 23/1/1 26/1/1 28/1/1
f 26/1/1 29/1/1 28/1/1
f 29/1/1 30/1/1 28/1/1
f 30/1/1 29/1/1 31/1/1
f 32/1/1 31/1/1 29/1/1
f 30/1/1 31/1/1 33/1/1
f 31/1/1 32/1/1 34/1/1
f 35/1/1 30/1/1 33/1/1
f 32/1/1 36/1/1 34/1/1
f 30/1/1 35/1/1 37/1/1
f 32/1/1 38/1/1 36/1/1
f 38/1/1 39/1/1 36/1/1
f 40/1/1 35/1/1 39/1/1
f 40/1/1 39/1/1 38/1/1
f 35/1/1 40/1/1 37/1/1
f 41/1/1 40/1/1 38/1/1
f 37/1/1 40/1/1 42/1/1
f 41/1/1 38/1/1 43/1/1
f 42/1/1 44/1/1 37/1/1
f 45/1/1 41/1/1 43/1/1
f 42/1/1 46/1/1 44/1/1
f 47/1/1 41/1/1 45/1/1
f 46/1/1 42/1/1 48/1/1
f 45/1/1 49/1/1 47/1/1
f 50/1/1 46/1/1 48/1/1
f 49/1/1 51/1/1 47/1/1
f 51/1/1 50/1/1 48/1/1
f 50/1/1 51/1/1 49/1/1
f 52/1/2 53/1/2 54/1/2
f 55/1/2 54/1/2 53/1/2
f 53/1/2 52/1/2 56/1/2
f 55/1/2 53/1/2 57/1/2
f 58/1/2 55/1/2 57/1/2
f 55/1/2 58/1/2 59/1/2
f 58/1/2 60/1/2 59/1/2
f 60/1/2 58/1/2 61/1/2
f 62/1/2 56/1/2 52/1/2
f 60/1/2 61/1/2 63/1/2
f 56/1/2 62/1/2 64/1/2
f 64/1/2 63/1/2 61/1/2
f 62/1/2 65/1/2 64/1/2
f 65/1/2 63/1/2 64/1/2
f 65/1/2 62/1/2 66/1/2
f 63/1/2 65/1/2 67/1/2
f 62/1/2 68/1/2 66/1/2
f 69/1/2 63/1/2 67/1/2
f 62/1/2 70/1/2 68/1/2
f 63/1/2 69/1/2 71/1/2
f 72/1/2 71/1/2 69/1/2
f 70/1/2 72/1/2 68/1/2
f 71/1/2 72/1/2 73/1/2
f 70/1/2 73/1/2 72/1/2
f 73/1/2 70/1/2 74/1/2
f 73/1/2 74/1/2 75/1/2
f 76/1/2 75/1/2 74/1/2
f 74/1/2 77/1/2 76/1/2
f 77/1/2 78/1/2 76/1/2
f 77/1/2 74/1/2 79/1/2
f 79/1/2 80/1/2 77/1/2
f 79/1/2 81/1/2 80/1/2
f 82/1/2 80/1/2 81/1/2
f 80/1/2 82/1/2 83/1/2
f 82/1/2 81/1/2 84/1/2
f 82/1/2 85/1/2 83/1/2
f 81/1/2 86/1/2 84/1/2
f 87/1/2 83/1/2 85/1/2
f 86/1/2 81/1/2 88/1/2
f 89/1/2 83/1/2 87/1/2
f 90/1/2 89/1/2 87/1/2
f 86/1/2 91/1/2 90/1/2
f 89/1/2 90/1/2 91/1/2
f 91/1/2 86/1/2 88/1/2
f 91/1/2 92/1/2 89/1/2
f 89/1/2 92/1/2 93/1/2
f 91/1/2 88/1/2 94/1/2
f 92/1/2 95/1/2 93/1/2
f 88/1/2 96/1/2 94/1/2
f 92/1/2 97/1/2 95/1/2
f 98/1/2 94/1/2 96/1/2
f 99/1/2 95/1/2 97/1/2
f 94/1/2 98/1/2 100/1/2
f 101/1/2 99/1/2 97/1/2
f 98/1/2 102/1/2 100/1/2
f 99/1/2 101/1/2 102/1/2
f 101/1/2 100/1/2 102/1/2
f 103/1/3 104/1/4 105/1/4
f 104/1/5 103/1/6 106/1/7
f 107/1/8 105/1/9 104/1/4
f 108/1/10 106/1/11 103/1/12
f 105/1/13 107/1/14 109/1/15
f 108/1/16 103/1/17 110/1/16
f 111/1/18 109/1/19 107/1/20
f 112/1/21 108/1/22 110/1/22
f 107/1/23 113/1/24 111/1/25
f 108/1/26 112/1/21 114/1/27
f 115/1/28 111/1/29 113/1/30
f 112/1/31 116/1/32 114/1/33
f 111/1/34 115/1/28 117/1/28
f 116/1/32 112/1/35 118/1/36
f 119/1/37 117/1/28 115/1/38
f 116/1/39 118/1/40 120/1/41
f 117/1/28 119/1/42 121/1/37
f 120/1/41 118/1/43 122/1/44
f 119/1/45 123/1/46 121/1/47
f 124/1/48 120/1/49 122/1/44
f 123/1/46 119/1/47 125/1/50
f 120/1/51 124/1/48 126/1/52
f 123/1/53 125/1/54 127/1/55
f 128/1/56 126/1/57 124/1/58
f 127/1/55 125/1/54 129/1/59
f 124/1/60 130/1/61 128/1/62
f 131/1/63 127/1/64 129/1/65
f 132/1/66 128/1/62 130/1/67
f 127/1/68 131/1/69 133/1/70
f 128/1/62 132/1/66 134/1/71
f 135/1/72 133/1/70 131/1/73
f 136/1/74 134/1/75 132/1/66
f 135/1/76 131/1/69 137/1/77
f 134/1/75 136/1/78 138/1/79
f 139/1/80 135/1/81 137/1/82
f 136/1/83 140/1/84 138/1/85
f 137/1/86 141/1/87 139/1/80
f 136/1/83 142/1/88 140/1/89
f 143/1/90 139/1/80 141/1/91
f 144/1/92 140/1/93 142/1/94
f 139/1/95 143/1/96 145/1/97
f 140/1/93 144/1/98 146/1/99
f 147/1/100 145/1/101 143/1/102
f 148/1/103 146/1/104 144/1/92
f 147/1/105 143/1/106 149/1/107
f 144/1/108 150/1/109 148/1/110
f 151/1/111 147/1/105 149/1/112
f 152/1/113 148/1/114 150/1/115
f 147/1/105 151/1/116 153/1/117
f 148/1/114 152/1/113 154/1/118
f 151/1/119 155/1/120 153/1/121
f 155/1/122 154/1/123 152/1/124
f 155/1/125 151/1/119 156/1/126
f 154/1/127 155/1/128 156/1/129
f 157/1/130 158/1/131 159/1/130
f 158/1/131 157/1/130 160/1/132
f 159/1/133 161/1/134 157/1/135
f 162/1/136 158/1/137 160/1/138
f 161/1/134 159/1/139 163/1/140
f 164/1/141 158/1/142 162/1/141
f 165/1/143 161/1/144 163/1/145
f 162/1/146 166/1/147 164/1/146
f 167/1/148 161/1/149 165/1/150
f 166/1/147 162/1/141 168/1/151
f 165/1/152 169/1/153 167/1/148
f 168/1/154 170/1/155 166/1/156
f 169/1/153 165/1/157 171/1/153
f 166/1/156 170/1/155 172/1/158
f 171/1/153 173/1/159 169/1/153
f 174/1/160 172/1/161 170/1/162
f 173/1/163 171/1/164 175/1/165
f 172/1/166 174/1/167 176/1/168
f 177/1/169 173/1/170 175/1/171
f 174/1/172 178/1/173 176/1/174
f 173/1/171 177/1/175 179/1/176
f 178/1/177 174/1/172 180/1/178
f 181/1/179 179/1/180 177/1/181
f 178/1/182 180/1/183 182/1/184
f 179/1/185 181/1/179 183/1/186
f 184/1/187 178/1/182 182/1/184
f 181/1/188 185/1/189 183/1/190
f 182/1/184 186/1/191 184/1/192
f 185/1/193 181/1/194 187/1/195
f 186/1/191 182/1/184 188/1/196
f 189/1/197 185/1/198 187/1/195
f 188/1/199 190/1/200 186/1/191
f 185/1/201 189/1/197 191/1/202
f 190/1/203 188/1/199 192/1/204
f 189/1/205 193/1/206 191/1/207
f 192/1/208 194/1/209 190/1/210
f 193/1/206 195/1/211 191/1/212
f 196/1/213 190/1/210 194/1/214
f 193/1/215 197/1/216 195/1/211
f 194/1/217 198/1/218 196/1/219
f 197/1/216 193/1/206 199/1/220
f 198/1/218 194/1/221 200/1/222
f 197/1/223 199/1/224 201/1/225
f 202/1/226 198/1/227 200/1/228
f 203/1/229 197/1/223 201/1/230
f 202/1/231 204/1/232 198/1/233
f 201/1/230 205/1/234 203/1/235
f 202/1/236 206/1/237 204/1/238
f 205/1/234 201/1/230 207/1/234
f 206/1/237 202/1/236 208/1/239
f 209/1/240 205/1/241 207/1/241
f 208/1/242 209/1/243 206/1/244
f 205/1/245 209/1/246 210/1/247
f 209/1/248 208/1/242 210/1/249
f 211/1/250 212/1/251 213/1/250
f 213/1/252 214/1/253 211/1/252
f 215/1/251 213/1/250 212/1/251
f 214/1/254 213/1/252 216/1/254
f 217/1/255 215/1/256 212/1/256
f 216/1/257 218/1/258 214/1/257
f 215/1/256 217/1/255 219/1/259
f 216/1/260 220/1/258 218/1/258
f 221/1/261 219/1/255 217/1/255
f 222/1/262 218/1/263 220/1/263
f 219/1/255 221/1/264 223/1/264
f 218/1/263 222/1/262 224/1/262
f 221/1/264 225/1/265 223/1/264
f 222/1/266 226/1/267 224/1/266
f 225/1/265 221/1/264 227/1/265
f 222/1/268 228/1/269 226/1/269
f 229/1/270 225/1/271 227/1/271
f 228/1/272 230/1/273 226/1/272
f 225/1/271 229/1/270 231/1/270
f 228/1/272 232/1/273 230/1/273
f 233/1/274 231/1/275 229/1/276
f 232/1/277 234/1/278 230/1/277
f 231/1/275 233/1/274 235/1/274
f 232/1/277 236/1/279 234/1/279
f 237/1/280 235/1/281 233/1/281
f 238/1/282 234/1/283 236/1/283
f 237/1/284 233/1/281 239/1/284
f 234/1/283 238/1/282 240/1/282
f 239/1/285 241/1/286 237/1/285
f 242/1/287 240/1/288 238/1/288
f 241/1/289 239/1/290 243/1/289
f 240/1/288 242/1/291 244/1/291
f 241/1/292 243/1/293 245/1/294
f 242/1/291 246/1/295 244/1/291
f 247/1/296 241/1/292 245/1/294
f 246/1/297 242/1/298 248/1/297
f 245/1/299 249/1/300 247/1/299
f 248/1/301 250/1/302 246/1/301
f 249/1/300 245/1/303 251/1/300
f 248/1/304 252/1/302 250/1/302
f 251/1/300 253/1/305 249/1/300
f 252/1/306 254/1/307 250/1/306
f 255/1/308 249/1/309 253/1/305
f 256/1/310 250/1/306 254/1/307
f 257/1/311 255/1/305 253/1/312
f 254/1/313 258/1/314 256/1/313
f 255/1/315 257/1/311 259/1/316
f 258/1/317 254/1/318 260/1/317
f 257/1/311 261/1/319 259/1/311
f 260/1/317 262/1/320 258/1/317
f 261/1/319 257/1/311 263/1/319
f 262/1/321 264/1/322 258/1/317
f 264/1/323 261/1/324 263/1/324
f 261/1/324 264/1/323 262/1/325
f 265/1/326 266/1/250 267/1/250
f 268/1/327 267/1/252 266/1/252
f 265/1/251 267/1/250 269/1/251
f 267/1/252 268/1/327 270/1/327
f 269/1/256 271/1/255 265/1/256
f 268/1/260 272/1/258 270/1/257
f 271/1/255 269/1/256 273/1/255
f 274/1/258 270/1/257 272/1/258
f 273/1/255 275/1/328 271/1/255
f 272/1/263 276/1/329 274/1/263
f 275/1/264 273/1/255 277/1/264
f 276/1/262 272/1/263 278/1/262
f 279/1/265 275/1/264 277/1/264
f 278/1/268 280/1/269 276/1/266
f 275/1/264 279/1/265 281/1/265
f 282/1/267 276/1/266 280/1/269
f 279/1/271 283/1/270 281/1/271
f 280/1/272 284/1/273 282/1/272
f 283/1/270 279/1/271 285/1/270
f 284/1/273 286/1/273 282/1/330
f 285/1/275 287/1/331 283/1/275
f 284/1/277 288/1/279 286/1/277
f 287/1/274 285/1/276 289/1/274
f 290/1/278 286/1/277 288/1/279
f 287/1/281 289/1/281 291/1/332
f 288/1/333 292/1/282 290/1/334
f 293/1/335 287/1/281 291/1/284
f 292/1/282 288/1/283 294/1/282
f 295/1/336 293/1/285 291/1/337
f 294/1/288 296/1/287 292/1/288
f 293/1/338 295/1/289 297/1/339
f 296/1/291 294/1/288 298/1/291
f 299/1/296 297/1/292 295/1/292
f 300/1/297 296/1/291 298/1/291
f 299/1/294 295/1/340 301/1/294
f 296/1/291 300/1/297 302/1/297
f 303/1/300 299/1/299 301/1/299
f 300/1/301 304/1/302 302/1/301
f 299/1/303 303/1/300 305/1/300
f 304/1/302 306/1/302 302/1/304
f 307/1/308 305/1/300 303/1/300
f 304/1/306 308/1/307 306/1/306
f 307/1/305 303/1/300 309/1/305
f 304/1/306 310/1/307 308/1/307
f 307/1/305 309/1/305 311/1/316
f 312/1/317 308/1/341 310/1/341
f 311/1/311 309/1/312 313/1/311
f 308/1/318 312/1/317 314/1/317
f 315/1/319 311/1/311 313/1/311
f 312/1/317 316/1/322 314/1/317
f 311/1/311 315/1/319 317/1/319
f 318/1/321 316/1/321 312/1/317
f 318/1/323 315/1/342 316/1/323
f 315/1/324 318/1/325 317/1/324
f 319/1/343 320/1/343 321/1/344
f 321/1/345 320/1/346 322/1/345
f 319/1/343 323/1/347 320/1/343
f 321/1/348 322/1/349 324/1/350
f 325/1/351 323/1/351 319/1/346
f 326/1/352 321/1/348 324/1/350
f 325/1/353 327/1/354 323/1/353
f 328/1/355 326/1/350 324/1/352
f 329/1/356 327/1/356 325/1/357
f 326/1/350 328/1/355 330/1/358
f 330/1/355 327/1/359 329/1/360
f 327/1/359 330/1/355 328/1/358
f 331/1/343 332/1/348 333/1/349
f 333/1/348 332/1/349 334/1/350
f 332/1/348 331/1/343 335/1/346
f 331/1/346 336/1/361 335/1/343
f 336/1/362 337/1/362 335/1/343
f 338/1/352 333/1/348 334/1/350
f 339/1/355 338/1/350 334/1/352
f 338/1/350 339/1/355 340/1/358
f 341/1/359 340/1/355 339/1/358
f 340/1/355 341/1/359 342/1/360
f 343/1/363 342/1/356 341/1/354
f 342/1/356 343/1/363 344/1/363
f 345/1/343 346/1/345 347/1/344
f 348/1/352 347/1/348 346/1/348
f 346/1/345 345/1/343 349/1/346
f 348/1/350 346/1/349 350/1/350
f 351/1/351 349/1/343 345/1/346
f 350/1/350 352/1/358 348/1/350
f 349/1/343 351/1/351 353/1/347
f 352/1/355 350/1/352 354/1/355
f 355/1/356 353/1/353 351/1/357
f 354/1/355 355/1/360 352/1/355
f 353/1/353 355/1/356 356/1/354
f 355/1/359 354/1/358 356/1/359
f 357/1/364 358/1/365 359/1/364
f 360/1/366 357/1/367 359/1/368
f 358/1/369 357/1/370 361/1/369
f 357/1/367 360/1/371 362/1/372
f 358/1/369 361/1/369 363/1/373
f 364/1/374 362/1/375 360/1/376
f 363/1/377 361/1/365 365/1/377
f 362/1/375 364/1/374 366/1/378
f 363/1/379 365/1/380 367/1/381
f 367/1/382 366/1/383 364/1/384
f 367/1/385 365/1/386 368/1/385
f 366/1/383 367/1/382 368/1/387
f 369/1/364 370/1/369 371/1/365
f 372/1/388 371/1/369 370/1/365
f 370/1/369 369/1/364 373/1/370
f 371/1/369 372/1/388 374/1/373
f 369/1/367 375/1/372 373/1/367
f 376/1/385 374/1/379 372/1/386
f 377/1/366 375/1/389 369/1/368
f 374/1/379 376/1/385 378/1/381
f 377/1/390 379/1/378 375/1/390
f 380/1/384 378/1/382 376/1/382
f 380/1/374 379/1/374 377/1/376
f 380/1/383 376/1/387 379/1/383
f 381/1/343 382/1/343 383/1/349
f 381/1/343 384/1/361 382/1/343
f 381/1/346 385/1/361 384/1/361
f 383/1/348 382/1/346 386/1/348
f 387/1/352 383/1/348 386/1/348
f 387/1/350 386/1/349 388/1/350
f 388/1/350 389/1/358 387/1/350
f 389/1/355 388/1/352 390/1/355
f 390/1/355 391/1/360 389/1/355
f 391/1/359 390/1/358 392/1/359
f 391/1/356 392/1/356 393/1/363
f 393/1/363 392/1/354 394/1/363
f 395/1/391 396/1/391 397/1/392
f 398/1/355 396/1/391 395/1/393
f 397/1/394 396/1/393 399/1/394
f 396/1/391 398/1/355 400/1/358
f 397/1/394 399/1/395 401/1/346
f 402/1/396 400/1/355 398/1/358
f 401/1/397 399/1/392 403/1/343
f 400/1/355 402/1/396 404/1/398
f 401/1/343 403/1/399 405/1/400
f 405/1/401 404/1/396 402/1/398
f 405/1/402 403/1/346 406/1/401
f 404/1/396 405/1/401 406/1/400
f 407/1/391 408/1/394 409/1/392
f 410/1/343 409/1/394 408/1/392
f 408/1/394 407/1/391 411/1/393
f 409/1/394 410/1/343 412/1/346
f 407/1/403 413/1/358 411/1/391
f 414/1/401 412/1/343 410/1/346
f 415/1/355 413/1/404 407/1/393
f 412/1/343 414/1/401 416/1/400
f 415/1/405 417/1/398 413/1/355
f 414/1/401 418/1/398 416/1/401
f 418/1/396 417/1/406 415/1/358
f 418/1/396 414/1/400 417/1/396
f 419/1/2 420/1/2 421/1/2
f 422/1/2 419/1/2 421/1/2
f 420/1/2 419/1/2 423/1/2
f 419/1/2 422/1/2 424/1/2
f 425/1/2 420/1/2 423/1/2
f 422/1/2 426/1/2 424/1/2
f 420/1/2 425/1/2 427/1/2
f 428/1/2 426/1/2 422/1/2
f 427/1/2 425/1/2 429/1/2
f 426/1/2 428/1/2 430/1/2
f 429/1/2 431/1/2 427/1/2
f 430/1/2 428/1/2 431/1/2
f 431/1/2 429/1/2 432/1/2
f 431/1/2 432/1/2 430/1/2
f 432/1/2 429/1/2 433/1/2
f 430/1/2 432/1/2 434/1/2
f 429/1/2 435/1/2 433/1/2
f 436/1/2 430/1/2 434/1/2
f 435/1/2 429/1/2 437/1/2
f 430/1/2 436/1/2 438/1/2
f 439/1/2 438/1/2 436/1/2
f 437/1/2 439/1/2 435/1/2
f 438/1/2 439/1/2 440/1/2
f 440/1/2 439/1/2 437/1/2
f 440/1/2 437/1/2 441/1/2
f 440/1/2 441/1/2 442/1/2
f 441/1/2 443/1/2 442/1/2
f 441/1/2 444/1/2 443/1/2
f 444/1/2 445/1/2 443/1/2
f 444/1/2 441/1/2 446/1/2
f 446/1/2 447/1/2 444/1/2
f 448/1/2 447/1/2 446/1/2
f 447/1/2 448/1/2 449/1/2
f 449/1/2 450/1/2 447/1/2
f 449/1/2 448/1/2 451/1/2
f 450/1/2 449/1/2 452/1/2
f 453/1/2 451/1/2 448/1/2
f 454/1/2 450/1/2 452/1/2
f 448/1/2 455/1/2 453/1/2
f 450/1/2 454/1/2 456/1/2
f 455/1/2 457/1/2 453/1/2
f 457/1/2 456/1/2 454/1/2
f 457/1/2 455/1/2 458/1/2
f 456/1/2 457/1/2 458/1/2
f 458/1/2 455/1/2 459/1/2
f 456/1/2 458/1/2 460/1/2
f 455/1/2 461/1/2 459/1/2
f 460/1/2 462/1/2 456/1/2
f 463/1/2 459/1/2 461/1/2
f 460/1/2 464/1/2 462/1/2
f 465/1/2 459/1/2 463/1/2
f 464/1/2 460/1/2 466/1/2
f 463/1/2 467/1/2 465/1/2
f 468/1/2 464/1/2 466/1/2
f 467/1/2 469/1/2 465/1/2
f 469/1/2 468/1/2 466/1/2
f 468/1/2 469/1/2 467/1/2
f 470/1/1 471/1/1 472/1/1
f 471/1/1 473/1/1 472/1/1
f 471/1/1 470/1/1 474/1/1
f 471/1/1 475/1/1 473/1/1
f 470/1/1 476/1/1 474/1/1
f 477/1/1 473/1/1 475/1/1
f 476/1/1 470/1/1 478/1/1
f 473/1/1 477/1/1 479/1/1
f 478/1/1 480/1/1 476/1/1
f 479/1/1 477/1/1 481/1/1
f 480/1/1 478/1/1 482/1/1
f 481/1/1 482/1/1 479/1/1
f 483/1/1 480/1/1 482/1/1
f 481/1/1 483/1/1 482/1/1
f 480/1/1 483/1/1 484/1/1
f 483/1/1 481/1/1 485/1/1
f 486/1/1 480/1/1 484/1/1
f 481/1/1 487/1/1 485/1/1
f 480/1/1 486/1/1 488/1/1
f 487/1/1 481/1/1 489/1/1
f 489/1/1 490/1/1 487/1/1
f 490/1/1 488/1/1 486/1/1
f 490/1/1 489/1/1 491/1/1
f 491/1/1 488/1/1 490/1/1
f 488/1/1 491/1/1 492/1/1
f 492/1/1 491/1/1 493/1/1
f 492/1/1 493/1/1 494/1/1
f 495/1/1 492/1/1 494/1/1
f 496/1/1 495/1/1 494/1/1
f 492/1/1 495/1/1 497/1/1
f 495/1/1 498/1/1 497/1/1
f 498/1/1 499/1/1 497/1/1
f 499/1/1 498/1/1 500/1/1
f 501/1/1 500/1/1 498/1/1
f 499/1/1 500/1/1 502/1/1
f 500/1/1 501/1/1 503/1/1
f 504/1/1 499/1/1 502/1/1
f 501/1/1 505/1/1 503/1/1
f 499/1/1 504/1/1 506/1/1
f 505/1/1 501/1/1 507/1/1
f 508/1/1 506/1/1 504/1/1
f 507/1/1 508/1/1 505/1/1
f 509/1/1 506/1/1 508/1/1
f 508/1/1 507/1/1 509/1/1
f 506/1/1 509/1/1 510/1/1
f 511/1/1 509/1/1 507/1/1
f 506/1/1 510/1/1 512/1/1
f 513/1/1 511/1/1 507/1/1
f 512/1/1 510/1/1 514/1/1
f 515/1/1 511/1/1 513/1/1
f 510/1/1 516/1/1 514/1/1
f 511/1/1 515/1/1 517/1/1
f 518/1/1 514/1/1 516/1/1
f 515/1/1 519/1/1 517/1/1
f 520/1/1 518/1/1 516/1/1
f 518/1/1 520/1/1 519/1/1
f 517/1/1 519/1/1 520/1/1
f 521/1/407 522/1/156 523/1/154
f 524/1/146 523/1/151 522/1/408
f 522/1/156 521/1/409 525/1/158
f 524/1/146 522/1/147 526/1/146
f 527/1/167 525/1/161 521/1/410
f 528/1/142 524/1/141 526/1/141
f 525/1/166 527/1/167 529/1/168
f 524/1/136 528/1/137 530/1/138
f 531/1/173 529/1/174 527/1/172
f 532/1/411 530/1/412 528/1/413
f 531/1/177 527/1/172 533/1/178
f 528/1/131 534/1/414 532/1/139
f 535/1/415 531/1/416 533/1/183
f 536/1/417 532/1/139 534/1/139
f 531/1/416 535/1/184 537/1/187
f 534/1/139 538/1/140 536/1/134
f 535/1/184 539/1/418 537/1/419
f 540/1/143 536/1/144 538/1/145
f 539/1/420 535/1/184 541/1/196
f 536/1/149 540/1/150 542/1/421
f 543/1/203 539/1/191 541/1/199
f 542/1/422 540/1/157 544/1/153
f 541/1/423 545/1/424 543/1/425
f 540/1/426 546/1/427 544/1/153
f 547/1/428 543/1/210 545/1/208
f 546/1/429 548/1/159 544/1/164
f 543/1/210 547/1/209 549/1/213
f 546/1/153 550/1/159 548/1/159
f 547/1/430 551/1/431 549/1/432
f 552/1/433 548/1/170 550/1/170
f 553/1/222 551/1/434 547/1/221
f 548/1/435 552/1/436 554/1/176
f 555/1/231 551/1/437 553/1/228
f 556/1/179 554/1/180 552/1/438
f 551/1/227 555/1/236 557/1/232
f 554/1/180 556/1/439 558/1/440
f 559/1/237 557/1/238 555/1/441
f 556/1/188 560/1/189 558/1/190
f 555/1/236 561/1/239 559/1/442
f 560/1/193 556/1/194 562/1/195
f 561/1/443 563/1/444 559/1/244
f 564/1/197 560/1/198 562/1/195
f 561/1/445 565/1/446 563/1/243
f 560/1/201 564/1/447 566/1/448
f 567/1/449 563/1/246 565/1/450
f 568/1/206 566/1/207 564/1/205
f 563/1/240 567/1/449 569/1/241
f 566/1/212 568/1/451 570/1/452
f 567/1/234 571/1/230 569/1/234
f 572/1/453 570/1/452 568/1/206
f 567/1/454 573/1/455 571/1/230
f 572/1/223 571/1/230 573/1/456
f 571/1/225 572/1/223 574/1/224
f 568/1/215 574/1/220 572/1/453
f 575/1/31 576/1/457 577/1/458
f 577/1/27 578/1/459 575/1/460
f 576/1/461 575/1/31 579/1/36
f 575/1/21 578/1/22 580/1/22
f 579/1/40 581/1/41 576/1/462
f 578/1/16 582/1/17 580/1/16
f 581/1/41 579/1/40 583/1/44
f 582/1/463 578/1/464 584/1/11
f 583/1/44 585/1/48 581/1/49
f 584/1/465 586/1/5 582/1/466
f 581/1/51 585/1/467 587/1/52
f 582/1/468 586/1/5 588/1/5
f 585/1/469 589/1/470 587/1/471
f 586/1/4 590/1/8 588/1/13
f 589/1/62 585/1/469 591/1/61
f 590/1/14 592/1/472 588/1/13
f 591/1/473 593/1/474 589/1/62
f 590/1/20 594/1/18 592/1/19
f 589/1/62 593/1/475 595/1/71
f 594/1/18 590/1/476 596/1/477
f 593/1/66 597/1/478 595/1/479
f 598/1/28 594/1/29 596/1/480
f 597/1/74 599/1/481 595/1/75
f 598/1/482 600/1/28 594/1/34
f 597/1/83 601/1/89 599/1/85
f 602/1/42 600/1/28 598/1/38
f 601/1/84 597/1/83 603/1/88
f 600/1/28 602/1/483 604/1/484
f 605/1/485 601/1/486 603/1/94
f 602/1/487 606/1/488 604/1/487
f 601/1/93 605/1/98 607/1/489
f 606/1/488 602/1/45 608/1/490
f 605/1/491 609/1/103 607/1/492
f 608/1/54 610/1/55 606/1/493
f 609/1/494 605/1/92 611/1/109
f 610/1/495 608/1/54 612/1/496
f 611/1/115 613/1/113 609/1/497
f 612/1/65 614/1/498 610/1/64
f 615/1/499 609/1/114 613/1/500
f 610/1/501 614/1/502 616/1/70
f 617/1/503 615/1/504 613/1/124
f 614/1/73 618/1/72 616/1/70
f 617/1/503 619/1/505 615/1/506
f 618/1/507 614/1/69 620/1/508
f 617/1/509 621/1/510 619/1/511
f 620/1/512 622/1/80 618/1/513
f 621/1/121 617/1/120 623/1/119
f 622/1/80 620/1/512 624/1/514
f 625/1/105 621/1/515 623/1/516
f 624/1/91 626/1/90 622/1/517
f 627/1/112 621/1/111 625/1/518
f 625/1/105 626/1/102 627/1/519
f 626/1/102 625/1/520 628/1/101
f 622/1/95 626/1/521 628/1/522
o RenderMesh_110420590035310.001
v -0.239399 -1.081807 -0.234248
v -0.276364 -1.175588 -0.234248
v -0.276246 -1.071042 -0.234248
v -0.163464 -1.004459 -0.234248
v -0.239399 -1.169489 -0.234248
v -0.163464 -1.037965 -0.234248
v -0.087529 -1.081807 -0.234248
v -0.047609 -1.073219 -0.234248
v -0.047609 -1.171350 -0.234248
v -0.087529 -1.169489 -0.234248
v -0.242366 -1.224318 -0.234248
v -0.084557 -1.224318 -0.234248
v -0.163464 -1.213332 -0.234248
v -0.163464 -1.319970 -0.234248
v -0.210842 -1.352205 -0.234248
v -0.116087 -1.352205 -0.234248
v -0.210842 -1.567107 -0.234248
v -0.116087 -1.567107 -0.234248
v -0.242366 -1.704120 -0.234248
v -0.084557 -1.717009 -0.234248
v -0.163464 -1.599343 -0.234248
v -0.110326 -1.725845 -0.234248
v -0.216048 -1.745230 -0.234248
v -0.170365 -1.799288 -0.234248
v -0.170365 -1.875376 -0.234248
v -0.200242 -2.168381 -0.234248
v -0.133014 -1.936853 -0.234248
v -0.216048 -2.217637 -0.234248
v -0.135590 -2.238677 -0.234248
v -0.242608 -2.266077 -0.234248
v -0.163464 -2.391893 -0.234248
v -0.079556 -2.238646 -0.234248
v -0.210842 -2.437943 -0.234248
v -0.116087 -2.437943 -0.234248
v -0.210842 -2.744948 -0.234248
v -0.116087 -2.744948 -0.234248
v -0.242955 -2.954789 -0.234248
v -0.079556 -2.958727 -0.234248
v -0.163464 -2.790998 -0.234248
v -0.163464 -2.955887 -0.234248
v -0.087529 -2.999729 -0.234248
v -0.239399 -2.999729 -0.234248
v -0.045440 -2.991009 -0.234248
v -0.281489 -2.993594 -0.234248
v -0.045440 -3.057240 -0.234248
v -0.281489 -3.057240 -0.234248
v -0.087529 -3.087411 -0.234248
v -0.239399 -3.087411 -0.234248
v -0.138636 -3.177915 -0.234247
v -0.188293 -3.177915 -0.234247
v -0.163464 -3.131254 -0.234248
v -0.276364 -1.175588 0.035013
v -0.239399 -1.081807 0.035013
v -0.276246 -1.071042 0.035013
v -0.163464 -1.004459 0.035013
v -0.239399 -1.169489 0.035013
v -0.163464 -1.037965 0.035013
v -0.087529 -1.081807 0.035013
v -0.047609 -1.073219 0.035013
v -0.047609 -1.171350 0.035013
v -0.087529 -1.169489 0.035013
v -0.242366 -1.224318 0.035013
v -0.084557 -1.224318 0.035013
v -0.163464 -1.213332 0.035013
v -0.163464 -1.319970 0.035013
v -0.210841 -1.352205 0.035013
v -0.116087 -1.352205 0.035013
v -0.210841 -1.567107 0.035013
v -0.116087 -1.567107 0.035013
v -0.242366 -1.704120 0.035013
v -0.084557 -1.717009 0.035013
v -0.163464 -1.599343 0.035013
v -0.110326 -1.725845 0.035013
v -0.216048 -1.745230 0.035013
v -0.170365 -1.799288 0.035013
v -0.170365 -1.875376 0.035013
v -0.200242 -2.168380 0.035013
v -0.133014 -1.936853 0.035013
v -0.216048 -2.217637 0.035013
v -0.135590 -2.238677 0.035013
v -0.242608 -2.266077 0.035013
v -0.163464 -2.391893 0.035013
v -0.079556 -2.238646 0.035013
v -0.210841 -2.437943 0.035013
v -0.116087 -2.437943 0.035013
v -0.210841 -2.744948 0.035013
v -0.116087 -2.744948 0.035013
v -0.242955 -2.954789 0.035013
v -0.079556 -2.958727 0.035013
v -0.163464 -2.790998 0.035013
v -0.163464 -2.955887 0.035013
v -0.087529 -2.999729 0.035013
v -0.045440 -2.991009 0.035013
v -0.239399 -2.999729 0.035013
v -0.045440 -3.057240 0.035013
v -0.281489 -2.993594 0.035013
v -0.087529 -3.087411 0.035013
v -0.281489 -3.057240 0.035013
v -0.138636 -3.177915 0.035013
v -0.239399 -3.087411 0.035013
v -0.163464 -3.131254 0.035013
v -0.188293 -3.177915 0.035013
v -0.047609 -1.073219 -0.234248
v -0.002124 -1.185585 -0.203713
v -0.047609 -1.171350 -0.234248
v -0.004450 -1.050854 -0.203643
v -0.039620 -1.238447 -0.204845
v -0.163464 -0.956768 -0.203400
v -0.084557 -1.224318 -0.234248
v -0.163464 -1.004459 -0.234248
v -0.084557 -1.717009 -0.234248
v -0.276246 -1.071042 -0.234248
v -0.042931 -1.746428 -0.204066
v -0.322470 -1.051075 -0.203987
v -0.083237 -1.764284 -0.204697
v -0.324744 -1.185358 -0.204074
v -0.110326 -1.725845 -0.234248
v -0.276364 -1.175588 -0.234248
v -0.125868 -1.815154 -0.205074
v -0.287285 -1.238431 -0.204890
v -0.170365 -1.799288 -0.234248
v -0.242366 -1.224318 -0.234248
v -0.170365 -1.875376 -0.234248
v -0.242366 -1.704120 -0.234248
v -0.125126 -1.862731 -0.204739
v -0.287977 -1.717468 -0.203747
v -0.133014 -1.936853 -0.234248
v -0.261148 -1.758428 -0.204827
v -0.084939 -1.930555 -0.203768
v -0.216048 -1.745230 -0.234248
v -0.153389 -2.158246 -0.205795
v -0.216048 -2.217637 -0.234248
v -0.200242 -2.168381 -0.234248
v -0.261127 -2.204721 -0.205063
v -0.135590 -2.238677 -0.234248
v -0.242608 -2.266077 -0.234248
v -0.118163 -2.194264 -0.205209
v -0.287898 -2.245334 -0.203919
v -0.079556 -2.238646 -0.234248
v -0.286145 -2.932944 -0.205682
v -0.046097 -2.199241 -0.204032
v -0.242955 -2.954789 -0.234248
v -0.040194 -2.933111 -0.204597
v -0.281489 -2.993594 -0.234248
v -0.079556 -2.958727 -0.234248
v -0.325787 -2.969179 -0.204089
v -0.045440 -2.991009 -0.234248
v -0.326745 -3.072680 -0.203716
v -0.001092 -2.969192 -0.203976
v -0.281489 -3.057240 -0.234248
v -0.000181 -3.072680 -0.203716
v -0.188293 -3.177915 -0.234247
v -0.045440 -3.057240 -0.234248
v -0.209823 -3.221810 -0.203792
v -0.138636 -3.177915 -0.234247
v -0.117103 -3.221810 -0.203792
v -0.002124 -1.185585 0.004478
v -0.047609 -1.073219 0.035013
v -0.047609 -1.171350 0.035013
v -0.004450 -1.050854 0.004407
v -0.039620 -1.238447 0.005609
v -0.163464 -0.956768 0.004165
v -0.084557 -1.224318 0.035013
v -0.163464 -1.004459 0.035013
v -0.084557 -1.717009 0.035013
v -0.276246 -1.071042 0.035013
v -0.042931 -1.746428 0.004831
v -0.322470 -1.051075 0.004752
v -0.083236 -1.764284 0.005462
v -0.324744 -1.185358 0.004838
v -0.110326 -1.725845 0.035013
v -0.276364 -1.175588 0.035013
v -0.125868 -1.815154 0.005839
v -0.287285 -1.238431 0.005655
v -0.170365 -1.799288 0.035013
v -0.242366 -1.224318 0.035013
v -0.170365 -1.875376 0.035013
v -0.242366 -1.704120 0.035013
v -0.125126 -1.862731 0.005504
v -0.287977 -1.717468 0.004512
v -0.133014 -1.936853 0.035013
v -0.261148 -1.758428 0.005592
v -0.084939 -1.930555 0.004534
v -0.216048 -1.745230 0.035013
v -0.153389 -2.158246 0.006560
v -0.216048 -2.217637 0.035013
v -0.200242 -2.168380 0.035013
v -0.261127 -2.204721 0.005828
v -0.135590 -2.238677 0.035013
v -0.242608 -2.266077 0.035013
v -0.118163 -2.194264 0.005973
v -0.287898 -2.245334 0.004684
v -0.079556 -2.238646 0.035013
v -0.286145 -2.932944 0.006447
v -0.046097 -2.199241 0.004796
v -0.242955 -2.954789 0.035013
v -0.040194 -2.933111 0.005363
v -0.281489 -2.993594 0.035013
v -0.079556 -2.958727 0.035013
v -0.325786 -2.969179 0.004855
v -0.045440 -2.991009 0.035013
v -0.326745 -3.072680 0.004481
v -0.001092 -2.969192 0.004741
v -0.281489 -3.057240 0.035013
v -0.000181 -3.072680 0.004481
v -0.188293 -3.177915 0.035013
v -0.045440 -3.057240 0.035013
v -0.209823 -3.221810 0.004557
v -0.138636 -3.177915 0.035013
v -0.117103 -3.221810 0.004557
v -0.324744 -1.185358 -0.136535
v -0.322470 -1.051075 -0.136622
v -0.324744 -1.185358 -0.204074
v -0.287285 -1.238431 -0.135722
v -0.322470 -1.051075 -0.203987
v -0.287285 -1.238431 -0.204890
v -0.163464 -0.956768 -0.137212
v -0.287977 -1.717468 -0.136863
v -0.163464 -0.956768 -0.203400
v -0.287977 -1.717468 -0.203747
v -0.004450 -1.050854 -0.136969
v -0.261148 -1.758428 -0.204827
v -0.004450 -1.050854 -0.203643
v -0.261148 -1.758428 -0.135782
v -0.002124 -1.185585 -0.203713
v -0.261127 -2.204721 -0.135545
v -0.002124 -1.185585 -0.136896
v -0.261127 -2.204721 -0.205063
v -0.039620 -1.238447 -0.135767
v -0.287898 -2.245334 -0.136690
v -0.039620 -1.238447 -0.204845
v -0.287898 -2.245334 -0.203919
v -0.042931 -1.746428 -0.136546
v -0.286145 -2.932937 -0.134932
v -0.042931 -1.746428 -0.204066
v -0.286145 -2.932944 -0.205682
v -0.083237 -1.764284 -0.204697
v -0.325787 -2.969179 -0.204089
v -0.083239 -1.764284 -0.135914
v -0.325789 -2.969179 -0.136522
v -0.125868 -1.815154 -0.205074
v -0.326745 -3.072680 -0.203716
v -0.125868 -1.815154 -0.135535
v -0.326745 -3.072680 -0.136892
v -0.125127 -1.862731 -0.135872
v -0.209823 -3.221810 -0.136816
v -0.125126 -1.862731 -0.204739
v -0.209823 -3.221810 -0.203792
v -0.084939 -1.930555 -0.203768
v -0.117103 -3.221810 -0.136816
v -0.084939 -1.930555 -0.136844
v -0.117103 -3.221810 -0.203792
v -0.153389 -2.158246 -0.134816
v -0.000181 -3.072680 -0.203716
v -0.153389 -2.158246 -0.205795
v -0.000184 -3.072680 -0.136892
v -0.118163 -2.194264 -0.135403
v -0.001092 -2.969192 -0.136634
v -0.118163 -2.194264 -0.205209
v -0.001092 -2.969192 -0.203976
v -0.046097 -2.199241 -0.204032
v -0.040194 -2.933111 -0.204597
v -0.046097 -2.199241 -0.136576
v -0.040194 -2.933111 -0.136013
v -0.322470 -1.051075 -0.062613
v -0.324744 -1.185358 -0.062700
v -0.324744 -1.185358 0.004838
v -0.287285 -1.238431 -0.063513
v -0.322470 -1.051075 0.004752
v -0.287285 -1.238431 0.005655
v -0.163464 -0.956768 -0.062024
v -0.287977 -1.717468 -0.062371
v -0.163464 -0.956768 0.004165
v -0.287977 -1.717468 0.004512
v -0.004450 -1.050854 -0.062266
v -0.261148 -1.758428 0.005592
v -0.004450 -1.050854 0.004407
v -0.261148 -1.758428 -0.063453
v -0.002124 -1.185585 0.004478
v -0.261127 -2.204721 -0.063689
v -0.002124 -1.185585 -0.062339
v -0.261127 -2.204721 0.005828
v -0.039620 -1.238447 -0.063469
v -0.287898 -2.245334 -0.062545
v -0.039620 -1.238447 0.005609
v -0.287898 -2.245334 0.004684
v -0.042931 -1.746428 -0.062690
v -0.286145 -2.932937 -0.064303
v -0.042931 -1.746428 0.004831
v -0.286145 -2.932944 0.006447
v -0.083236 -1.764284 0.005462
v -0.325786 -2.969179 0.004855
v -0.083239 -1.764284 -0.063322
v -0.325789 -2.969179 -0.062713
v -0.125868 -1.815154 0.005839
v -0.326745 -3.072680 0.004481
v -0.125868 -1.815154 -0.063701
v -0.326745 -3.072680 -0.062341
v -0.125127 -1.862731 -0.063364
v -0.209823 -3.221810 -0.062418
v -0.125126 -1.862731 0.005504
v -0.209823 -3.221810 0.004557
v -0.084939 -1.930555 0.004534
v -0.117103 -3.221810 -0.062418
v -0.084939 -1.930555 -0.062392
v -0.117103 -3.221810 0.004557
v -0.153389 -2.158246 -0.064419
v -0.000181 -3.072680 0.004481
v -0.153389 -2.158246 0.006560
v -0.000184 -3.072680 -0.062342
v -0.118163 -2.194264 -0.063832
v -0.001092 -2.969192 -0.062600
v -0.118163 -2.194264 0.005973
v -0.001092 -2.969192 0.004741
v -0.046097 -2.199241 0.004796
v -0.040194 -2.933111 0.005363
v -0.046097 -2.199241 -0.062658
v -0.040194 -2.933111 -0.063221
v -0.163464 -1.037965 -0.234248
v -0.163464 -1.037965 -0.106364
v -0.239399 -1.081807 -0.234248
v -0.239399 -1.081807 -0.106364
v -0.087529 -1.081807 -0.106364
v -0.239399 -1.169489 -0.106364
v -0.087529 -1.081807 -0.234248
v -0.239399 -1.169489 -0.234248
v -0.087529 -1.169489 -0.106364
v -0.163464 -1.213332 -0.106364
v -0.087529 -1.169489 -0.234248
v -0.163464 -1.213332 -0.234248
v -0.163464 -2.955887 -0.234248
v -0.239399 -2.999729 -0.106363
v -0.239399 -2.999729 -0.234248
v -0.239399 -3.087411 -0.106363
v -0.163464 -2.955887 -0.106364
v -0.087529 -2.999729 -0.234248
v -0.087529 -2.999729 -0.106364
v -0.239399 -3.087411 -0.234248
v -0.163464 -3.131254 -0.106363
v -0.163464 -3.131254 -0.234248
v -0.087529 -3.087411 -0.106364
v -0.087529 -3.087411 -0.234248
v -0.087529 -2.999729 -0.106364
v -0.087529 -2.999729 -0.234248
v -0.163464 -1.037965 -0.092872
v -0.239399 -1.081807 0.035013
v -0.239399 -1.081807 -0.092872
v -0.239399 -1.169489 -0.092872
v -0.163464 -1.037965 0.035013
v -0.239399 -1.169489 0.035013
v -0.087529 -1.081807 -0.092872
v -0.163464 -1.213332 -0.092872
v -0.087529 -1.081807 0.035013
v -0.163464 -1.213332 0.035013
v -0.087529 -1.169489 -0.092872
v -0.087529 -1.169489 0.035013
v -0.116087 -2.744948 -0.106364
v -0.116087 -2.437943 -0.234248
v -0.116087 -2.744948 -0.234248
v -0.163464 -2.790998 -0.234248
v -0.116087 -2.437943 -0.106364
v -0.163464 -2.790998 -0.106364
v -0.163464 -2.391893 -0.234248
v -0.210842 -2.744948 -0.234248
v -0.163464 -2.391893 -0.106364
v -0.210842 -2.744948 -0.106364
v -0.210842 -2.437943 -0.234248
v -0.210842 -2.437943 -0.106364
v -0.116087 -2.744948 -0.092871
v -0.116087 -2.437943 0.035013
v -0.116087 -2.437943 -0.092872
v -0.163464 -2.391893 0.035013
v -0.116087 -2.744948 0.035013
v -0.163464 -2.391893 -0.092872
v -0.163464 -2.790998 0.035013
v -0.210841 -2.437943 0.035013
v -0.163464 -2.790998 -0.092871
v -0.210842 -2.437943 -0.092872
v -0.210841 -2.744948 0.035013
v -0.210842 -2.744948 -0.092871
v -0.163464 -2.955887 -0.092871
v -0.163464 -2.955887 0.035013
v -0.239399 -2.999729 -0.092871
v -0.087529 -2.999729 0.035013
v -0.087529 -2.999729 -0.092871
v -0.239399 -2.999729 0.035013
v -0.239399 -3.087411 -0.092871
v -0.239399 -3.087411 0.035013
v -0.163464 -3.131254 -0.092871
v -0.163464 -3.131254 0.035013
v -0.087529 -3.087411 -0.092871
v -0.087529 -3.087411 0.035013
v -0.087529 -2.999729 -0.092871
v -0.087529 -2.999729 0.035013
v -0.116087 -1.567107 -0.234248
v -0.116087 -1.567107 -0.106364
v -0.116087 -1.352205 -0.234248
v -0.163464 -1.599343 -0.234248
v -0.116087 -1.352205 -0.106364
v -0.163464 -1.599343 -0.106364
v -0.163464 -1.319970 -0.234248
v -0.210842 -1.567107 -0.234248
v -0.163464 -1.319970 -0.106364
v -0.210842 -1.567107 -0.106364
v -0.210842 -1.352205 -0.234248
v -0.210842 -1.352205 -0.106364
v -0.116087 -1.567107 -0.092872
v -0.116087 -1.352205 0.035013
v -0.116087 -1.352205 -0.092872
v -0.163464 -1.319970 0.035013
v -0.116087 -1.567107 0.035013
v -0.163464 -1.319970 -0.092872
v -0.163464 -1.599343 0.035013
v -0.210841 -1.352205 0.035013
v -0.163464 -1.599343 -0.092872
v -0.210842 -1.352205 -0.092872
v -0.210841 -1.567107 0.035013
v -0.210842 -1.567107 -0.092872
v -0.163464 -1.004459 -0.106364
v -0.239399 -1.081807 -0.106364
v -0.163464 -1.037965 -0.106364
v -0.087529 -1.081807 -0.106364
v -0.276246 -1.071042 -0.106364
v -0.047609 -1.073219 -0.106364
v -0.276364 -1.175588 -0.106364
v -0.047609 -1.171350 -0.106364
v -0.239399 -1.169489 -0.106364
v -0.087529 -1.169489 -0.106364
v -0.242366 -1.224318 -0.106364
v -0.084557 -1.224318 -0.106364
v -0.163464 -1.213332 -0.106364
v -0.163464 -1.319970 -0.106364
v -0.210842 -1.352205 -0.106364
v -0.116087 -1.352205 -0.106364
v -0.210842 -1.567107 -0.106364
v -0.116087 -1.567107 -0.106364
v -0.242366 -1.704120 -0.106364
v -0.084557 -1.717009 -0.106364
v -0.163464 -1.599343 -0.106364
v -0.110326 -1.725845 -0.106364
v -0.216048 -1.745230 -0.106364
v -0.170365 -1.799288 -0.106364
v -0.170365 -1.875376 -0.106364
v -0.200242 -2.168380 -0.106364
v -0.133014 -1.936853 -0.106364
v -0.216048 -2.217637 -0.106364
v -0.135590 -2.238677 -0.106364
v -0.242608 -2.266077 -0.106364
v -0.163464 -2.391893 -0.106364
v -0.079556 -2.238646 -0.106364
v -0.210842 -2.437943 -0.106364
v -0.116087 -2.437943 -0.106364
v -0.210842 -2.744948 -0.106364
v -0.116087 -2.744948 -0.106364
v -0.242955 -2.954789 -0.106363
v -0.079556 -2.958727 -0.106364
v -0.163464 -2.790998 -0.106364
v -0.163464 -2.955887 -0.106364
v -0.239399 -2.999729 -0.106363
v -0.087529 -2.999729 -0.106364
v -0.281489 -2.993504 -0.106363
v -0.045440 -2.991009 -0.106364
v -0.281489 -3.057240 -0.106363
v -0.045440 -3.057240 -0.106364
v -0.239399 -3.087411 -0.106363
v -0.087529 -3.087411 -0.106364
v -0.188293 -3.177915 -0.106363
v -0.138636 -3.177915 -0.106364
v -0.163464 -3.131254 -0.106363
v -0.239399 -1.081807 -0.092872
v -0.163464 -1.004459 -0.092872
v -0.163464 -1.037965 -0.092872
v -0.087529 -1.081807 -0.092872
v -0.276246 -1.071042 -0.092872
v -0.047609 -1.073219 -0.092872
v -0.276364 -1.175588 -0.092872
v -0.047609 -1.171350 -0.092872
v -0.239399 -1.169489 -0.092872
v -0.087529 -1.169489 -0.092872
v -0.242366 -1.224318 -0.092872
v -0.084557 -1.224318 -0.092872
v -0.163464 -1.213332 -0.092872
v -0.163464 -1.319970 -0.092872
v -0.210842 -1.352205 -0.092872
v -0.116087 -1.352205 -0.092872
v -0.210842 -1.567107 -0.092872
v -0.116087 -1.567107 -0.092872
v -0.242366 -1.704120 -0.092872
v -0.084557 -1.717009 -0.092872
v -0.163464 -1.599343 -0.092872
v -0.110326 -1.725845 -0.092872
v -0.216048 -1.745230 -0.092872
v -0.170365 -1.799288 -0.092872
v -0.170365 -1.875376 -0.092872
v -0.200242 -2.168380 -0.092872
v -0.133014 -1.936853 -0.092872
v -0.216048 -2.217637 -0.092872
v -0.135590 -2.238677 -0.092872
v -0.242608 -2.266077 -0.092872
v -0.163464 -2.391893 -0.092872
v -0.079556 -2.238646 -0.092872
v -0.210842 -2.437943 -0.092872
v -0.116087 -2.437943 -0.092872
v -0.210842 -2.744948 -0.092871
v -0.116087 -2.744948 -0.092871
v -0.242955 -2.954789 -0.092871
v -0.079556 -2.958727 -0.092871
v -0.163464 -2.790998 -0.092871
v -0.163464 -2.955887 -0.092871
v -0.239399 -2.999729 -0.092871
v -0.087529 -2.999729 -0.092871
v -0.281489 -2.993504 -0.092871
v -0.045440 -2.991009 -0.092871
v -0.281489 -3.057240 -0.092871
v -0.045440 -3.057240 -0.092871
v -0.239399 -3.087411 -0.092871
v -0.087529 -3.087411 -0.092871
v -0.188293 -3.177915 -0.092871
v -0.138636 -3.177915 -0.092871
v -0.163464 -3.131254 -0.092871
v -0.324744 -1.185358 -0.136535
v -0.276246 -1.071042 -0.106364
v -0.322470 -1.051075 -0.136622
v -0.163464 -0.956768 -0.137212
v -0.276364 -1.175588 -0.106364
v -0.163464 -1.004459 -0.106364
v -0.287285 -1.238431 -0.135722
v -0.047609 -1.073219 -0.106364
v -0.242366 -1.224318 -0.106364
v -0.004450 -1.050854 -0.136969
v -0.242366 -1.704120 -0.106364
v -0.002124 -1.185585 -0.136896
v -0.287977 -1.717468 -0.136863
v -0.047609 -1.171350 -0.106364
v -0.261148 -1.758428 -0.135782
v -0.039620 -1.238447 -0.135767
v -0.216048 -1.745230 -0.106364
v -0.084557 -1.224318 -0.106364
v -0.216048 -2.217637 -0.106364
v -0.084557 -1.717009 -0.106364
v -0.261127 -2.204721 -0.135545
v -0.042931 -1.746428 -0.136546
v -0.242608 -2.266077 -0.106364
v -0.083239 -1.764284 -0.135914
v -0.287898 -2.245334 -0.136690
v -0.110326 -1.725845 -0.106364
v -0.286145 -2.932937 -0.134932
v -0.125868 -1.815154 -0.135535
v -0.242955 -2.954789 -0.106363
v -0.170365 -1.799288 -0.106364
v -0.281489 -2.993504 -0.106363
v -0.170365 -1.875376 -0.106364
v -0.325789 -2.969179 -0.136522
v -0.125127 -1.862731 -0.135872
v -0.326745 -3.072680 -0.136892
v -0.133014 -1.936853 -0.106364
v -0.281489 -3.057240 -0.106363
v -0.084939 -1.930555 -0.136844
v -0.188293 -3.177915 -0.106363
v -0.153389 -2.158246 -0.134816
v -0.209823 -3.221810 -0.136816
v -0.200242 -2.168380 -0.106364
v -0.138636 -3.177915 -0.106364
v -0.135590 -2.238677 -0.106364
v -0.117103 -3.221810 -0.136816
v -0.118163 -2.194264 -0.135403
v -0.000184 -3.072680 -0.136892
v -0.079556 -2.238646 -0.106364
v -0.045440 -3.057240 -0.106364
v -0.046097 -2.199241 -0.136576
v -0.045440 -2.991009 -0.106364
v -0.040194 -2.933111 -0.136013
v -0.001092 -2.969192 -0.136634
v -0.079556 -2.958727 -0.106364
v -0.276246 -1.071042 -0.092872
v -0.324744 -1.185358 -0.062700
v -0.322470 -1.051075 -0.062613
v -0.163464 -0.956768 -0.062024
v -0.276364 -1.175588 -0.092872
v -0.163464 -1.004459 -0.092872
v -0.287285 -1.238431 -0.063513
v -0.047609 -1.073219 -0.092872
v -0.242366 -1.224318 -0.092872
v -0.004450 -1.050854 -0.062266
v -0.242366 -1.704120 -0.092872
v -0.002124 -1.185585 -0.062339
v -0.287977 -1.717468 -0.062371
v -0.047609 -1.171350 -0.092872
v -0.261148 -1.758428 -0.063453
v -0.039620 -1.238447 -0.063469
v -0.216048 -1.745230 -0.092872
v -0.084557 -1.224318 -0.092872
v -0.216048 -2.217637 -0.092872
v -0.084557 -1.717009 -0.092872
v -0.261127 -2.204721 -0.063689
v -0.042931 -1.746428 -0.062690
v -0.242608 -2.266077 -0.092872
v -0.083239 -1.764284 -0.063322
v -0.287898 -2.245334 -0.062545
v -0.110326 -1.725845 -0.092872
v -0.286145 -2.932937 -0.064303
v -0.125868 -1.815154 -0.063701
v -0.242955 -2.954789 -0.092871
v -0.170365 -1.799288 -0.092872
v -0.281489 -2.993504 -0.092871
v -0.170365 -1.875376 -0.092872
v -0.325789 -2.969179 -0.062713
v -0.125127 -1.862731 -0.063364
v -0.326745 -3.072680 -0.062341
v -0.133014 -1.936853 -0.092872
v -0.281489 -3.057240 -0.092871
v -0.084939 -1.930555 -0.062392
v -0.188293 -3.177915 -0.092871
v -0.153389 -2.158246 -0.064419
v -0.209823 -3.221810 -0.062418
v -0.200242 -2.168380 -0.092872
v -0.138636 -3.177915 -0.092871
v -0.135590 -2.238677 -0.092872
v -0.117103 -3.221810 -0.062418
v -0.118163 -2.194264 -0.063832
v -0.000184 -3.072680 -0.062342
v -0.079556 -2.238646 -0.092872
v -0.045440 -3.057240 -0.092871
v -0.046097 -2.199241 -0.062658
v -0.045440 -2.991009 -0.092871
v -0.040194 -2.933111 -0.063221
v -0.001092 -2.969192 -0.062600
v -0.079556 -2.958727 -0.092871
vn 0.0005 0.0005 -1.0000
vn 0.0005 0.0005 1.0000
vn 0.4529 0.2760 -0.8478
vn 0.5185 -0.1549 -0.8410
vn 0.5185 -0.1549 -0.8409
vn 0.5185 -0.1548 -0.8410
vn 0.4529 0.2760 -0.8477
vn 0.4597 0.2631 -0.8482
vn 0.5173 -0.1598 -0.8407
vn 0.5184 -0.1550 -0.8410
vn 0.0006 0.5410 -0.8410
vn 0.4595 0.2632 -0.8483
vn 0.4529 0.2764 -0.8477
vn 0.5184 -0.1549 -0.8410
vn 0.5173 -0.1600 -0.8407
vn 0.5174 -0.1589 -0.8409
vn 0.0005 0.5410 -0.8410
vn 0.4529 0.2763 -0.8477
vn 0.4109 -0.2721 -0.8701
vn 0.5174 -0.1587 -0.8409
vn 0.5174 -0.1597 -0.8407
vn -0.4333 0.2839 -0.8554
vn 0.0002 0.5410 -0.8410
vn 0.5173 -0.1597 -0.8408
vn 0.4070 -0.2780 -0.8701
vn 0.4110 -0.2721 -0.8701
vn 0.0005 0.5409 -0.8411
vn -0.4488 0.2496 -0.8581
vn 0.3228 -0.4332 -0.8415
vn 0.4109 -0.2723 -0.8701
vn 0.4070 -0.2781 -0.8701
vn -0.4333 0.2838 -0.8554
vn -0.5057 -0.1441 -0.8506
vn -0.4489 0.2492 -0.8581
vn 0.4109 -0.2722 -0.8701
vn 0.3227 -0.4332 -0.8415
vn -0.4335 0.2836 -0.8554
vn -0.5006 -0.1626 -0.8503
vn 0.4939 -0.1764 -0.8515
vn 0.3229 -0.4332 -0.8415
vn -0.5056 -0.1442 -0.8506
vn -0.5006 -0.1627 -0.8503
vn -0.5088 -0.1589 -0.8461
vn 0.4938 -0.1764 -0.8515
vn -0.5096 -0.1578 -0.8458
vn 0.4939 -0.1761 -0.8515
vn 0.5182 0.1421 -0.8434
vn -0.5152 -0.1479 -0.8442
vn -0.5088 -0.1588 -0.8461
vn 0.5181 0.1430 -0.8433
vn -0.5089 -0.1587 -0.8461
vn -0.5153 -0.1460 -0.8445
vn 0.5181 0.1422 -0.8434
vn 0.5181 0.1431 -0.8433
vn 0.5222 0.0640 -0.8504
vn -0.5114 -0.1480 -0.8465
vn -0.5153 -0.1461 -0.8445
vn -0.5151 -0.1483 -0.8442
vn 0.5181 0.1432 -0.8433
vn 0.5221 0.0651 -0.8504
vn -0.5151 -0.1482 -0.8442
vn -0.5115 -0.1471 -0.8466
vn 0.4958 0.1213 -0.8599
vn 0.5222 0.0638 -0.8504
vn 0.5222 0.0649 -0.8504
vn -0.5065 0.1363 -0.8514
vn -0.5115 -0.1468 -0.8466
vn 0.5222 0.0636 -0.8504
vn 0.4957 0.1216 -0.8600
vn 0.4968 0.1147 -0.8602
vn -0.5067 0.1343 -0.8516
vn 0.2213 0.4879 -0.8444
vn 0.4968 0.1148 -0.8602
vn 0.4956 0.1216 -0.8600
vn -0.5163 0.1226 -0.8476
vn -0.5067 0.1344 -0.8516
vn 0.2312 0.4831 -0.8445
vn -0.5163 0.1227 -0.8476
vn -0.5074 0.1452 -0.8494
vn 0.3736 0.3033 -0.8766
vn 0.2211 0.4879 -0.8444
vn 0.2309 0.4831 -0.8445
vn -0.5164 0.1226 -0.8475
vn -0.4763 0.1861 -0.8593
vn -0.5075 0.1450 -0.8494
vn 0.2310 0.4831 -0.8445
vn 0.3345 0.3384 -0.8795
vn -0.4694 0.1997 -0.8601
vn -0.4764 0.1860 -0.8593
vn 0.5283 0.1910 -0.8273
vn 0.3345 0.3384 -0.8796
vn -0.4821 0.1814 -0.8572
vn -0.4763 0.1861 -0.8594
vn -0.4694 0.1998 -0.8601
vn 0.3736 0.3032 -0.8766
vn 0.5283 0.1909 -0.8273
vn 0.5046 0.2281 -0.8327
vn -0.4763 0.1862 -0.8593
vn -0.4821 0.1813 -0.8572
vn -0.4732 0.1999 -0.8580
vn 0.4821 0.1990 -0.8533
vn 0.5045 0.2282 -0.8327
vn 0.5282 0.1911 -0.8273
vn -0.5116 -0.1762 -0.8409
vn -0.4732 0.1997 -0.8580
vn -0.4821 0.1812 -0.8572
vn 0.4821 0.1988 -0.8533
vn 0.4781 0.2086 -0.8532
vn -0.4821 0.1810 -0.8572
vn -0.5117 -0.1754 -0.8411
vn -0.5117 -0.1761 -0.8410
vn 0.5124 -0.1753 -0.8407
vn 0.4781 0.2085 -0.8532
vn -0.2301 -0.4733 -0.8503
vn -0.5116 -0.1764 -0.8409
vn -0.5117 -0.1755 -0.8411
vn 0.5125 -0.1753 -0.8406
vn -0.2311 -0.4732 -0.8501
vn 0.5124 -0.1754 -0.8406
vn 0.2301 -0.4733 -0.8503
vn 0.5124 -0.1754 -0.8407
vn 0.2299 -0.4734 -0.8503
vn -0.2308 -0.4732 -0.8502
vn -0.2299 -0.4734 -0.8503
vn 0.2301 -0.4732 -0.8504
vn 0.5124 -0.1755 -0.8406
vn 0.2310 -0.4732 -0.8501
vn -0.2309 -0.4732 -0.8502
vn 0.2300 -0.4733 -0.8503
vn 0.2307 -0.4732 -0.8502
vn 0.5185 -0.1549 0.8409
vn 0.4530 0.2760 0.8477
vn 0.5185 -0.1549 0.8410
vn 0.4596 0.2631 0.8482
vn 0.5184 -0.1551 0.8410
vn 0.5173 -0.1600 0.8407
vn 0.5184 -0.1550 0.8410
vn 0.0006 0.5410 0.8410
vn 0.4529 0.2762 0.8477
vn 0.4595 0.2632 0.8483
vn 0.5173 -0.1599 0.8407
vn 0.5184 -0.1549 0.8410
vn 0.5174 -0.1589 0.8409
vn 0.0005 0.5410 0.8410
vn 0.4529 0.2764 0.8477
vn 0.4109 -0.2721 0.8701
vn 0.5173 -0.1595 0.8408
vn 0.5174 -0.1587 0.8409
vn 0.0002 0.5410 0.8410
vn -0.4333 0.2839 0.8554
vn 0.4070 -0.2780 0.8701
vn 0.5174 -0.1597 0.8407
vn -0.4488 0.2496 0.8581
vn 0.4109 -0.2723 0.8701
vn 0.3228 -0.4332 0.8415
vn 0.4070 -0.2781 0.8701
vn -0.4488 0.2495 0.8581
vn -0.5057 -0.1441 0.8506
vn -0.4333 0.2838 0.8554
vn 0.4109 -0.2722 0.8701
vn -0.5006 -0.1626 0.8503
vn 0.4939 -0.1764 0.8515
vn -0.5088 -0.1589 0.8461
vn -0.5006 -0.1627 0.8503
vn -0.5057 -0.1442 0.8506
vn 0.4938 -0.1764 0.8515
vn 0.3229 -0.4332 0.8415
vn -0.5096 -0.1579 0.8458
vn 0.5181 0.1421 0.8434
vn 0.4939 -0.1761 0.8515
vn -0.5088 -0.1588 0.8461
vn -0.5152 -0.1479 0.8442
vn -0.5096 -0.1578 0.8458
vn 0.4939 -0.1760 0.8515
vn 0.5182 0.1421 0.8434
vn 0.5181 0.1430 0.8433
vn -0.5151 -0.1479 0.8443
vn -0.5153 -0.1460 0.8445
vn 0.5222 0.0640 0.8504
vn 0.5181 0.1431 0.8433
vn 0.5181 0.1422 0.8434
vn -0.5151 -0.1482 0.8442
vn -0.5153 -0.1461 0.8445
vn -0.5114 -0.1480 0.8465
vn 0.5222 0.0641 0.8504
vn 0.5222 0.0653 0.8503
vn -0.5115 -0.1471 0.8466
vn 0.5222 0.0639 0.8504
vn 0.4957 0.1213 0.8600
vn 0.5222 0.0649 0.8504
vn -0.5065 0.1363 0.8514
vn -0.5115 -0.1467 0.8466
vn 0.4957 0.1216 0.8599
vn 0.5222 0.0636 0.8504
vn 0.4968 0.1148 0.8602
vn -0.5067 0.1343 0.8516
vn 0.2213 0.4879 0.8444
vn 0.4957 0.1217 0.8600
vn -0.5067 0.1345 0.8516
vn -0.5164 0.1227 0.8475
vn 0.4956 0.1219 0.8600
vn 0.2215 0.4879 0.8444
vn 0.2311 0.4831 0.8445
vn -0.5163 0.1227 0.8476
vn -0.5074 0.1451 0.8494
vn 0.2212 0.4879 0.8444
vn 0.3736 0.3033 0.8766
vn 0.2307 0.4831 0.8446
vn -0.5075 0.1450 0.8494
vn -0.4763 0.1861 0.8593
vn -0.5164 0.1226 0.8475
vn 0.3345 0.3384 0.8795
vn 0.2310 0.4831 0.8445
vn -0.4694 0.1997 0.8601
vn -0.4764 0.1860 0.8593
vn 0.3736 0.3032 0.8766
vn 0.5283 0.1908 0.8273
vn -0.4763 0.1865 0.8593
vn -0.4821 0.1813 0.8572
vn -0.4694 0.1998 0.8601
vn 0.5284 0.1908 0.8273
vn 0.5045 0.2281 0.8327
vn -0.4763 0.1862 0.8593
vn -0.4732 0.2000 0.8580
vn 0.5282 0.1911 0.8273
vn 0.5045 0.2282 0.8327
vn 0.4820 0.1990 0.8533
vn -0.5116 -0.1762 0.8409
vn -0.4821 0.1812 0.8572
vn -0.4732 0.1997 0.8580
vn 0.4781 0.2087 0.8532
vn 0.4821 0.1988 0.8533
vn -0.5117 -0.1762 0.8409
vn -0.5117 -0.1754 0.8411
vn -0.4821 0.1810 0.8572
vn 0.5124 -0.1752 0.8407
vn 0.4781 0.2085 0.8532
vn -0.5116 -0.1764 0.8409
vn -0.2304 -0.4733 0.8503
vn -0.5117 -0.1755 0.8411
vn 0.5124 -0.1750 0.8407
vn -0.2301 -0.4733 0.8503
vn -0.2310 -0.4732 0.8501
vn 0.2301 -0.4733 0.8503
vn 0.5124 -0.1754 0.8406
vn -0.2306 -0.4732 0.8502
vn 0.2299 -0.4734 0.8503
vn -0.2300 -0.4734 0.8503
vn 0.5124 -0.1754 0.8407
vn 0.2310 -0.4731 0.8502
vn 0.2299 -0.4733 0.8504
vn 0.2309 -0.4732 0.8501
vn -0.9553 -0.2956 0.0005
vn -0.8651 0.5017 0.0005
vn -0.9553 -0.2957 0.0005
vn -0.9538 -0.3004 -0.0038
vn -0.9538 -0.3005 0.0005
vn -0.0005 1.0000 0.0005
vn -0.8651 0.5016 0.0005
vn -0.8651 0.5016 0.0006
vn -0.9539 -0.3001 0.0005
vn -0.9580 -0.2867 0.0005
vn -0.9539 -0.3001 0.0007
vn 0.8644 0.5028 0.0006
vn -0.9589 -0.2838 0.0005
vn -0.9580 -0.2868 0.0005
vn 0.8644 0.5028 0.0005
vn 0.9548 -0.2973 0.0005
vn -0.9587 0.2846 -0.0002
vn -0.9589 -0.2838 -0.0002
vn -0.9587 0.2846 0.0005
vn 0.9522 -0.3054 0.0005
vn 0.9547 -0.2977 0.0005
vn -0.9586 0.2847 0.0005
vn -0.9577 0.2877 0.0005
vn 0.8348 -0.5506 0.0005
vn 0.9523 -0.3053 0.0005
vn 0.9523 -0.3053 -0.0005
vn -0.9578 0.2874 0.0005
vn -0.9173 0.3983 -0.0010
vn -0.9173 0.3983 0.0005
vn 0.6025 -0.7981 0.0033
vn 0.8348 -0.5505 0.0005
vn -0.9112 0.4120 0.0005
vn -0.9172 0.3983 0.0005
vn -0.9172 0.3984 0.0005
vn 0.6025 -0.7981 0.0005
vn 0.6028 -0.7979 0.0005
vn 0.9423 -0.3347 0.0020
vn -0.9468 -0.3217 0.0005
vn -0.9112 0.4119 0.0005
vn 0.9422 -0.3349 0.0005
vn 0.6026 -0.7980 0.0013
vn -0.9468 -0.3218 0.0005
vn 0.9424 -0.3345 0.0005
vn 0.9424 -0.3345 -0.0025
vn 0.9628 0.2701 0.0005
vn -0.4372 -0.8993 0.0005
vn 0.9628 0.2701 -0.0018
vn 0.9424 -0.3344 0.0005
vn -0.9468 -0.3218 0.0004
vn 0.9628 0.2702 0.0005
vn 0.9926 0.1217 0.0005
vn -0.4372 -0.8994 0.0005
vn 0.4372 -0.8994 0.0005
vn 0.9627 0.2704 0.0005
vn -0.4372 -0.8994 0.0004
vn 0.9713 0.2378 0.0005
vn 0.4372 -0.8993 0.0005
vn 0.9467 -0.3222 0.0005
vn 0.9713 0.2378 0.0043
vn 0.9926 0.1217 0.0004
vn 0.9467 -0.3222 0.0004
vn 0.4226 0.9063 0.0005
vn 0.9713 0.2378 -0.0059
vn 0.9467 -0.3221 0.0005
vn 0.9134 0.4070 0.0006
vn 0.9713 0.2378 0.0004
vn 0.4227 0.9062 -0.0041
vn 0.9134 0.4071 0.0005
vn 0.9467 -0.3220 0.0005
vn 0.7255 0.6882 0.0005
vn 0.9151 0.4032 0.0004
vn 0.9151 0.4032 0.0005
vn 0.9151 0.4031 -0.0047
vn 0.9152 0.4031 0.0005
vn 0.7254 0.6883 0.0005
vn 0.9152 0.4031 0.0003
vn -0.9537 -0.3006 0.0005
vn 0.8644 0.5028 0.0003
vn 0.8348 -0.5506 0.0006
vn 0.6024 -0.7982 0.0005
vn -0.9172 0.3984 0.0004
vn 0.6025 -0.7981 0.0032
vn 0.9423 -0.3348 0.0005
vn 0.6026 -0.7980 0.0005
vn 0.6027 -0.7980 0.0012
vn 0.6027 -0.7980 0.0005
vn 0.9423 -0.3348 0.0020
vn 0.9424 -0.3344 -0.0025
vn 0.9466 -0.3223 0.0005
vn 0.9134 0.4070 0.0005
vn 0.7254 0.6883 0.0004
vn 0.0005 -1.0000 0.0005
vn 0.8661 -0.4998 -0.0000
vn 0.8661 -0.4998 0.0005
vn 0.0005 -1.0000 -0.0000
vn -0.8661 -0.4998 -0.0000
vn 0.8662 -0.4998 0.0005
vn 0.8662 -0.4998 -0.0000
vn 0.8662 0.4998 0.0005
vn -0.8661 -0.4998 0.0005
vn 0.8662 0.4998 -0.0000
vn -0.8662 -0.4998 0.0005
vn -0.8662 0.4998 -0.0000
vn 0.0005 1.0000 0.0005
vn 0.8661 0.4998 0.0005
vn 0.8661 0.4998 -0.0000
vn -0.8662 0.4998 0.0005
vn -0.8662 -0.4998 -0.0000
vn 0.0005 1.0000 -0.0000
vn -0.8661 0.4998 0.0005
vn -0.8661 0.4998 -0.0000
vn -0.5000 -0.8660 -0.0000
vn -1.0000 0.0005 0.0005
vn -0.9211 0.3894 0.0005
vn -0.9211 -0.3894 -0.0000
vn 0.0008 1.0000 0.0005
vn -0.9210 0.3895 0.0005
vn -0.9210 0.3895 -0.0000
vn -0.9211 -0.3894 0.0005
vn -0.9211 0.3894 -0.0000
vn 0.0008 1.0000 0.0006
vn 0.0008 1.0000 -0.0000
vn -0.9210 -0.3894 0.0005
vn 0.0008 -1.0000 -0.0000
vn 0.9210 0.3895 0.0005
vn 0.0001 1.0000 0.0004
vn 0.0001 1.0000 -0.0000
vn 0.0008 -1.0000 0.0005
vn -0.9210 -0.3894 -0.0000
vn 0.9210 0.3895 -0.0000
vn 0.0002 -1.0000 0.0005
vn 0.0002 -1.0000 0.0003
vn 0.9210 -0.3895 -0.0000
vn 0.9211 -0.3894 0.0005
vn 0.9211 0.3894 0.0005
vn 0.9211 0.3894 -0.0000
vn 0.9210 -0.3895 0.0005
vn 0.0002 -1.0000 -0.0000
vn 0.9211 -0.3894 -0.0000
vn 0.0008 -1.0000 0.0004
vn 0.0003 -1.0000 0.0006
vn 0.0003 -1.0000 -0.0000
vn 0.0008 1.0000 0.0003
vn 0.0003 1.0000 0.0005
vn 0.9210 0.3894 -0.0000
vn -0.4998 -0.8662 0.0005
vn -0.8839 0.4676 0.0005
vn -0.8839 -0.4676 -0.0000
vn -0.8839 0.4676 -0.0000
vn -0.8839 -0.4676 0.0005
vn -0.8839 -0.4676 0.0004
vn 0.8839 0.4676 0.0005
vn 0.0005 -1.0000 0.0008
vn 0.8839 0.4676 -0.0000
vn 0.0005 -1.0000 0.0001
vn 0.8839 -0.4676 -0.0000
vn 0.8839 -0.4676 0.0005
vn 0.8839 -0.4676 0.0006
vn -0.8839 0.4676 0.0006
vn 0.0005 1.0000 0.0001
vn 0.0005 1.0000 0.0008
vn 0.8839 0.4676 0.0004
vn 0.0005 0.0006 -1.0000
vn -0.5057 -0.1439 0.8506
vn 0.0003 0.5410 0.8410
vn -0.4333 0.2840 0.8553
vn -0.5005 -0.1628 0.8503
vn 0.4596 0.2630 0.8483
vn 0.4530 0.2759 0.8477
vn 0.5185 -0.1546 0.8410
vn -0.5114 -0.1481 0.8465
vn -0.5151 -0.1480 0.8442
vn -0.5115 -0.1472 0.8466
vn 0.5174 -0.1588 0.8409
vn -0.5065 0.1362 0.8514
vn -0.5115 -0.1470 0.8466
vn 0.4110 -0.2721 0.8701
vn -0.5066 0.1361 0.8514
vn -0.5163 0.1228 0.8476
vn -0.5067 0.1344 0.8516
vn 0.4108 -0.2723 0.8701
vn 0.3227 -0.4332 0.8415
vn -0.4764 0.1861 0.8593
vn 0.4939 -0.1764 0.8514
vn 0.4938 -0.1765 0.8515
vn -0.4763 0.1864 0.8593
vn -0.4821 0.1814 0.8571
vn -0.4693 0.1998 0.8601
vn 0.5182 0.1420 0.8434
vn 0.4939 -0.1762 0.8515
vn -0.4732 0.1999 0.8580
vn -0.4820 0.1813 0.8572
vn 0.5181 0.1429 0.8433
vn 0.5181 0.1423 0.8434
vn 0.5222 0.0642 0.8504
vn 0.5222 0.0651 0.8503
vn -0.5116 -0.1768 0.8409
vn 0.5222 0.0638 0.8504
vn -0.2302 -0.4733 0.8503
vn 0.4957 0.1216 0.8600
vn 0.5222 0.0637 0.8504
vn -0.2309 -0.4733 0.8501
vn 0.2300 -0.4734 0.8503
vn -0.2299 -0.4734 0.8503
vn 0.4956 0.1216 0.8600
vn 0.2309 -0.4733 0.8501
vn 0.2300 -0.4733 0.8503
vn 0.2312 0.4831 0.8445
vn 0.2303 -0.4733 0.8503
vn 0.2311 -0.4732 0.8501
vn 0.3344 0.3385 0.8795
vn 0.5124 -0.1751 0.8407
vn 0.5124 -0.1753 0.8406
vn 0.3345 0.3385 0.8795
vn 0.5125 -0.1752 0.8406
vn 0.4782 0.2082 0.8532
vn 0.4821 0.1987 0.8533
vn 0.4781 0.2086 0.8532
vn 0.4821 0.1991 0.8532
vn 0.5283 0.1910 0.8273
vn -0.5057 -0.1440 -0.8506
vn -0.4488 0.2495 -0.8581
vn 0.0001 0.5410 -0.8410
vn -0.4333 0.2840 -0.8553
vn -0.5057 -0.1438 -0.8506
vn -0.5057 -0.1442 -0.8506
vn 0.4596 0.2632 -0.8482
vn 0.5185 -0.1546 -0.8410
vn 0.4530 0.2759 -0.8477
vn 0.4530 0.2760 -0.8477
vn 0.5185 -0.1547 -0.8410
vn 0.5185 -0.1548 -0.8409
vn -0.5151 -0.1481 -0.8442
vn -0.5151 -0.1480 -0.8442
vn -0.5115 -0.1472 -0.8466
vn -0.5115 -0.1470 -0.8466
vn -0.5065 0.1362 -0.8514
vn -0.5066 0.1360 -0.8514
vn 0.4071 -0.2780 -0.8701
vn -0.5163 0.1229 -0.8476
vn 0.4069 -0.2780 -0.8701
vn -0.5075 0.1451 -0.8494
vn -0.4764 0.1861 -0.8593
vn 0.4939 -0.1765 -0.8514
vn -0.4821 0.1814 -0.8571
vn -0.4763 0.1864 -0.8593
vn 0.4939 -0.1763 -0.8515
vn 0.5182 0.1420 -0.8434
vn 0.4939 -0.1762 -0.8515
vn -0.4732 0.2000 -0.8580
vn 0.5181 0.1429 -0.8433
vn -0.4821 0.1811 -0.8572
vn -0.5117 -0.1763 -0.8409
vn -0.5116 -0.1763 -0.8409
vn 0.5222 0.0642 -0.8504
vn -0.5116 -0.1767 -0.8409
vn 0.5222 0.0637 -0.8504
vn -0.2310 -0.4732 -0.8501
vn -0.2301 -0.4732 -0.8503
vn -0.2309 -0.4732 -0.8501
vn -0.2300 -0.4734 -0.8503
vn 0.2300 -0.4734 -0.8503
vn 0.2309 -0.4732 -0.8502
vn 0.2215 0.4879 -0.8444
vn 0.2311 0.4831 -0.8445
vn 0.2302 -0.4732 -0.8503
vn 0.5124 -0.1756 -0.8406
vn 0.2210 0.4879 -0.8444
vn 0.2310 0.4832 -0.8445
vn 0.3345 0.3385 -0.8795
vn 0.5124 -0.1750 -0.8407
vn 0.5124 -0.1751 -0.8407
vn 0.5124 -0.1752 -0.8407
vn 0.4820 0.1990 -0.8533
vn 0.5283 0.1908 -0.8273
vn 0.5045 0.2281 -0.8327
vt 0.000000 0.000000
s 0
f 629/2/523 630/2/523 631/2/523
f 631/2/523 632/2/523 629/2/523
f 630/2/523 629/2/523 633/2/523
f 629/2/523 632/2/523 634/2/523
f 632/2/523 635/2/523 634/2/523
f 635/2/523 632/2/523 636/2/523
f 637/2/523 635/2/523 636/2/523
f 635/2/523 637/2/523 638/2/523
f 639/2/523 630/2/523 633/2/523
f 638/2/523 637/2/523 640/2/523
f 641/2/523 639/2/523 633/2/523
f 638/2/523 640/2/523 641/2/523
f 642/2/523 639/2/523 641/2/523
f 642/2/523 641/2/523 640/2/523
f 639/2/523 642/2/523 643/2/523
f 642/2/523 640/2/523 644/2/523
f 645/2/523 639/2/523 643/2/523
f 640/2/523 646/2/523 644/2/523
f 639/2/523 645/2/523 647/2/523
f 646/2/523 640/2/523 648/2/523
f 648/2/523 649/2/523 646/2/523
f 649/2/523 647/2/523 645/2/523
f 650/2/523 649/2/523 648/2/523
f 650/2/523 647/2/523 649/2/523
f 647/2/523 650/2/523 651/2/523
f 651/2/523 650/2/523 652/2/523
f 653/2/523 651/2/523 652/2/523
f 654/2/523 651/2/523 653/2/523
f 653/2/523 655/2/523 654/2/523
f 651/2/523 654/2/523 656/2/523
f 654/2/523 657/2/523 656/2/523
f 657/2/523 658/2/523 656/2/523
f 658/2/523 657/2/523 659/2/523
f 660/2/523 659/2/523 657/2/523
f 658/2/523 659/2/523 661/2/523
f 659/2/523 660/2/523 662/2/523
f 663/2/523 658/2/523 661/2/523
f 660/2/523 664/2/523 662/2/523
f 658/2/523 663/2/523 665/2/523
f 660/2/523 666/2/523 664/2/523
f 666/2/523 667/2/523 664/2/523
f 668/2/523 663/2/523 667/2/523
f 668/2/523 667/2/523 666/2/523
f 663/2/523 668/2/523 665/2/523
f 669/2/523 668/2/523 666/2/523
f 665/2/523 668/2/523 670/2/523
f 669/2/523 666/2/523 671/2/523
f 670/2/523 672/2/523 665/2/523
f 673/2/523 669/2/523 671/2/523
f 670/2/523 674/2/523 672/2/523
f 675/2/523 669/2/523 673/2/523
f 674/2/523 670/2/523 676/2/523
f 673/2/523 677/2/523 675/2/523
f 678/2/523 674/2/523 676/2/523
f 677/2/523 679/2/523 675/2/523
f 679/2/523 678/2/523 676/2/523
f 678/2/523 679/2/523 677/2/523
f 680/2/524 681/2/524 682/2/524
f 683/2/524 682/2/524 681/2/524
f 681/2/524 680/2/524 684/2/524
f 683/2/524 681/2/524 685/2/524
f 686/2/524 683/2/524 685/2/524
f 683/2/524 686/2/524 687/2/524
f 686/2/524 688/2/524 687/2/524
f 688/2/524 686/2/524 689/2/524
f 690/2/524 684/2/524 680/2/524
f 688/2/524 689/2/524 691/2/524
f 684/2/524 690/2/524 692/2/524
f 692/2/524 691/2/524 689/2/524
f 690/2/524 693/2/524 692/2/524
f 693/2/524 691/2/524 692/2/524
f 693/2/524 690/2/524 694/2/524
f 691/2/524 693/2/524 695/2/524
f 690/2/524 696/2/524 694/2/524
f 697/2/524 691/2/524 695/2/524
f 690/2/524 698/2/524 696/2/524
f 691/2/524 697/2/524 699/2/524
f 700/2/524 699/2/524 697/2/524
f 698/2/524 700/2/524 696/2/524
f 699/2/524 700/2/524 701/2/524
f 698/2/524 701/2/524 700/2/524
f 701/2/524 698/2/524 702/2/524
f 701/2/524 702/2/524 703/2/524
f 704/2/524 703/2/524 702/2/524
f 702/2/524 705/2/524 704/2/524
f 705/2/524 706/2/524 704/2/524
f 705/2/524 702/2/524 707/2/524
f 707/2/524 708/2/524 705/2/524
f 707/2/524 709/2/524 708/2/524
f 710/2/524 708/2/524 709/2/524
f 708/2/524 710/2/524 711/2/524
f 710/2/524 709/2/524 712/2/524
f 710/2/524 713/2/524 711/2/524
f 709/2/524 714/2/524 712/2/524
f 715/2/524 711/2/524 713/2/524
f 714/2/524 709/2/524 716/2/524
f 717/2/524 711/2/524 715/2/524
f 718/2/524 717/2/524 715/2/524
f 714/2/524 719/2/524 718/2/524
f 717/2/524 718/2/524 719/2/524
f 719/2/524 714/2/524 716/2/524
f 719/2/524 720/2/524 717/2/524
f 717/2/524 720/2/524 721/2/524
f 719/2/524 716/2/524 722/2/524
f 720/2/524 723/2/524 721/2/524
f 716/2/524 724/2/524 722/2/524
f 720/2/524 725/2/524 723/2/524
f 726/2/524 722/2/524 724/2/524
f 727/2/524 723/2/524 725/2/524
f 722/2/524 726/2/524 728/2/524
f 729/2/524 727/2/524 725/2/524
f 726/2/524 730/2/524 728/2/524
f 727/2/524 729/2/524 730/2/524
f 729/2/524 728/2/524 730/2/524
f 731/2/525 732/2/526 733/2/527
f 732/2/528 731/2/529 734/2/530
f 735/2/531 733/2/532 732/2/527
f 736/2/533 734/2/534 731/2/535
f 733/2/536 735/2/537 737/2/538
f 736/2/539 731/2/540 738/2/539
f 739/2/541 737/2/542 735/2/543
f 740/2/544 736/2/545 738/2/545
f 735/2/546 741/2/547 739/2/548
f 736/2/549 740/2/544 742/2/550
f 743/2/551 739/2/552 741/2/553
f 740/2/554 744/2/555 742/2/556
f 739/2/557 743/2/558 745/2/551
f 744/2/555 740/2/559 746/2/560
f 747/2/561 745/2/551 743/2/562
f 744/2/563 746/2/564 748/2/565
f 745/2/551 747/2/566 749/2/561
f 748/2/565 746/2/564 750/2/567
f 747/2/568 751/2/569 749/2/568
f 752/2/570 748/2/571 750/2/567
f 751/2/569 747/2/568 753/2/572
f 748/2/573 752/2/570 754/2/574
f 751/2/575 753/2/576 755/2/577
f 756/2/578 754/2/579 752/2/580
f 755/2/577 753/2/581 757/2/582
f 752/2/583 758/2/584 756/2/578
f 759/2/585 755/2/586 757/2/587
f 760/2/588 756/2/578 758/2/589
f 755/2/590 759/2/591 761/2/592
f 756/2/578 760/2/588 762/2/593
f 763/2/594 761/2/595 759/2/596
f 764/2/597 762/2/598 760/2/588
f 763/2/594 759/2/591 765/2/599
f 762/2/598 764/2/600 766/2/601
f 767/2/602 763/2/603 765/2/604
f 764/2/605 768/2/606 766/2/607
f 765/2/608 769/2/609 767/2/602
f 764/2/605 770/2/610 768/2/611
f 771/2/612 767/2/602 769/2/613
f 772/2/614 768/2/615 770/2/616
f 767/2/617 771/2/618 773/2/619
f 768/2/620 772/2/621 774/2/622
f 775/2/623 773/2/624 771/2/625
f 776/2/626 774/2/627 772/2/628
f 775/2/629 771/2/625 777/2/630
f 772/2/631 778/2/632 776/2/633
f 779/2/634 775/2/629 777/2/635
f 780/2/636 776/2/637 778/2/638
f 775/2/629 779/2/634 781/2/639
f 776/2/637 780/2/636 782/2/640
f 779/2/641 783/2/642 781/2/643
f 783/2/644 782/2/645 780/2/646
f 783/2/647 779/2/648 784/2/649
f 782/2/650 783/2/651 784/2/652
f 785/2/653 786/2/654 787/2/655
f 786/2/654 785/2/653 788/2/656
f 787/2/657 789/2/658 785/2/659
f 790/2/660 786/2/661 788/2/662
f 789/2/663 787/2/664 791/2/665
f 792/2/666 786/2/667 790/2/666
f 793/2/668 789/2/669 791/2/670
f 790/2/671 794/2/672 792/2/671
f 795/2/673 789/2/674 793/2/668
f 794/2/672 790/2/666 796/2/675
f 793/2/676 797/2/677 795/2/678
f 796/2/679 798/2/680 794/2/681
f 797/2/677 793/2/682 799/2/677
f 794/2/681 798/2/680 800/2/683
f 799/2/677 801/2/684 797/2/677
f 802/2/685 800/2/686 798/2/687
f 801/2/688 799/2/689 803/2/684
f 800/2/686 802/2/685 804/2/690
f 805/2/691 801/2/692 803/2/692
f 802/2/693 806/2/694 804/2/695
f 801/2/696 805/2/697 807/2/698
f 806/2/699 802/2/693 808/2/700
f 809/2/701 807/2/702 805/2/703
f 806/2/704 808/2/705 810/2/706
f 807/2/702 809/2/707 811/2/708
f 812/2/709 806/2/704 810/2/706
f 809/2/710 813/2/711 811/2/712
f 810/2/706 814/2/713 812/2/714
f 813/2/715 809/2/716 815/2/717
f 814/2/713 810/2/706 816/2/718
f 817/2/719 813/2/720 815/2/717
f 816/2/721 818/2/722 814/2/713
f 813/2/723 817/2/724 819/2/725
f 818/2/726 816/2/721 820/2/727
f 817/2/728 821/2/729 819/2/730
f 820/2/731 822/2/732 818/2/733
f 821/2/729 823/2/734 819/2/735
f 824/2/736 818/2/733 822/2/737
f 821/2/738 825/2/739 823/2/734
f 822/2/740 826/2/741 824/2/742
f 825/2/743 821/2/729 827/2/744
f 826/2/741 822/2/745 828/2/746
f 825/2/747 827/2/748 829/2/749
f 830/2/750 826/2/751 828/2/752
f 831/2/753 825/2/747 829/2/754
f 830/2/755 832/2/756 826/2/757
f 829/2/754 833/2/758 831/2/759
f 830/2/760 834/2/761 832/2/762
f 833/2/763 829/2/754 835/2/763
f 834/2/764 830/2/760 836/2/765
f 837/2/766 833/2/767 835/2/767
f 836/2/768 837/2/769 834/2/770
f 833/2/771 837/2/766 838/2/772
f 837/2/773 836/2/768 838/2/774
f 839/2/775 840/2/776 841/2/775
f 841/2/777 842/2/778 839/2/777
f 843/2/776 841/2/775 840/2/776
f 842/2/779 841/2/777 844/2/779
f 845/2/780 843/2/781 840/2/782
f 844/2/783 846/2/784 842/2/783
f 843/2/781 845/2/780 847/2/780
f 844/2/785 848/2/784 846/2/784
f 849/2/786 847/2/780 845/2/780
f 850/2/787 846/2/788 848/2/788
f 847/2/780 849/2/789 851/2/789
f 846/2/788 850/2/787 852/2/787
f 849/2/789 853/2/790 851/2/789
f 850/2/787 854/2/791 852/2/787
f 853/2/790 849/2/789 855/2/790
f 850/2/792 856/2/793 854/2/793
f 857/2/794 853/2/795 855/2/795
f 856/2/796 858/2/797 854/2/796
f 853/2/795 857/2/794 859/2/794
f 856/2/796 860/2/797 858/2/797
f 861/2/798 859/2/799 857/2/800
f 860/2/801 862/2/802 858/2/801
f 859/2/799 861/2/798 863/2/798
f 860/2/801 864/2/803 862/2/803
f 865/2/804 863/2/805 861/2/805
f 866/2/806 862/2/807 864/2/808
f 865/2/809 861/2/805 867/2/809
f 862/2/808 866/2/806 868/2/806
f 867/2/810 869/2/811 865/2/810
f 870/2/812 868/2/813 866/2/813
f 869/2/814 867/2/815 871/2/814
f 868/2/813 870/2/816 872/2/816
f 869/2/817 871/2/818 873/2/819
f 870/2/816 874/2/820 872/2/816
f 875/2/821 869/2/822 873/2/819
f 874/2/820 870/2/823 876/2/820
f 873/2/824 877/2/825 875/2/824
f 876/2/826 878/2/827 874/2/826
f 877/2/825 873/2/828 879/2/825
f 876/2/829 880/2/827 878/2/827
f 879/2/825 881/2/830 877/2/825
f 880/2/831 882/2/832 878/2/831
f 883/2/833 877/2/834 881/2/830
f 884/2/835 878/2/831 882/2/832
f 885/2/836 883/2/830 881/2/837
f 882/2/838 886/2/839 884/2/838
f 883/2/840 885/2/836 887/2/841
f 886/2/842 882/2/843 888/2/842
f 885/2/836 889/2/844 887/2/836
f 888/2/842 890/2/845 886/2/842
f 889/2/844 885/2/836 891/2/844
f 890/2/846 892/2/847 886/2/842
f 892/2/848 889/2/849 891/2/849
f 889/2/849 892/2/848 890/2/850
f 893/2/776 894/2/775 895/2/775
f 896/2/851 895/2/777 894/2/777
f 893/2/776 895/2/775 897/2/776
f 895/2/777 896/2/779 898/2/779
f 897/2/781 899/2/780 893/2/781
f 896/2/785 900/2/784 898/2/783
f 899/2/780 897/2/782 901/2/780
f 902/2/784 898/2/783 900/2/784
f 901/2/780 903/2/852 899/2/780
f 900/2/788 904/2/787 902/2/788
f 903/2/789 901/2/780 905/2/789
f 904/2/787 900/2/788 906/2/787
f 907/2/790 903/2/789 905/2/789
f 906/2/792 908/2/793 904/2/787
f 903/2/789 907/2/790 909/2/790
f 910/2/791 904/2/787 908/2/793
f 907/2/795 911/2/794 909/2/795
f 908/2/796 912/2/797 910/2/796
f 911/2/794 907/2/795 913/2/794
f 912/2/797 914/2/797 910/2/796
f 913/2/799 915/2/853 911/2/799
f 912/2/801 916/2/803 914/2/801
f 915/2/798 913/2/800 917/2/798
f 918/2/802 914/2/801 916/2/803
f 915/2/805 917/2/805 919/2/854
f 916/2/855 920/2/806 918/2/808
f 921/2/856 915/2/805 919/2/809
f 920/2/806 916/2/808 922/2/806
f 923/2/857 921/2/858 919/2/859
f 922/2/813 924/2/812 920/2/813
f 921/2/860 923/2/814 925/2/861
f 924/2/816 922/2/813 926/2/816
f 927/2/821 925/2/817 923/2/817
f 928/2/820 924/2/816 926/2/816
f 927/2/819 923/2/862 929/2/819
f 924/2/816 928/2/820 930/2/820
f 931/2/825 927/2/824 929/2/824
f 928/2/826 932/2/827 930/2/826
f 927/2/828 931/2/825 933/2/825
f 932/2/827 934/2/827 930/2/829
f 935/2/833 933/2/825 931/2/825
f 932/2/831 936/2/863 934/2/831
f 935/2/830 931/2/825 937/2/830
f 932/2/831 938/2/832 936/2/832
f 935/2/830 937/2/830 939/2/841
f 940/2/864 936/2/838 938/2/838
f 939/2/836 937/2/837 941/2/836
f 936/2/843 940/2/842 942/2/842
f 943/2/844 939/2/836 941/2/836
f 940/2/842 944/2/847 942/2/842
f 939/2/836 943/2/844 945/2/844
f 946/2/846 944/2/846 940/2/842
f 946/2/848 943/2/865 944/2/848
f 943/2/849 946/2/850 945/2/849
f 947/2/866 948/2/866 949/2/867
f 949/2/868 948/2/869 950/2/868
f 947/2/866 951/2/870 948/2/866
f 949/2/871 950/2/872 952/2/873
f 953/2/874 951/2/874 947/2/869
f 954/2/875 949/2/871 952/2/873
f 953/2/876 955/2/877 951/2/876
f 956/2/878 954/2/879 952/2/880
f 957/2/881 955/2/881 953/2/882
f 954/2/879 956/2/878 958/2/883
f 958/2/878 955/2/884 957/2/885
f 955/2/884 958/2/878 956/2/883
f 959/2/866 960/2/871 961/2/872
f 961/2/871 960/2/872 962/2/873
f 960/2/871 959/2/866 963/2/869
f 959/2/869 964/2/886 963/2/866
f 964/2/886 965/2/886 963/2/866
f 966/2/875 961/2/871 962/2/873
f 967/2/878 966/2/879 962/2/880
f 966/2/879 967/2/878 968/2/883
f 969/2/884 968/2/878 967/2/883
f 968/2/878 969/2/884 970/2/885
f 971/2/887 970/2/881 969/2/877
f 970/2/881 971/2/887 972/2/887
f 973/2/866 974/2/868 975/2/867
f 976/2/875 975/2/871 974/2/871
f 974/2/868 973/2/866 977/2/869
f 976/2/873 974/2/872 978/2/873
f 979/2/874 977/2/866 973/2/869
f 978/2/879 980/2/883 976/2/879
f 977/2/866 979/2/874 981/2/870
f 980/2/878 978/2/880 982/2/878
f 983/2/881 981/2/876 979/2/882
f 982/2/878 983/2/885 980/2/878
f 981/2/876 983/2/881 984/2/877
f 983/2/884 982/2/883 984/2/884
f 985/2/888 986/2/889 987/2/888
f 988/2/890 985/2/891 987/2/892
f 986/2/893 985/2/894 989/2/893
f 985/2/891 988/2/895 990/2/896
f 986/2/897 989/2/897 991/2/898
f 992/2/899 990/2/900 988/2/901
f 991/2/902 989/2/903 993/2/902
f 990/2/900 992/2/899 994/2/904
f 991/2/905 993/2/906 995/2/907
f 995/2/908 994/2/909 992/2/910
f 995/2/911 993/2/912 996/2/911
f 994/2/909 995/2/908 996/2/913
f 997/2/888 998/2/893 999/2/889
f 1000/2/914 999/2/897 998/2/903
f 998/2/893 997/2/888 1001/2/894
f 999/2/897 1000/2/914 1002/2/898
f 997/2/891 1003/2/896 1001/2/891
f 1004/2/908 1002/2/915 1000/2/916
f 1005/2/890 1003/2/917 997/2/892
f 1002/2/905 1004/2/911 1006/2/907
f 1005/2/918 1007/2/919 1003/2/918
f 1008/2/910 1006/2/908 1004/2/908
f 1008/2/899 1007/2/899 1005/2/901
f 1008/2/909 1004/2/913 1007/2/909
f 1009/2/866 1010/2/866 1011/2/872
f 1009/2/866 1012/2/886 1010/2/866
f 1009/2/869 1013/2/920 1012/2/920
f 1011/2/871 1010/2/869 1014/2/871
f 1015/2/875 1011/2/871 1014/2/871
f 1015/2/873 1014/2/872 1016/2/873
f 1016/2/879 1017/2/883 1015/2/879
f 1017/2/878 1016/2/880 1018/2/878
f 1018/2/878 1019/2/885 1017/2/878
f 1019/2/884 1018/2/883 1020/2/884
f 1019/2/881 1020/2/881 1021/2/887
f 1021/2/887 1020/2/877 1022/2/887
f 1023/2/921 1024/2/921 1025/2/922
f 1026/2/878 1024/2/921 1023/2/923
f 1025/2/924 1024/2/923 1027/2/924
f 1024/2/921 1026/2/878 1028/2/883
f 1025/2/924 1027/2/925 1029/2/869
f 1030/2/926 1028/2/878 1026/2/883
f 1029/2/927 1027/2/922 1031/2/866
f 1028/2/878 1030/2/926 1032/2/928
f 1029/2/866 1031/2/929 1033/2/930
f 1033/2/931 1032/2/926 1030/2/928
f 1033/2/932 1031/2/869 1034/2/931
f 1032/2/926 1033/2/931 1034/2/930
f 1035/2/921 1036/2/924 1037/2/922
f 1038/2/866 1037/2/924 1036/2/922
f 1036/2/924 1035/2/921 1039/2/923
f 1037/2/924 1038/2/866 1040/2/869
f 1035/2/933 1041/2/883 1039/2/921
f 1042/2/931 1040/2/866 1038/2/869
f 1043/2/878 1041/2/934 1035/2/923
f 1040/2/866 1042/2/931 1044/2/930
f 1043/2/935 1045/2/928 1041/2/878
f 1042/2/931 1046/2/928 1044/2/931
f 1046/2/926 1045/2/936 1043/2/883
f 1046/2/926 1042/2/930 1045/2/926
f 1047/2/524 1048/2/524 1049/2/524
f 1050/2/524 1047/2/524 1049/2/524
f 1048/2/524 1047/2/524 1051/2/524
f 1047/2/524 1050/2/524 1052/2/524
f 1053/2/524 1048/2/524 1051/2/524
f 1050/2/524 1054/2/524 1052/2/524
f 1048/2/524 1053/2/524 1055/2/524
f 1056/2/524 1054/2/524 1050/2/524
f 1055/2/524 1053/2/524 1057/2/524
f 1054/2/524 1056/2/524 1058/2/524
f 1057/2/524 1059/2/524 1055/2/524
f 1058/2/524 1056/2/524 1059/2/524
f 1059/2/524 1057/2/524 1060/2/524
f 1059/2/524 1060/2/524 1058/2/524
f 1060/2/524 1057/2/524 1061/2/524
f 1058/2/524 1060/2/524 1062/2/524
f 1057/2/524 1063/2/524 1061/2/524
f 1064/2/524 1058/2/524 1062/2/524
f 1063/2/524 1057/2/524 1065/2/524
f 1058/2/524 1064/2/524 1066/2/524
f 1067/2/524 1066/2/524 1064/2/524
f 1065/2/524 1067/2/524 1063/2/524
f 1066/2/524 1067/2/524 1068/2/524
f 1068/2/524 1067/2/524 1065/2/524
f 1068/2/524 1065/2/524 1069/2/524
f 1068/2/524 1069/2/524 1070/2/524
f 1069/2/524 1071/2/524 1070/2/524
f 1069/2/524 1072/2/524 1071/2/524
f 1072/2/524 1073/2/524 1071/2/524
f 1072/2/524 1069/2/524 1074/2/524
f 1074/2/524 1075/2/524 1072/2/524
f 1076/2/524 1075/2/524 1074/2/524
f 1075/2/524 1076/2/524 1077/2/524
f 1077/2/524 1078/2/524 1075/2/524
f 1077/2/524 1076/2/524 1079/2/524
f 1078/2/524 1077/2/524 1080/2/524
f 1081/2/524 1079/2/524 1076/2/524
f 1082/2/524 1078/2/524 1080/2/524
f 1076/2/524 1083/2/524 1081/2/524
f 1078/2/524 1082/2/524 1084/2/524
f 1083/2/524 1085/2/524 1081/2/524
f 1085/2/524 1084/2/524 1082/2/524
f 1085/2/524 1083/2/524 1086/2/524
f 1084/2/524 1085/2/524 1086/2/524
f 1086/2/524 1083/2/524 1087/2/524
f 1084/2/524 1086/2/524 1088/2/524
f 1083/2/524 1089/2/524 1087/2/524
f 1088/2/524 1090/2/524 1084/2/524
f 1091/2/524 1087/2/524 1089/2/524
f 1088/2/524 1092/2/524 1090/2/524
f 1093/2/524 1087/2/524 1091/2/524
f 1092/2/524 1088/2/524 1094/2/524
f 1091/2/524 1095/2/524 1093/2/524
f 1096/2/524 1092/2/524 1094/2/524
f 1095/2/524 1097/2/524 1093/2/524
f 1097/2/524 1096/2/524 1094/2/524
f 1096/2/524 1097/2/524 1095/2/524
f 1098/2/523 1099/2/523 1100/2/523
f 1099/2/523 1101/2/523 1100/2/523
f 1099/2/523 1098/2/523 1102/2/523
f 1099/2/523 1103/2/523 1101/2/523
f 1098/2/523 1104/2/523 1102/2/523
f 1105/2/523 1101/2/523 1103/2/523
f 1104/2/523 1098/2/523 1106/2/523
f 1101/2/523 1105/2/523 1107/2/523
f 1106/2/523 1108/2/523 1104/2/523
f 1107/2/523 1105/2/523 1109/2/523
f 1108/2/523 1106/2/523 1110/2/523
f 1109/2/523 1110/2/523 1107/2/523
f 1111/2/523 1108/2/523 1110/2/523
f 1109/2/523 1111/2/523 1110/2/523
f 1108/2/523 1111/2/523 1112/2/523
f 1111/2/523 1109/2/523 1113/2/523
f 1114/2/523 1108/2/523 1112/2/523
f 1109/2/523 1115/2/523 1113/2/523
f 1108/2/523 1114/2/523 1116/2/523
f 1115/2/523 1109/2/523 1117/2/523
f 1117/2/523 1118/2/523 1115/2/523
f 1118/2/523 1116/2/523 1114/2/523
f 1118/2/523 1117/2/523 1119/2/523
f 1119/2/523 1116/2/523 1118/2/523
f 1116/2/523 1119/2/523 1120/2/523
f 1120/2/523 1119/2/523 1121/2/523
f 1120/2/523 1121/2/523 1122/2/523
f 1123/2/523 1120/2/523 1122/2/523
f 1124/2/523 1123/2/523 1122/2/523
f 1120/2/523 1123/2/523 1125/2/523
f 1123/2/523 1126/2/523 1125/2/523
f 1126/2/523 1127/2/523 1125/2/523
f 1127/2/523 1126/2/523 1128/2/523
f 1129/2/523 1128/2/523 1126/2/523
f 1127/2/523 1128/2/523 1130/2/523
f 1128/2/523 1129/2/523 1131/2/523
f 1132/2/523 1127/2/523 1130/2/523
f 1129/2/937 1133/2/937 1131/2/937
f 1127/2/523 1132/2/523 1134/2/523
f 1133/2/523 1129/2/523 1135/2/523
f 1136/2/523 1134/2/523 1132/2/523
f 1135/2/523 1136/2/523 1133/2/523
f 1137/2/523 1134/2/523 1136/2/523
f 1136/2/523 1135/2/523 1137/2/523
f 1134/2/523 1137/2/523 1138/2/523
f 1139/2/523 1137/2/523 1135/2/523
f 1134/2/523 1138/2/523 1140/2/523
f 1141/2/523 1139/2/523 1135/2/523
f 1140/2/523 1138/2/523 1142/2/523
f 1143/2/523 1139/2/523 1141/2/523
f 1138/2/523 1144/2/523 1142/2/523
f 1139/2/523 1143/2/523 1145/2/523
f 1146/2/523 1142/2/523 1144/2/523
f 1143/2/523 1147/2/523 1145/2/523
f 1148/2/523 1146/2/523 1144/2/523
f 1146/2/523 1148/2/523 1147/2/523
f 1145/2/523 1147/2/523 1148/2/523
f 1149/2/938 1150/2/681 1151/2/679
f 1152/2/939 1151/2/675 1150/2/940
f 1150/2/681 1149/2/938 1153/2/683
f 1152/2/671 1150/2/672 1154/2/671
f 1155/2/685 1153/2/941 1149/2/687
f 1156/2/667 1152/2/666 1154/2/666
f 1153/2/683 1155/2/685 1157/2/690
f 1152/2/660 1156/2/667 1158/2/662
f 1159/2/694 1157/2/695 1155/2/693
f 1160/2/653 1158/2/942 1156/2/943
f 1159/2/699 1155/2/693 1161/2/700
f 1156/2/654 1162/2/944 1160/2/664
f 1163/2/945 1159/2/946 1161/2/705
f 1164/2/663 1160/2/664 1162/2/664
f 1159/2/946 1163/2/706 1165/2/947
f 1162/2/664 1166/2/948 1164/2/658
f 1163/2/706 1167/2/949 1165/2/950
f 1168/2/951 1164/2/669 1166/2/670
f 1167/2/952 1163/2/706 1169/2/718
f 1164/2/674 1168/2/951 1170/2/673
f 1171/2/953 1167/2/713 1169/2/954
f 1170/2/678 1168/2/682 1172/2/677
f 1169/2/721 1173/2/727 1171/2/726
f 1168/2/955 1174/2/956 1172/2/677
f 1175/2/957 1171/2/733 1173/2/731
f 1174/2/689 1176/2/958 1172/2/689
f 1171/2/733 1175/2/732 1177/2/736
f 1174/2/677 1178/2/958 1176/2/959
f 1175/2/960 1179/2/961 1177/2/962
f 1180/2/963 1176/2/692 1178/2/964
f 1181/2/965 1179/2/966 1175/2/745
f 1176/2/696 1180/2/963 1182/2/967
f 1183/2/750 1179/2/757 1181/2/752
f 1184/2/701 1182/2/702 1180/2/968
f 1179/2/751 1183/2/760 1185/2/756
f 1182/2/702 1184/2/969 1186/2/970
f 1187/2/764 1185/2/762 1183/2/971
f 1184/2/972 1188/2/711 1186/2/712
f 1183/2/760 1189/2/765 1187/2/973
f 1188/2/974 1184/2/975 1190/2/717
f 1189/2/976 1191/2/977 1187/2/978
f 1192/2/719 1188/2/979 1190/2/717
f 1189/2/976 1193/2/980 1191/2/981
f 1188/2/723 1192/2/719 1194/2/982
f 1195/2/771 1191/2/983 1193/2/984
f 1196/2/729 1194/2/730 1192/2/728
f 1191/2/766 1195/2/771 1197/2/767
f 1194/2/735 1196/2/729 1198/2/985
f 1195/2/986 1199/2/754 1197/2/987
f 1200/2/739 1198/2/988 1196/2/729
f 1195/2/989 1201/2/990 1199/2/991
f 1200/2/747 1199/2/754 1201/2/992
f 1199/2/993 1200/2/747 1202/2/748
f 1196/2/729 1202/2/744 1200/2/994
f 1203/2/554 1204/2/995 1205/2/996
f 1205/2/550 1206/2/997 1203/2/998
f 1204/2/999 1203/2/554 1207/2/560
f 1203/2/544 1206/2/545 1208/2/545
f 1207/2/564 1209/2/565 1204/2/1000
f 1206/2/539 1210/2/540 1208/2/539
f 1209/2/565 1207/2/564 1211/2/567
f 1210/2/540 1206/2/533 1212/2/534
f 1211/2/567 1213/2/570 1209/2/571
f 1212/2/1001 1214/2/1002 1210/2/1003
f 1209/2/573 1213/2/570 1215/2/574
f 1210/2/1004 1214/2/1005 1216/2/1006
f 1213/2/1007 1217/2/578 1215/2/579
f 1214/2/527 1218/2/537 1216/2/536
f 1217/2/578 1213/2/1008 1219/2/1009
f 1218/2/537 1220/2/538 1216/2/536
f 1219/2/1010 1221/2/1011 1217/2/578
f 1218/2/543 1222/2/541 1220/2/542
f 1217/2/578 1221/2/1012 1223/2/593
f 1222/2/548 1218/2/546 1224/2/1013
f 1221/2/588 1225/2/1014 1223/2/598
f 1226/2/551 1222/2/557 1224/2/1015
f 1225/2/597 1227/2/1016 1223/2/598
f 1226/2/551 1228/2/551 1222/2/557
f 1225/2/605 1229/2/1017 1227/2/607
f 1230/2/561 1228/2/551 1226/2/562
f 1229/2/1017 1225/2/605 1231/2/610
f 1228/2/551 1230/2/561 1232/2/1018
f 1233/2/1019 1229/2/1020 1231/2/616
f 1230/2/1021 1234/2/1022 1232/2/1023
f 1229/2/620 1233/2/621 1235/2/1024
f 1234/2/1022 1230/2/568 1236/2/1025
f 1233/2/1026 1237/2/1027 1235/2/627
f 1236/2/576 1238/2/577 1234/2/575
f 1237/2/1028 1233/2/628 1239/2/632
f 1238/2/1029 1236/2/576 1240/2/582
f 1239/2/638 1241/2/636 1237/2/1030
f 1240/2/587 1242/2/585 1238/2/1031
f 1243/2/1032 1237/2/637 1241/2/1033
f 1238/2/590 1242/2/591 1244/2/592
f 1245/2/651 1243/2/1034 1241/2/1035
f 1242/2/596 1246/2/594 1244/2/595
f 1245/2/1036 1247/2/1037 1243/2/650
f 1246/2/1038 1242/2/591 1248/2/1039
f 1245/2/1040 1249/2/1041 1247/2/649
f 1248/2/604 1250/2/602 1246/2/1042
f 1249/2/643 1245/2/642 1251/2/641
f 1250/2/602 1248/2/1043 1252/2/1044
f 1253/2/629 1249/2/1045 1251/2/1046
f 1252/2/609 1254/2/618 1250/2/602
f 1255/2/635 1249/2/1047 1253/2/629
f 1253/2/629 1254/2/625 1255/2/630
f 1254/2/625 1253/2/1048 1256/2/624
f 1250/2/617 1254/2/1049 1256/2/1050
o RenderMesh_97011813412283
v 0.087734 0.926562 -0.061960
v 0.086921 0.793167 -0.061828
v 0.138209 0.822363 -0.099614
v 0.250072 0.793167 -0.062071
v 0.291488 0.822363 -0.099614
v 0.143021 0.944313 -0.099614
v -0.015896 1.060703 -0.061868
v -0.015896 1.140631 -0.099614
v 0.143021 0.944313 -0.099614
v -0.015896 1.060703 -0.137360
v -0.015896 1.140631 -0.099614
v 0.087734 0.926562 -0.137268
v 0.138209 0.822363 -0.099614
v 0.086921 0.793167 -0.137400
v 0.250072 0.793167 -0.137158
v 0.291488 0.822363 -0.099614
v 0.250072 0.793167 -0.062071
v 0.250072 0.663632 -0.062071
v 0.291488 0.634450 -0.099614
v 0.291488 0.822363 -0.099614
v 0.250072 0.419634 -0.062073
v 0.291469 0.557491 -0.099614
v 0.250072 0.529349 -0.062073
v 0.291469 0.391405 -0.099614
v 0.291469 0.557491 -0.099614
v 0.250072 0.419634 -0.137156
v 0.250072 0.529349 -0.137156
v 0.291469 0.391405 -0.099614
v 0.250072 0.793167 -0.137158
v 0.291488 0.634450 -0.099614
v 0.250072 0.663632 -0.137158
v 0.291488 0.822363 -0.099614
v -0.015896 1.060703 -0.137360
v -0.015896 -0.055062 -0.061950
v -0.015896 1.060703 -0.061868
v -0.015896 -0.055062 -0.137397
v -0.015896 1.140631 -0.099614
v 0.087055 0.529349 -0.061846
v 0.138191 0.634450 -0.099614
v 0.086939 0.663632 -0.061836
v 0.250072 0.663632 -0.062071
v 0.291488 0.634450 -0.099614
v 0.139536 0.557491 -0.099614
v 0.250072 0.529349 -0.062073
v 0.291469 0.557491 -0.099614
v 0.086939 0.663632 -0.137392
v 0.250072 0.663632 -0.137158
v 0.138191 0.634450 -0.099614
v 0.291488 0.634450 -0.099614
v 0.087055 0.529349 -0.137382
v 0.139536 0.557491 -0.099614
v 0.250072 0.529349 -0.137156
v 0.291469 0.557491 -0.099614
v -0.169405 -1.290786 -0.099614
v 0.099094 -1.246431 -0.137190
v 0.131071 -1.290786 -0.099614
v -0.137431 -1.246431 -0.137190
v 0.188182 -1.095445 -0.137221
v -0.226516 -1.095445 -0.137221
v 0.246490 -1.091731 -0.099614
v -0.284824 -1.091731 -0.099614
v 0.144145 -0.930398 -0.099614
v -0.182482 -0.930398 -0.099614
v 0.087237 -0.944959 -0.137396
v -0.125556 -0.944959 -0.137400
v 0.087192 -0.664493 -0.137396
v -0.125989 0.926610 -0.137287
v 0.143163 -0.662014 -0.099614
v -0.181356 0.944289 -0.099614
v -0.092694 0.968407 -0.137308
v -0.092694 1.051622 -0.099614
v 0.055979 -0.609031 -0.099614
v 0.000321 -0.605781 -0.137396
v 0.055652 -0.268501 -0.099614
v 0.000307 -0.256797 -0.137395
v 0.085787 -0.199786 -0.137393
v 0.152075 -0.209389 -0.099614
v 0.152075 0.391405 -0.099614
v 0.085787 0.419634 -0.137392
v 0.250072 0.419634 -0.137156
v 0.291469 0.391405 -0.099614
v 0.131071 -1.290786 -0.099614
v 0.188182 -1.095445 -0.062008
v 0.099094 -1.246431 -0.062039
v 0.246490 -1.091731 -0.099614
v -0.169405 -1.290786 -0.099614
v 0.144145 -0.930398 -0.099614
v -0.137431 -1.246431 -0.062039
v 0.087237 -0.944959 -0.061834
v -0.226516 -1.095445 -0.062007
v 0.087192 -0.664493 -0.061834
v -0.284824 -1.091731 -0.099614
v 0.143163 -0.662014 -0.099614
v -0.182482 -0.930398 -0.099614
v 0.055979 -0.609031 -0.099614
v -0.125556 -0.944959 -0.061829
v 0.000321 -0.605781 -0.061834
v -0.125989 0.926610 -0.061941
v 0.055652 -0.268501 -0.099614
v -0.181356 0.944289 -0.099614
v -0.092694 0.968407 -0.061920
v -0.092694 1.051622 -0.099614
v 0.000307 -0.256797 -0.061833
v 0.085787 -0.199786 -0.061836
v 0.152075 -0.209389 -0.099614
v 0.152075 0.391405 -0.099614
v 0.085787 0.419634 -0.061836
v 0.250072 0.419634 -0.062073
v 0.291469 0.391405 -0.099614
v 0.087237 -0.944959 -0.061834
v 0.099094 -1.246431 -0.062039
v 0.188182 -1.095445 -0.062008
v -0.125556 -0.944959 -0.061829
v 0.087192 -0.664493 -0.061834
v -0.137431 -1.246431 -0.062039
v -0.226516 -1.095445 -0.062007
v 0.000321 -0.605781 -0.061834
v -0.092694 -0.055062 -0.061833
v -0.125989 0.926610 -0.061941
v -0.092694 0.968407 -0.061920
v 0.000307 -0.256797 -0.061833
v -0.015896 -0.055062 -0.061950
v 0.085787 -0.199786 -0.061836
v 0.085787 0.419634 -0.061836
v 0.087055 0.529349 -0.061846
v 0.250072 0.419634 -0.062073
v 0.250072 0.529349 -0.062073
v -0.015896 1.060703 -0.061868
v 0.086939 0.663632 -0.061836
v 0.086921 0.793167 -0.061828
v 0.087734 0.926562 -0.061960
v 0.250072 0.793167 -0.062071
v 0.250072 0.663632 -0.062071
v 0.250072 0.793167 -0.137158
v 0.086939 0.663632 -0.137392
v 0.086921 0.793167 -0.137400
v 0.250072 0.663632 -0.137158
v -0.015896 1.060703 -0.137360
v 0.087734 0.926562 -0.137268
v 0.087055 0.529349 -0.137382
v -0.015896 -0.055062 -0.137397
v 0.250072 0.419634 -0.137156
v 0.250072 0.529349 -0.137156
v 0.085787 0.419634 -0.137392
v 0.085787 -0.199786 -0.137393
v 0.000307 -0.256797 -0.137395
v -0.092694 -0.055062 -0.137385
v 0.000321 -0.605781 -0.137396
v -0.092694 0.968407 -0.137308
v -0.125989 0.926610 -0.137287
v -0.125556 -0.944959 -0.137400
v 0.087192 -0.664493 -0.137396
v 0.087237 -0.944959 -0.137396
v 0.099094 -1.246431 -0.137190
v 0.188182 -1.095445 -0.137221
v -0.137431 -1.246431 -0.137190
v -0.226516 -1.095445 -0.137221
v -0.092694 -0.055062 -0.137385
v -0.015896 -0.055062 -0.061950
v -0.015896 -0.055062 -0.137397
v -0.092694 -0.055062 -0.061833
v -0.092694 -0.055062 -0.137385
v -0.092694 0.968407 -0.061920
v -0.092694 -0.055062 -0.061833
v -0.092694 0.968407 -0.137308
v -0.092694 1.051622 -0.099614
vn 0.5310 0.1810 0.8278
vn 0.4030 0.3530 0.8444
vn 0.3092 0.4879 0.8163
vn 0.4030 0.3529 0.8444
vn 0.0005 0.7900 0.6132
vn 0.0003 0.7898 0.6134
vn 0.5312 0.1782 0.8283
vn 0.5309 0.1810 0.8279
vn 0.5312 0.1783 0.8283
vn 0.4598 0.3649 0.8096
vn 0.5309 0.1812 0.8279
vn 0.5312 0.1783 -0.8283
vn 0.4598 0.3649 -0.8096
vn 0.5309 0.1811 -0.8279
vn 0.3092 0.4879 -0.8163
vn 0.5309 0.1810 -0.8279
vn 0.5312 0.1782 -0.8283
vn 0.4030 0.3530 -0.8444
vn 0.0005 0.7900 -0.6132
vn 0.4030 0.3529 -0.8444
vn 0.0005 0.7900 -0.6131
vn 0.6716 -0.0000 0.7409
vn 0.6716 0.0005 0.7409
vn 0.6716 0.0004 0.7409
vn 0.6718 -0.0000 0.7408
vn 0.6716 0.0004 -0.7409
vn 0.6716 0.0005 -0.7409
vn 0.6716 -0.0000 -0.7409
vn -1.0000 0.0003 0.0004
vn -1.0000 -0.0000 -0.0000
vn 0.4158 0.3580 0.8360
vn 0.3113 -0.4942 0.8117
vn 0.4089 -0.3572 0.8398
vn 0.0005 -0.7900 0.6131
vn 0.3062 0.5122 0.8024
vn 0.0005 0.8006 0.5992
vn 0.0005 0.8005 0.5993
vn 0.4089 -0.3572 -0.8398
vn 0.0005 -0.7900 -0.6131
vn 0.3113 -0.4942 -0.8117
vn 0.0004 -0.7899 -0.6133
vn 0.4159 0.3580 -0.8360
vn 0.4158 0.3580 -0.8360
vn 0.3062 0.5122 -0.8024
vn 0.0005 0.8006 -0.5992
vn -0.0000 0.8001 -0.5998
vn -0.2945 -0.4891 -0.8210
vn 0.2643 -0.5088 -0.8193
vn 0.2944 -0.4891 -0.8210
vn -0.2643 -0.5088 -0.8193
vn 0.5310 0.0003 -0.8474
vn 0.2945 -0.4890 -0.8210
vn 0.2644 -0.5087 -0.8193
vn -0.2947 -0.4890 -0.8210
vn -0.5309 0.0003 -0.8474
vn -0.2645 -0.5087 -0.8193
vn 0.5302 0.0150 -0.8477
vn 0.2946 -0.4890 -0.8210
vn 0.5309 0.0003 -0.8474
vn -0.2946 -0.4890 -0.8210
vn -0.5302 0.0148 -0.8477
vn 0.5309 0.0007 -0.8474
vn 0.5261 0.1628 -0.8347
vn 0.5302 0.0153 -0.8477
vn -0.5272 0.1626 -0.8340
vn -0.5309 0.0005 -0.8474
vn -0.5302 0.0153 -0.8477
vn 0.5261 0.1625 -0.8348
vn 0.5309 0.0004 -0.8474
vn 0.5280 0.1559 -0.8348
vn -0.5309 0.0004 -0.8474
vn -0.5293 0.1548 -0.8342
vn 0.5103 0.4145 -0.7535
vn 0.5281 0.1554 -0.8348
vn -0.5106 0.1880 -0.8390
vn 0.5419 0.2426 -0.8047
vn -0.5272 0.1625 -0.8340
vn -0.5126 0.1821 -0.8391
vn -0.5126 0.1822 -0.8391
vn -0.4468 0.3646 -0.8169
vn -0.5106 0.1881 -0.8390
vn -0.4468 0.3646 -0.8170
vn -0.4469 0.3646 -0.8169
vn 0.5085 0.4303 -0.7459
vn 0.5418 0.2427 -0.8047
vn 0.5487 0.2270 -0.8046
vn 0.5085 0.4302 -0.7459
vn 0.5103 0.4146 -0.7535
vn 0.4718 -0.3320 -0.8168
vn 0.4717 -0.3319 -0.8169
vn 0.5491 0.2268 -0.8044
vn 0.5037 -0.2398 -0.8299
vn 0.4379 -0.3397 -0.8324
vn 0.4717 -0.3321 -0.8168
vn 0.5036 -0.2401 -0.8299
vn 0.4379 -0.3395 -0.8325
vn 0.4654 -0.2165 -0.8582
vn 0.4380 -0.3393 -0.8325
vn 0.2457 -0.5184 -0.8191
vn 0.4655 -0.2165 -0.8582
vn 0.3708 -0.3033 -0.8778
vn 0.3708 -0.3032 -0.8778
vn 0.0005 -0.7997 -0.6004
vn 0.0004 -0.7996 -0.6005
vn 0.2945 -0.4890 0.8210
vn 0.5309 0.0003 0.8474
vn 0.2643 -0.5087 0.8194
vn 0.2946 -0.4890 0.8210
vn 0.5302 0.0148 0.8477
vn -0.2945 -0.4891 0.8210
vn 0.2943 -0.4892 0.8210
vn 0.2643 -0.5088 0.8193
vn 0.5302 0.0154 0.8477
vn 0.5261 0.1626 0.8348
vn 0.5309 0.0005 0.8474
vn -0.2944 -0.4890 0.8211
vn -0.2643 -0.5088 0.8193
vn 0.5280 0.1560 0.8348
vn 0.5309 0.0004 0.8474
vn 0.5260 0.1625 0.8348
vn -0.5309 0.0003 0.8474
vn -0.2948 -0.4890 0.8210
vn -0.2646 -0.5087 0.8193
vn 0.5103 0.4145 0.7535
vn 0.5280 0.1557 0.8348
vn 0.5261 0.1625 0.8348
vn -0.5302 0.0148 0.8477
vn -0.2946 -0.4890 0.8210
vn 0.5418 0.2426 0.8047
vn -0.5309 0.0005 0.8474
vn -0.5272 0.1626 0.8340
vn -0.5302 0.0153 0.8477
vn 0.5085 0.4303 0.7458
vn 0.5103 0.4146 0.7535
vn 0.5418 0.2427 0.8047
vn -0.5271 0.1628 0.8341
vn -0.5309 0.0004 0.8474
vn -0.5291 0.1548 0.8343
vn 0.5103 0.4146 0.7534
vn 0.5085 0.4302 0.7459
vn 0.5486 0.2270 0.8047
vn -0.5106 0.1879 0.8390
vn -0.5293 0.1548 0.8342
vn 0.4737 -0.3325 0.8155
vn 0.5487 0.2270 0.8046
vn 0.5067 0.4302 0.7471
vn -0.5272 0.1625 0.8340
vn -0.5106 0.1880 0.8390
vn -0.5128 0.1820 0.8390
vn -0.4468 0.3646 0.8169
vn -0.5126 0.1822 0.8391
vn -0.5106 0.1881 0.8390
vn -0.4468 0.3646 0.8170
vn 0.5486 0.2268 0.8047
vn 0.4717 -0.3320 0.8168
vn 0.5038 -0.2397 0.8299
vn 0.4379 -0.3395 0.8325
vn 0.5036 -0.2400 0.8299
vn 0.4717 -0.3321 0.8168
vn 0.4655 -0.2165 0.8582
vn 0.2457 -0.5184 0.8191
vn 0.4380 -0.3393 0.8325
vn 0.4380 -0.3394 0.8325
vn 0.3708 -0.3033 0.8778
vn 0.0005 -0.7997 0.6004
vn 0.3707 -0.3034 0.8778
vn 0.0004 -0.7997 0.6004
vn -0.0004 0.0003 1.0000
vn -0.0004 0.0001 1.0000
vn -0.0005 0.0002 1.0000
vn -0.0005 0.0003 1.0000
vn -0.0007 0.0001 1.0000
vn -0.0004 0.0002 1.0000
vn -0.0002 0.0004 1.0000
vn -0.0003 0.0006 1.0000
vn -0.0011 -0.0000 1.0000
vn -0.0006 0.0004 1.0000
vn -0.0005 0.0004 1.0000
vn -0.0006 -0.0001 1.0000
vn -0.0005 -0.0001 1.0000
vn -0.0004 0.0004 1.0000
vn 0.0006 0.0003 -1.0000
vn 0.0005 0.0003 -1.0000
vn 0.0003 0.0003 -1.0000
vn 0.0006 0.0004 -1.0000
vn 0.0004 0.0003 -1.0000
vn 0.0007 0.0003 -1.0000
vn 0.0007 0.0004 -1.0000
vn 0.0003 0.0004 -1.0000
vn 0.0004 0.0004 -1.0000
vn 0.0004 0.0002 -1.0000
vn 0.0005 0.0002 -1.0000
vn 0.0004 0.0001 -1.0000
vn 0.0005 1.0000 0.0005
vn 0.0003 1.0000 0.0003
vn 1.0000 -0.0000 -0.0000
vn 1.0000 0.0003 0.0004
vt 0.000000 0.000000
s 0
f 1257/3/1051 1258/3/1052 1259/3/1053
f 1258/3/1054 1260/3/1055 1259/3/1053
f 1261/3/1056 1259/3/1053 1260/3/1056
f 1259/3/1053 1262/3/1057 1257/3/1058
f 1262/3/1059 1263/3/1060 1257/3/1061
f 1262/3/1059 1264/3/1060 1263/3/1060
f 1265/3/1062 1266/3/1063 1267/3/1063
f 1266/3/1063 1265/3/1062 1268/3/1064
f 1269/3/1065 1268/3/1066 1265/3/1067
f 1268/3/1066 1269/3/1065 1270/3/1068
f 1269/3/1065 1271/3/1069 1270/3/1070
f 1271/3/1071 1269/3/1065 1272/3/1071
f 1273/3/1072 1274/3/1072 1275/3/1072
f 1275/3/1073 1276/3/1073 1273/3/1073
f 1277/3/1074 1278/3/1074 1279/3/1074
f 1278/3/1075 1277/3/1075 1280/3/1075
f 1281/3/1076 1282/3/1076 1283/3/1076
f 1281/3/1076 1284/3/1076 1282/3/1076
f 1285/3/1077 1286/3/1077 1287/3/1077
f 1286/3/1078 1285/3/1078 1288/3/1078
f 1289/3/1079 1290/3/1079 1291/3/1079
f 1290/3/1080 1289/3/1080 1292/3/1080
f 1291/3/1079 1293/3/1079 1289/3/1079
f 1294/3/1081 1295/3/1082 1296/3/1083
f 1295/3/1082 1297/3/1084 1296/3/1083
f 1297/3/1084 1295/3/1082 1298/3/1084
f 1295/3/1082 1294/3/1081 1299/3/1085
f 1294/3/1081 1300/3/1086 1299/3/1085
f 1301/3/1087 1299/3/1085 1300/3/1087
f 1302/3/1088 1303/3/1089 1304/3/1090
f 1304/3/1090 1303/3/1091 1305/3/1091
f 1304/3/1090 1306/3/1092 1302/3/1088
f 1306/3/1093 1304/3/1090 1307/3/1094
f 1307/3/1094 1308/3/1095 1306/3/1093
f 1308/3/1096 1307/3/1094 1309/3/1096
f 1310/3/1097 1311/3/1098 1312/3/1099
f 1311/3/1098 1310/3/1097 1313/3/1100
f 1314/3/1101 1312/3/1102 1311/3/1103
f 1310/3/1104 1315/3/1105 1313/3/1106
f 1316/3/1107 1312/3/1108 1314/3/1109
f 1315/3/1105 1310/3/1110 1317/3/1111
f 1314/3/1112 1318/3/1113 1316/3/1114
f 1319/3/1115 1315/3/1116 1317/3/1117
f 1318/3/1118 1314/3/1119 1320/3/1120
f 1315/3/1121 1319/3/1115 1321/3/1122
f 1322/3/1123 1318/3/1118 1320/3/1124
f 1319/3/1115 1323/3/1125 1321/3/1122
f 1318/3/1118 1322/3/1123 1324/3/1126
f 1323/3/1125 1319/3/1127 1325/3/1128
f 1325/3/1129 1326/3/1130 1323/3/1131
f 1326/3/1132 1325/3/1129 1327/3/1133
f 1328/3/1134 1324/3/1135 1322/3/1123
f 1329/3/1136 1328/3/1137 1322/3/1138
f 1329/3/1136 1330/3/1139 1328/3/1137
f 1330/3/1140 1329/3/1141 1331/3/1142
f 1332/3/1143 1330/3/1144 1331/3/1145
f 1330/3/1144 1332/3/1146 1333/3/1147
f 1332/3/1148 1334/3/1149 1333/3/1150
f 1334/3/1149 1332/3/1148 1335/3/1151
f 1335/3/1152 1336/3/1153 1334/3/1149
f 1334/3/1149 1336/3/1154 1337/3/1154
f 1338/3/1155 1339/3/1156 1340/3/1157
f 1339/3/1156 1338/3/1158 1341/3/1159
f 1342/3/1160 1338/3/1161 1340/3/1162
f 1341/3/1163 1343/3/1164 1339/3/1165
f 1342/3/1166 1340/3/1162 1344/3/1167
f 1345/3/1168 1339/3/1169 1343/3/1170
f 1346/3/1171 1342/3/1172 1344/3/1173
f 1347/3/1174 1345/3/1175 1343/3/1176
f 1348/3/1177 1342/3/1178 1346/3/1171
f 1343/3/1176 1349/3/1179 1347/3/1174
f 1346/3/1180 1350/3/1181 1348/3/1182
f 1351/3/1183 1347/3/1184 1349/3/1185
f 1350/3/1186 1346/3/1187 1352/3/1188
f 1347/3/1189 1351/3/1190 1353/3/1191
f 1354/3/1192 1350/3/1181 1352/3/1193
f 1355/3/1194 1353/3/1195 1351/3/1196
f 1350/3/1197 1354/3/1198 1356/3/1199
f 1357/3/1200 1356/3/1201 1354/3/1202
f 1356/3/1201 1357/3/1203 1358/3/1203
f 1353/3/1204 1355/3/1205 1359/3/1206
f 1360/3/1207 1359/3/1208 1355/3/1209
f 1355/3/1209 1361/3/1210 1360/3/1207
f 1362/3/1211 1360/3/1212 1361/3/1210
f 1360/3/1213 1362/3/1211 1363/3/1214
f 1362/3/1211 1364/3/1215 1363/3/1216
f 1364/3/1217 1362/3/1211 1365/3/1217
f 1366/3/1218 1367/3/1218 1368/3/1218
f 1367/3/1218 1366/3/1218 1369/3/1218
f 1370/3/1218 1369/3/1218 1366/3/1218
f 1367/3/1219 1369/3/1219 1371/3/1219
f 1369/3/1220 1372/3/1220 1371/3/1220
f 1369/3/1218 1370/3/1218 1373/3/1218
f 1374/3/1218 1369/3/1218 1373/3/1218
f 1375/3/1221 1369/3/1221 1374/3/1221
f 1374/3/1222 1376/3/1222 1375/3/1222
f 1377/3/1223 1374/3/1223 1373/3/1223
f 1374/3/1224 1377/3/1224 1378/3/1224
f 1379/3/1225 1378/3/1225 1377/3/1225
f 1379/3/1226 1380/3/1226 1378/3/1226
f 1381/3/1227 1378/3/1227 1380/3/1227
f 1382/3/1228 1381/3/1228 1380/3/1228
f 1381/3/1224 1382/3/1224 1383/3/1224
f 1381/3/1229 1384/3/1229 1378/3/1229
f 1385/3/1229 1384/3/1229 1381/3/1229
f 1386/3/1230 1384/3/1230 1385/3/1230
f 1384/3/1231 1386/3/1231 1387/3/1231
f 1385/3/1228 1388/3/1228 1386/3/1228
f 1388/3/1231 1385/3/1231 1389/3/1231
f 1390/3/1232 1391/3/1232 1392/3/1232
f 1391/3/1233 1390/3/1233 1393/3/1233
f 1394/3/1234 1392/3/1234 1391/3/1234
f 1392/3/1235 1394/3/1235 1395/3/1235
f 1394/3/1236 1391/3/1236 1396/3/1236
f 1396/3/1236 1397/3/1236 1394/3/1236
f 1398/3/1237 1396/3/1237 1399/3/1237
f 1396/3/1238 1398/3/1238 1400/3/1238
f 1397/3/1236 1396/3/1236 1400/3/1236
f 1400/3/1236 1401/3/1236 1397/3/1236
f 1402/3/1236 1397/3/1236 1401/3/1236
f 1397/3/1234 1402/3/1234 1403/3/1234
f 1404/3/1236 1403/3/1236 1402/3/1236
f 1405/3/1239 1403/3/1239 1406/3/1239
f 1407/3/1240 1406/3/1240 1403/3/1240
f 1407/3/1241 1403/3/1241 1404/3/1241
f 1408/3/1236 1407/3/1236 1404/3/1236
f 1407/3/1236 1408/3/1236 1409/3/1236
f 1410/3/1233 1407/3/1233 1409/3/1233
f 1410/3/1242 1409/3/1242 1411/3/1242
f 1407/3/1243 1410/3/1243 1412/3/1243
f 1407/3/1236 1412/3/1236 1413/3/1236
f 1414/3/1244 1415/3/1244 1416/3/1244
f 1415/3/1245 1414/3/1245 1417/3/1245
f 1418/3/1246 1419/3/1246 1420/3/1246
f 1419/3/1246 1418/3/1246 1421/3/1246
f 1419/3/1247 1421/3/1247 1422/3/1247
